
{
	"Actual comparisons performed" :6950385,
	"Comparisons accounting for copy numbers " :5.57111e+07,
	"Total comparisons possible" : 10748566,
	"Links found" : 11954247,
	"Maximum distance" : 0.353649,
	"Mean distance" : 0.0460013,
	"Histogram" : [[0.005,5268501],[0.01,6685746],[0.015,6705402],[0.02,4043192],[0.025,2008417],[0.03,2021690],[0.035,1593674],[0.04,1395263],[0.045,1115108],[0.05,772132],[0.055,868914],[0.06,1684508],[0.065,2269127],[0.07,1636153],[0.075,1571024],[0.08,1344754],[0.085,2588310],[0.09,5515818],[0.095,2575534],[0.1,1020470],[0.105,565153],[0.11,368583],[0.115,289922],[0.12,227504],[0.125,183260],[0.13,130799],[0.135,125010],[0.14,92906],[0.145,99926],[0.15,64356],[0.155,47078],[0.16,53875],[0.165,47557],[0.17,41524],[0.175,37522],[0.18,35877],[0.185,23153],[0.19,13237],[0.195,11512],[0.2,26201],[0.205,45324],[0.21,67447],[0.215,119317],[0.22,101153],[0.225,102263],[0.23,52358],[0.235,24935],[0.24,9186],[0.245,6547],[0.25,5880],[0.255,3474],[0.26,947],[0.265,777],[0.27,601],[0.275,400],[0.28,336],[0.285,287],[0.29,261],[0.295,144],[0.3,209],[0.305,195],[0.31,119],[0.315,60],[0.32,67],[0.325,67],[0.33,30],[0.335,22],[0.34,3],[0.345,17],[0.35,17],[0.355,2],[0.36,0],[0.365,0],[0.37,0],[0.375,0],[0.38,0],[0.385,0],[0.39,0],[0.395,0],[0.4,0],[0.405,0],[0.41,0],[0.415,0],[0.42,0],[0.425,0],[0.43,0],[0.435,0],[0.44,0],[0.445,0],[0.45,0],[0.455,0],[0.46,0],[0.465,0],[0.47,0],[0.475,0],[0.48,0],[0.485,0],[0.49,0],[0.495,0],[0.5,0],[0.505,0],[0.51,0],[0.515,0],[0.52,0],[0.525,0],[0.53,0],[0.535,0],[0.54,0],[0.545,0],[0.55,0],[0.555,0],[0.56,0],[0.565,0],[0.57,0],[0.575,0],[0.58,0],[0.585,0],[0.59,0],[0.595,0],[0.6,0],[0.605,0],[0.61,0],[0.615,0],[0.62,0],[0.625,0],[0.63,0],[0.635,0],[0.64,0],[0.645,0],[0.65,0],[0.655,0],[0.66,0],[0.665,0],[0.67,0],[0.675,0],[0.68,0],[0.685,0],[0.69,0],[0.695,0],[0.7,0],[0.705,0],[0.71,0],[0.715,0],[0.72,0],[0.725,0],[0.73,0],[0.735,0],[0.74,0],[0.745,0],[0.75,0],[0.755,0],[0.76,0],[0.765,0],[0.77,0],[0.775,0],[0.78,0],[0.785,0],[0.79,0],[0.795,0],[0.8,0],[0.805,0],[0.81,0],[0.815,0],[0.82,0],[0.825,0],[0.83,0],[0.835,0],[0.84,0],[0.845,0],[0.85,0],[0.855,0],[0.86,0],[0.865,0],[0.87,0],[0.875,0],[0.88,0],[0.885,0],[0.89,0],[0.895,0],[0.9,0],[0.905,0],[0.91,0],[0.915,0],[0.92,0],[0.925,0],[0.93,0],[0.935,0],[0.94,0],[0.945,0],[0.95,0],[0.955,0],[0.96,0],[0.965,0],[0.97,0],[0.975,0],[0.98,0],[0.985,0],[0.99,0],[0.995,0],[1,0]]
}
