{
 "180-390": {
  "BranchLength": {
   "NS": 0, 
   "S": 0.005785333099375463
  }, 
  "Diversity": {
   "NS": 0, 
   "S": 0.01045052523046392
  }, 
  "Tree": {
   "Combined": "((((((((((((((((cluster_0_543:0.005624388298326797,cluster_1_5765:0.005552370989114118)Node15:0,cluster_2_1143:0.01138262478834448)Node14:0,cluster_3_404:0.01147035308279446)Node13:0,cluster_4_129:0.00555288652719203)Node12:0,(cluster_5_275:0.01727966088468376,cluster_6_2629:0)Node21:0)Node11:0,cluster_8_247:0.01753248523023504)Node10:0,cluster_9_180:0.01741699498437162)Node9:0,cluster_10_108:0.01139244013494279)Node8:0,cluster_13_402:0.005622974098771015)Node7:0,cluster_14_201:0.005515042969541275)Node6:0,cluster_15_374:0.01123800924777869)Node5:0,cluster_16_173:0.01765172448601289)Node4:0,cluster_18_148:0.005515939142640462)Node3:0,cluster_19_36:0.01146739182378442)Node2:0,cluster_20_77:0.005515939143853702)Node1:0,cluster_21_154:0.03116919331310183,cluster_22_61:0.005586239332651805)", 
   "NS": "((((((((((((((((cluster_0_543:0,cluster_1_5765:0)Node15:0,cluster_2_1143:0)Node14:0,cluster_3_404:0)Node13:0,cluster_4_129:0)Node12:0,(cluster_5_275:0,cluster_6_2629:0)Node21:0)Node11:0,cluster_8_247:0)Node10:0,cluster_9_180:0)Node9:0,cluster_10_108:0)Node8:0,cluster_13_402:0)Node7:0,cluster_14_201:0)Node6:0,cluster_15_374:0)Node5:0,cluster_16_173:0)Node4:0,cluster_18_148:0)Node3:0,cluster_19_36:0)Node2:0,cluster_20_77:0)Node1:0,cluster_21_154:0,cluster_22_61:0)", 
   "S": "((((((((((((((((cluster_0_543:0.005624388298326797,cluster_1_5765:0.005552370989114118)Node15:0,cluster_2_1143:0.01138262478834448)Node14:0,cluster_3_404:0.01147035308279446)Node13:0,cluster_4_129:0.00555288652719203)Node12:0,(cluster_5_275:0.01727966088468376,cluster_6_2629:0)Node21:0)Node11:0,cluster_8_247:0.01753248523023504)Node10:0,cluster_9_180:0.01741699498437162)Node9:0,cluster_10_108:0.01139244013494279)Node8:0,cluster_13_402:0.005622974098771015)Node7:0,cluster_14_201:0.005515042969541275)Node6:0,cluster_15_374:0.01123800924777869)Node5:0,cluster_16_173:0.01765172448601289)Node4:0,cluster_18_148:0.005515939142640462)Node3:0,cluster_19_36:0.01146739182378442)Node2:0,cluster_20_77:0.005515939143853702)Node1:0,cluster_21_154:0.03116919331310183,cluster_22_61:0.005586239332651805)"
  }, 
  "omega": 0
 }, 
 "180-429": {
  "BranchLength": {
   "NS": 0.0005878042631076852, 
   "S": 0.004215371633592948
  }, 
  "Diversity": {
   "NS": 0.001480667773329504, 
   "S": 0.01000044963936308
  }, 
  "Tree": {
   "Combined": "((((((((((((((((((((((((((((cluster_0_4436:0,cluster_1_149:0.01950208195609766)Node27:0,cluster_2_348:0.004701529355055839)Node26:0.004650618796091317,cluster_3_408:0.004661200921205242)Node25:0,cluster_4_101:0.004621043244614351)Node24:0,cluster_5_214:0.01416746562355777)Node23:0,cluster_6_487:0.009491981500221014)Node22:0,cluster_7_658:0.004663580988301044)Node21:0,cluster_9_211:0.01428813995951428)Node20:0,cluster_10_119:0.01432173817765869)Node19:0,cluster_11_51:0.0237798023236494)Node18:0,cluster_12_1514:0)Node17:0,cluster_15_783:0.009379955816674794)Node16:0,(cluster_19_323:0.00466120091677976,cluster_21_65:0.008597816160658031)Node41:0)Node15:0,cluster_23_87:0.009567861488001988)Node14:0,cluster_24_290:0.009358136464531442)Node13:0,cluster_26_149:0.004603340461572969)Node12:0.003984451703360544,(cluster_27_40:0.004579903785757843,cluster_28_59:0.004577609068358005)Node47:0)Node11:0,cluster_30_102:0.00456716037883722)Node10:0.003984451702939248,cluster_32_115:0.004599867491709422)Node9:0,cluster_34_67:0.003941093245276692)Node8:0,cluster_37_133:0.01435427884931237)Node7:0,cluster_43_66:0.01327893303480156)Node6:0,cluster_48_48:0.004640185091143902)Node5:0,cluster_50_80:0.003984893153744591)Node4:0,cluster_52_51:0.01268072097608911)Node3:0,cluster_54_104:0.03005873073956642)Node2:0,cluster_58_40:0.004700132092246696)Node1:0,cluster_82_36:0.004599770364980446,cluster_88_81:0.009444053866429049)", 
   "NS": "((((((((((((((((((((((((((((cluster_0_4436:0,cluster_1_149:0)Node27:0,cluster_2_348:0)Node26:0,cluster_3_408:0)Node25:0,cluster_4_101:0)Node24:0,cluster_5_214:0)Node23:0,cluster_6_487:0)Node22:0,cluster_7_658:0)Node21:0,cluster_9_211:0)Node20:0,cluster_10_119:0)Node19:0,cluster_11_51:0.00403002139719558)Node18:0,cluster_12_1514:0)Node17:0,cluster_15_783:0)Node16:0,(cluster_19_323:0,cluster_21_65:0.003968120044801568)Node41:0)Node15:0,cluster_23_87:0)Node14:0,cluster_24_290:0)Node13:0,cluster_26_149:0)Node12:0.003984451703360544,(cluster_27_40:0,cluster_28_59:0)Node47:0)Node11:0,cluster_30_102:0)Node10:0.003984451702939248,cluster_32_115:0)Node9:0,cluster_34_67:0.003941093245276692)Node8:0,cluster_37_133:0)Node7:0,cluster_43_66:0.003985072363014393)Node6:0,cluster_48_48:0)Node5:0,cluster_50_80:0.003984893153744591)Node4:0,cluster_52_51:0.007977956439236183)Node3:0,cluster_54_104:0)Node2:0,cluster_58_40:0)Node1:0,cluster_82_36:0,cluster_88_81:0)", 
   "S": "((((((((((((((((((((((((((((cluster_0_4436:0,cluster_1_149:0.01950208195609766)Node27:0,cluster_2_348:0.004701529355055839)Node26:0.004650618796091317,cluster_3_408:0.004661200921205242)Node25:0,cluster_4_101:0.004621043244614351)Node24:0,cluster_5_214:0.01416746562355777)Node23:0,cluster_6_487:0.009491981500221014)Node22:0,cluster_7_658:0.004663580988301044)Node21:0,cluster_9_211:0.01428813995951428)Node20:0,cluster_10_119:0.01432173817765869)Node19:0,cluster_11_51:0.01974978092645381)Node18:0,cluster_12_1514:0)Node17:0,cluster_15_783:0.009379955816674794)Node16:0,(cluster_19_323:0.00466120091677976,cluster_21_65:0.004629696115856463)Node41:0)Node15:0,cluster_23_87:0.009567861488001988)Node14:0,cluster_24_290:0.009358136464531442)Node13:0,cluster_26_149:0.004603340461572969)Node12:0,(cluster_27_40:0.004579903785757843,cluster_28_59:0.004577609068358005)Node47:0)Node11:0,cluster_30_102:0.00456716037883722)Node10:0,cluster_32_115:0.004599867491709422)Node9:0,cluster_34_67:0)Node8:0,cluster_37_133:0.01435427884931237)Node7:0,cluster_43_66:0.009293860671787172)Node6:0,cluster_48_48:0.004640185091143902)Node5:0,cluster_50_80:0)Node4:0,cluster_52_51:0.004702764536852921)Node3:0,cluster_54_104:0.03005873073956642)Node2:0,cluster_58_40:0.004700132092246696)Node1:0,cluster_82_36:0.004599770364980446,cluster_88_81:0.009444053866429049)"
  }, 
  "omega": 0.05556335722674476
 }, 
 "210-420": {
  "BranchLength": {
   "NS": 0.0004729268823401672, 
   "S": 0.005074650794789027
  }, 
  "Diversity": {
   "NS": 0.0003678077269680338, 
   "S": 0.01127568746375144
  }, 
  "Tree": {
   "Combined": "(((((((((((((((((((((((cluster_0_4807:0,cluster_1_139:0.02252869085086537)Node22:0,cluster_2_346:0.005375650057548646)Node21:0.005326693252154368,cluster_3_473:0.005353528529602746)Node20:0,cluster_4_99:0.00530149183885064)Node19:0,cluster_5_231:0.01632534561185765)Node18:0,cluster_6_513:0.01090593214100776)Node17:0,cluster_7_696:0.005355195551122938)Node16:0,(cluster_9_225:0.005494329467321465,cluster_10_135:0.005374261096821513)Node31:0.01094083774356719)Node15:0,cluster_11_56:0.02764950198198328)Node14:0,cluster_12_1663:0)Node13:0,cluster_15_871:0.01079374439333387)Node12:0,(cluster_19_342:0.005353528527315341,cluster_21_73:0.01009799828534145)Node37:0)Node11:0,cluster_24_175:0.0110306997491393)Node10:0,cluster_26_174:0.005277518701854071)Node9:0,cluster_27_60:0.005413963868130808)Node8:0,cluster_30_121:0.005275093788347129)Node7:0,cluster_31_81:0.00964637416679889)Node6:0,cluster_34_148:0.01657543810832634)Node5:0,cluster_40_53:0.005328335992173395)Node4:0.005326049083862363,cluster_44_169:0.004769802958334866)Node3:0,cluster_46_108:0.02866378694719863)Node2:0,cluster_51_32:0.0227435748406055)Node1:0,cluster_55_33:0.005347550474471437,cluster_71_99:0.005351543525651991)",