{
 "117-528": {
  "BranchLength": {
   "NS": 0.007622446525121619, 
   "S": 0.004779985655907984
  }, 
  "Diversity": {
   "NS": 0.05833863065240075, 
   "S": 0.0261665709832607
  }, 
  "Tree": {
   "Combined": "(((((((((((((((((((((((((((((((cluster_2_16:0,cluster_3_102:0.002529132980398486)Node30:0.005000240416269443,cluster_4_274:0.03612707278557317)Node29:0,cluster_7_197:0.06394026838163175)Node28:0,cluster_9_19:0.01276002393289526)Node27:0.007611511048981439,cluster_17_13:0.005090812773901094)Node26:0.004984451935850739,cluster_21_32:0.03389620023775727)Node25:0,cluster_25_67:0.02094732288040692)Node24:0,cluster_31_36:0.03948926949308684)Node23:0.007494347070626013,cluster_36_10:0.02860781912334007)Node22:0,cluster_42_62:0.007692799522441452)Node21:0,cluster_44_23:0)Node20:0.02572086460119438,cluster_47_11:0.002523098071720103)Node19:0.007676358742356297,cluster_49_16:0.0258744012700681)Node18:0,cluster_62_14:0.01274727592126889)Node17:0,cluster_64_102:0.02388344110604382)Node16:0,(cluster_65_114:0.02585166228190138,cluster_71_17:0.02882444089647799)Node47:0)Node15:0,cluster_89_22:0.03473314638449704)Node14:0,cluster_106_11:0.01561390030209667)Node13:0,cluster_108_31:0.03725080172594183)Node12:0,(cluster_121_36:0.002510665118946702,cluster_127_13:0.01562053872567334)Node53:0)Node11:0,cluster_129_11:0.08134736954882869)Node10:0,cluster_158_26:0.002545304692557412)Node9:0.02360143069058604,cluster_169_48:0.007610980635863021)Node8:0.0207147423023258,cluster_193_28:0.002562094044724638)Node7:0,cluster_250_17:0.007662404629217406)Node6:0,cluster_276_12:0.02933326744472467)Node5:0,cluster_281_11:0.01801621206826149)Node4:0,cluster_298_15:0.02691938206175658)Node3:0,cluster_302_10:0.01540799326488392)Node2:0,cluster_325_14:0.02643233591818727)Node1:0,cluster_336_10:0.02317217008746282,cluster_472_12:0.0106354010082571)", 
   "NS": "(((((((((((((((((((((((((((((((cluster_2_16:0,cluster_3_102:0)Node30:0,cluster_4_274:0.02711143192782736)Node29:0,cluster_7_197:0.05099472204734956)Node28:0,cluster_9_19:0.002539979574257026)Node27:0.007611511048981439,cluster_17_13:0)Node26:0.004984451935850739,cluster_21_32:0.02618052323899904)Node25:0,cluster_25_67:0.007801417275780455)Node24:0,cluster_31_36:0.02336569959635623)Node23:0.004983328019209893,cluster_36_10:0.02350169930816031)Node22:0,cluster_42_62:0.0025770360618166)Node21:0,cluster_44_23:0)Node20:0.02322086857972736,cluster_47_11:0.002523098071720103)Node19:0,cluster_49_16:0.01804109094382381)Node18:0,cluster_62_14:0.007600906480835746)Node17:0,cluster_64_102:0.005036309083602176)Node16:0,(cluster_65_114:0.02328061447896365,cluster_71_17:0.01019165825953012)Node47:0)Node15:0,cluster_89_22:0.02837817730551104)Node14:0,cluster_106_11:0.002510766630731041)Node13:0,cluster_108_31:0.02795560965813244)Node12:0,(cluster_121_36:0.002510665118946702,cluster_127_13:0.005034362309048427)Node53:0)Node11:0,cluster_129_11:0.05969967956471884)Node10:0,cluster_158_26:0)Node9:0.007630117799579623,cluster_169_48:0.005068035684152729)Node8:0.0207147423023258,cluster_193_28:0)Node7:0,cluster_250_17:0.007662404629217406)Node6:0,cluster_276_12:0.007732559466305682)Node5:0,cluster_281_11:0.01801621206826149)Node4:0,cluster_298_15:0.00511491625320928)Node3:0,cluster_302_10:0.0102284065793408)Node2:0,cluster_325_14:0.007728745793412686)Node1:0,cluster_336_10:0.02317217008746282,cluster_472_12:0)", 
   "S": "(((((((((((((((((((((((((((((((cluster_2_16:0,cluster_3_102:0.002529132980398486)Node30:0.005000240416269443,cluster_4_274:0.009015640857745815)Node29:0,cluster_7_197:0.01294554633428221)Node28:0,cluster_9_19:0.01022004435863824)Node27:0,cluster_17_13:0.005090812773901094)Node26:0,cluster_21_32:0.007715676998758227)Node25:0,cluster_25_67:0.01314590560462646)Node24:0,cluster_31_36:0.01612356989673061)Node23:0.00251101905141612,cluster_36_10:0.005106119815179754)Node22:0,cluster_42_62:0.00511576346062485)Node21:0,cluster_44_23:0)Node20:0.00249999602146703,cluster_47_11:0)Node19:0.007676358742356297,cluster_49_16:0.007833310326244297)Node18:0,cluster_62_14:0.00514636944043314)Node17:0,cluster_64_102:0.01884713202244164)Node16:0,(cluster_65_114:0.002571047802937711,cluster_71_17:0.01863278263694786)Node47:0)Node15:0,cluster_89_22:0.006354969078986006)Node14:0,cluster_106_11:0.01310313367136563)Node13:0,cluster_108_31:0.009295192067809413)Node12:0,(cluster_121_36:0,cluster_127_13:0.01058617641662492)Node53:0)Node11:0,cluster_129_11:0.02164768998410982)Node10:0,cluster_158_26:0.002545304692557412)Node9:0.01597131289100641,cluster_169_48:0.00254294495171029)Node8:0,cluster_193_28:0.002562094044724638)Node7:0,cluster_250_17:0)Node6:0,cluster_276_12:0.021600707978419)Node5:0,cluster_281_11:0)Node4:0,cluster_298_15:0.02180446580854729)Node3:0,cluster_302_10:0.005179586685543114)Node2:0,cluster_325_14:0.01870359012477459)Node1:0,cluster_336_10:0,cluster_472_12:0.0106354010082571)"
  }, 
  "omega": 0.5179110474782437
 }, 
 "120-330": {
  "BranchLength": {
   "NS": 0.004436398390189119, 
   "S": 0.007053835215728194
  }, 
  "Diversity": {
   "NS": 0.02452251806319689, 
   "S": 0.03696768644466186
  }, 
  "Tree": {
   "Combined": "(((((((((((((cluster_2_39:0,cluster_3_543:0.004681462101133042)Node12:0.01437686103388774,cluster_4_675:0.01922605903101784)Node11:0,cluster_7_345:0.05090600269512935)Node10:0,cluster_9_65:0.02936868572877083)Node9:0.004610464194432263,cluster_14_59:0.004668493908548008)Node8:0.005042062518061668,cluster_17_82:0.03026534428376636)Node7:0.009462064871714696,cluster_18_34:0.004863154805515504)Node6:0.01475538160257351,cluster_24_103:0)Node5:0.004795233515727344,cluster_25_37:0)Node4:0.03449379245015474,cluster_32_121:0.009391311130728183)Node3:0,cluster_33_90:0)Node2:0.01433295095279447,cluster_36_97:0.004702375059136618)Node1:0.00484520857660306,cluster_37_50:0,cluster_47_60:0.04544939890007222)", 
   "NS": "(((((((((((((cluster_2_39:0,cluster_3_543:0)Node12:0,cluster_4_675:0.009771346617240511)Node11:0,cluster_7_345:0.04611981485003513)Node10:0,cluster_9_65:0.004850964428879543)Node9:0,cluster_14_59:0)Node8:0.005042062518061668,cluster_17_82:0.02003917150953261)Node7:0.004708011479830371,cluster_18_34:0.004863154805515504)Node6:0,cluster_24_103:0)Node5:0,cluster_25_37:0)Node4:0.00975855926999873,cluster_32_121:0)Node3:0,cluster_33_90:0)Node2:0,cluster_36_97:0)Node1:0.00484520857660306,cluster_37_50:0,cluster_47_60:0.009784462479409109)", 
   "S": "(((((((((((((cluster_2_39:0,cluster_3_543:0.004681462101133042)Node12:0.01437686103388774,cluster_4_675:0.009454712413777339)Node11:0,cluster_7_345:0.004786187845094225)Node10:0,cluster_9_65:0.0245177212998913)Node9:0.004610464194432263,cluster_14_59:0.004668493908548008)Node8:0,cluster_17_82:0.01022617277423376)Node7:0.004754053391884328,cluster_18_34:0)Node6:0.01475538160257351,cluster_24_103:0)Node5:0.004795233515727344,cluster_25_37:0)Node4:0.02473523318015601,cluster_32_121:0.009391311130728183)Node3:0,cluster_33_90:0)Node2:0.01433295095279447,cluster_36_97:0.004702375059136618)Node1:0,cluster_37_50:0,cluster_47_60:0.0356649364206631)"
  }, 
  "omega": 0.2333446449195344
 }, 
 "150-360": {
  "BranchLength": {
   "NS": 0.005847432072448809, 
   "S": 0.005655710861464215
  }, 
  "Diversity": {
   "NS": 0.02096576029948291, 
   "S": 0.02864675324512617
  }, 
  "Tree": {
   "Combined": "(((((((((((((cluster_1_35:0,cluster_2_507:0.004894154454344915)Node12:0.02536084200649448,cluster_3_631:0.01039653490865319)Node11:0.004819140930900649,cluster_5_267:0.04163506332439357)Node10:0,cluster_9_61:0.03615256827630932)Node9:0.0100505204270186,cluster_11_51:0.01484039724438751)Node8:0,cluster_13_72:0.03614959160544918)Node7:0,cluster_14_42:0.009994902393803053)Node6:0,cluster_21_93:0.02109847922002162)Node5:0.01499296997429072,cluster_26_112:0.004986984128308323)Node4:0.004856554228409078,cluster_28_108:0.02039188745776712)Node3:0,cluster_29_82:0)Node2:0.01997543234302925,cluster_31_63:0)Node1:0,cluster_35_34:0.02510257641016173,cluster_51_32:0.004886259881909323)",