{
 "117-528": {
  "BranchLength": {
   "NS": 0.00885968954542707, 
   "S": 0.004251573839542759
  }, 
  "Diversity": {
   "NS": 0.04865001230974024, 
   "S": 0.02168135771670122
  }, 
  "Tree": {
   "Combined": "((((((((((((((((((((((((((((((((((((((cluster_0_831:0.005168786721825632,cluster_1_290:0.1186062209791688)Node37:0,cluster_6_147:0.007595609325949136)Node36:0,cluster_9_418:0.002546674289650655)Node35:0.006489392569213526,cluster_10_345:0.118058614340654)Node34:0,cluster_11_78:0.002637422411833986)Node33:0,cluster_12_115:0)Node32:0,cluster_20_40:0.1150047795125168)Node31:0.007809911157409551,cluster_24_68:0.002494258045025241)Node30:0,cluster_26_61:0.005113319793434588)Node29:0.002561579360341474,cluster_27_33:0.005283289207083101)Node28:0,cluster_29_28:0)Node27:0,cluster_32_16:0.002646588119900116)Node26:0,cluster_36_36:0.126400422203734)Node25:0,cluster_38_26:0.002641310451020138)Node24:0.004979136681137374,cluster_41_23:0)Node23:0,cluster_44_41:0.005240612762085226)Node22:0,cluster_51_29:0.0156501118454406)Node21:0,cluster_74_13:0.007790053220682248)Node20:0,cluster_78_18:0.00529346976745125)Node19:0,cluster_98_17:0.1231210404576442)Node18:0.005050945000327667,cluster_99_17:0.002607093760587727)Node17:0,cluster_102_13:0.002504348324427543)Node16:0,(cluster_108_64:0.005325061279596544,cluster_110_90:0.002622354464115761)Node61:0)Node15:0,cluster_127_23:0.00262231077085324)Node14:0,cluster_130_17:0.002498041048805963)Node13:0,cluster_132_16:0.002622939816675055)Node12:0.002566828973964156,(cluster_135_50:0.01027317539003035,cluster_145_69:0.005169136709914484)Node67:0)Node11:0,cluster_150_16:0.00530389609519435)Node10:0,cluster_151_14:0.007794894382576678)Node9:0,cluster_156_17:0.01056217917175968)Node8:0,cluster_159_46:0.005010509465922388)Node7:0,cluster_161_33:0.005283461803921884)Node6:0,cluster_229_19:0)Node5:0.005072537910156232,cluster_253_18:0.1334015607044261)Node4:0,cluster_275_42:0.002632009721265717)Node3:0.002551917210500339,cluster_326_14:0.007488008271674531)Node2:0,cluster_328_13:0.01037412910404444)Node1:0.1054179225092421,cluster_337_20:0.007482716374005659,cluster_382_25:0.01664175269536601)", 
   "NS": "((((((((((((((((((((((((((((((((((((((cluster_0_831:0,cluster_1_290:0.09145420461375157)Node37:0,cluster_6_147:0.00501246044406334)Node36:0,cluster_9_418:0)Node35:0.006489392569213526,cluster_10_345:0.09295885286405099)Node34:0,cluster_11_78:0)Node33:0,cluster_12_115:0)Node32:0,cluster_20_40:0.08745265249958876)Node31:0,cluster_24_68:0.002494258045025241)Node30:0,cluster_26_61:0.002501791392618816)Node29:0,cluster_27_33:0)Node28:0,cluster_29_28:0)Node27:0,cluster_32_16:0)Node26:0,cluster_36_36:0.09336827101064732)Node25:0,cluster_38_26:0)Node24:0.004979136681137374,cluster_41_23:0)Node23:0,cluster_44_41:0)Node22:0,cluster_51_29:0.005042437104186147)Node21:0,cluster_74_13:0.002496395406117359)Node20:0,cluster_78_18:0)Node19:0,cluster_98_17:0.08789841841109196)Node18:0.005050945000327667,cluster_99_17:0)Node17:0,cluster_102_13:0.002504348324427543)Node16:0,(cluster_108_64:0,cluster_110_90:0)Node61:0)Node15:0,cluster_127_23:0)Node14:0,cluster_130_17:0.002498041048805963)Node13:0,cluster_132_16:0)Node12:0,(cluster_135_50:0.005028102902228724,cluster_145_69:0)Node67:0)Node11:0,cluster_150_16:0)Node10:0,cluster_151_14:0.002501786565421312)Node9:0,cluster_156_17:0.002501973881385594)Node8:0,cluster_159_46:0.005010509465922388)Node7:0,cluster_161_33:0)Node6:0,cluster_229_19:0)Node5:0.005072537910156232,cluster_253_18:0.09248547717391881)Node4:0,cluster_275_42:0)Node3:0,cluster_326_14:0.007488008271674531)Node2:0,cluster_328_13:0.005064966942289687)Node1:0.08157180283397192,cluster_337_20:0.004801085561606816,cluster_382_25:0.01390699625596318)", 
   "S": "((((((((((((((((((((((((((((((((((((((cluster_0_831:0.005168786721825632,cluster_1_290:0.02715201636541727)Node37:0,cluster_6_147:0.002583148881885799)Node36:0,cluster_9_418:0.002546674289650655)Node35:0,cluster_10_345:0.02509976147660297)Node34:0,cluster_11_78:0.002637422411833986)Node33:0,cluster_12_115:0)Node32:0,cluster_20_40:0.02755212701292806)Node31:0.007809911157409551,cluster_24_68:0)Node30:0,cluster_26_61:0.002611528400815773)Node29:0.002561579360341474,cluster_27_33:0.005283289207083101)Node28:0,cluster_29_28:0)Node27:0,cluster_32_16:0.002646588119900116)Node26:0,cluster_36_36:0.03303215119308666)Node25:0,cluster_38_26:0.002641310451020138)Node24:0,cluster_41_23:0)Node23:0,cluster_44_41:0.005240612762085226)Node22:0,cluster_51_29:0.01060767474125445)Node21:0,cluster_74_13:0.005293657814564889)Node20:0,cluster_78_18:0.00529346976745125)Node19:0,cluster_98_17:0.03522262204655229)Node18:0,cluster_99_17:0.002607093760587727)Node17:0,cluster_102_13:0)Node16:0,(cluster_108_64:0.005325061279596544,cluster_110_90:0.002622354464115761)Node61:0)Node15:0,cluster_127_23:0.00262231077085324)Node14:0,cluster_130_17:0)Node13:0,cluster_132_16:0.002622939816675055)Node12:0.002566828973964156,(cluster_135_50:0.005245072487801623,cluster_145_69:0.005169136709914484)Node67:0)Node11:0,cluster_150_16:0.00530389609519435)Node10:0,cluster_151_14:0.005293107817155365)Node9:0,cluster_156_17:0.00806020529037409)Node8:0,cluster_159_46:0)Node7:0,cluster_161_33:0.005283461803921884)Node6:0,cluster_229_19:0)Node5:0,cluster_253_18:0.04091608353050732)Node4:0,cluster_275_42:0.002632009721265717)Node3:0.002551917210500339,cluster_326_14:0)Node2:0,cluster_328_13:0.005309162161754754)Node1:0.02384611967527013,cluster_337_20:0.002681630812398848,cluster_382_25:0.002734756439402844)"
  }, 
  "omega": 0.5551539710238952
 }, 
 "120-330": {
  "BranchLength": {
   "NS": 0.005142450527032372, 
   "S": 0.005387397317061647
  }, 
  "Diversity": {
   "NS": 0.01603545615980536, 
   "S": 0.01386796198934612
  }, 
  "Tree": {
   "Combined": "((((((((((((cluster_0_1432:0,cluster_1_429:0.06544161127383306)Node11:0,cluster_4_1086:0.004701755108169403)Node10:0,cluster_5_43:0.004703740094884538)Node9:0,cluster_7_438:0.06553318809781228)Node8:0,cluster_11_51:0.004708390481904156)Node7:0,cluster_13_48:0.004708390480840867)Node6:0,cluster_15_221:0.009453484216710115)Node5:0,cluster_17_134:0.009477507530081921)Node4:0,cluster_20_55:0.004740107691707673)Node3:0,cluster_28_157:0.009589134252398959)Node2:0,cluster_44_37:0.004703740094529636)Node1:0,cluster_52_54:0.004708390480943923,cluster_131_33:0.07077675629853397)", 
   "NS": "((((((((((((cluster_0_1432:0,cluster_1_429:0.03724472191338834)Node11:0,cluster_4_1086:0)Node10:0,cluster_5_43:0)Node9:0,cluster_7_438:0.04344496258799558)Node8:0,cluster_11_51:0)Node7:0,cluster_13_48:0)Node6:0,cluster_15_221:0.004740366395303132)Node5:0,cluster_17_134:0)Node4:0,cluster_20_55:0)Node3:0,cluster_28_157:0)Node2:0,cluster_44_37:0)Node1:0,cluster_52_54:0,cluster_131_33:0.04313121227912228)", 
   "S": "((((((((((((cluster_0_1432:0,cluster_1_429:0.02819688936044474)Node11:0,cluster_4_1086:0.004701755108169403)Node10:0,cluster_5_43:0.004703740094884538)Node9:0,cluster_7_438:0.0220882255098167)Node8:0,cluster_11_51:0.004708390481904156)Node7:0,cluster_13_48:0.004708390480840867)Node6:0,cluster_15_221:0.00471311782140699)Node5:0,cluster_17_134:0.009477507530081921)Node4:0,cluster_20_55:0.004740107691707673)Node3:0,cluster_28_157:0.009589134252398959)Node2:0,cluster_44_37:0.004703740094529636)Node1:0,cluster_52_54:0.004708390480943923,cluster_131_33:0.02764554401941171)"
  }, 
  "omega": 0.3108316103857245
 }, 
 "150-360": {
  "BranchLength": {
   "NS": 0.009067100905853049, 
   "S": 0.007053311845335313
  }, 
  "Diversity": {
   "NS": 0.03036830591034344, 
   "S": 0.01945248459990654
  },