
{
	"Actual comparisons performed" :2875643,
	"Comparisons accounting for copy numbers " :1.42506e+07,
	"Total comparisons possible" : 3404745,
	"Links found" : 5093171,
	"Maximum distance" : 0.457111,
	"Mean distance" : 0.0551641,
	"Histogram" : [[0.005,2346923],[0.01,2746248],[0.015,1935890],[0.02,798347],[0.025,415952],[0.03,180713],[0.035,76716],[0.04,66358],[0.045,57019],[0.05,30339],[0.055,13521],[0.06,7337],[0.065,6851],[0.07,6851],[0.075,10587],[0.08,8160],[0.085,8467],[0.09,11402],[0.095,21167],[0.1,56718],[0.105,164387],[0.11,398676],[0.115,704322],[0.12,1212422],[0.125,1079089],[0.13,967258],[0.135,365462],[0.14,130017],[0.145,36578],[0.15,15096],[0.155,9118],[0.16,14446],[0.165,13029],[0.17,13022],[0.175,7549],[0.18,23783],[0.185,15586],[0.19,8064],[0.195,7985],[0.2,7628],[0.205,7074],[0.21,12362],[0.215,7707],[0.22,20720],[0.225,14107],[0.23,21809],[0.235,28793],[0.24,29276],[0.245,24549],[0.25,14699],[0.255,42108],[0.26,12134],[0.265,8195],[0.27,4360],[0.275,1754],[0.28,700],[0.285,249],[0.29,101],[0.295,52],[0.3,59],[0.305,33],[0.31,37],[0.315,43],[0.32,49],[0.325,22],[0.33,22],[0.335,44],[0.34,37],[0.345,31],[0.35,21],[0.355,15],[0.36,33],[0.365,32],[0.37,29],[0.375,7],[0.38,34],[0.385,34],[0.39,30],[0.395,7],[0.4,9],[0.405,3],[0.41,22],[0.415,5],[0.42,1],[0.425,23],[0.43,5],[0.435,16],[0.44,22],[0.445,8],[0.45,0],[0.455,4],[0.46,2],[0.465,0],[0.47,0],[0.475,0],[0.48,0],[0.485,0],[0.49,0],[0.495,0],[0.5,0],[0.505,0],[0.51,0],[0.515,0],[0.52,0],[0.525,0],[0.53,0],[0.535,0],[0.54,0],[0.545,0],[0.55,0],[0.555,0],[0.56,0],[0.565,0],[0.57,0],[0.575,0],[0.58,0],[0.585,0],[0.59,0],[0.595,0],[0.6,0],[0.605,0],[0.61,0],[0.615,0],[0.62,0],[0.625,0],[0.63,0],[0.635,0],[0.64,0],[0.645,0],[0.65,0],[0.655,0],[0.66,0],[0.665,0],[0.67,0],[0.675,0],[0.68,0],[0.685,0],[0.69,0],[0.695,0],[0.7,0],[0.705,0],[0.71,0],[0.715,0],[0.72,0],[0.725,0],[0.73,0],[0.735,0],[0.74,0],[0.745,0],[0.75,0],[0.755,0],[0.76,0],[0.765,0],[0.77,0],[0.775,0],[0.78,0],[0.785,0],[0.79,0],[0.795,0],[0.8,0],[0.805,0],[0.81,0],[0.815,0],[0.82,0],[0.825,0],[0.83,0],[0.835,0],[0.84,0],[0.845,0],[0.85,0],[0.855,0],[0.86,0],[0.865,0],[0.87,0],[0.875,0],[0.88,0],[0.885,0],[0.89,0],[0.895,0],[0.9,0],[0.905,0],[0.91,0],[0.915,0],[0.92,0],[0.925,0],[0.93,0],[0.935,0],[0.94,0],[0.945,0],[0.95,0],[0.955,0],[0.96,0],[0.965,0],[0.97,0],[0.975,0],[0.98,0],[0.985,0],[0.99,0],[0.995,0],[1,0]]
}
