{
 "180-390": {
  "BranchLength": {
   "NS": 0.0005554174502114511, 
   "S": 0.005303536258096873
  }, 
  "Diversity": {
   "NS": 0.0003100315795665762, 
   "S": 0.009053127350363916
  }, 
  "Tree": {
   "Combined": "((((((((cluster_0_225:0.01712034527711144,cluster_1_195:0.005476104763526787)Node7:0,cluster_2_3181:0)Node6:0.005477405902912395,cluster_3_258:0.005525727668975781)Node5:0,cluster_4_801:0.01728240682410812)Node4:0,cluster_5_3010:0)Node3:0.01122733706841386,cluster_6_225:0.0102472722142197)Node2:0,cluster_8_92:0.005477405921134338)Node1:0,cluster_10_47:0.004720903629938156,cluster_16_52:0.01704730377090092)", 
   "NS": "((((((((cluster_0_225:0,cluster_1_195:0)Node7:0,cluster_2_3181:0)Node6:0,cluster_3_258:0)Node5:0,cluster_4_801:0)Node4:0,cluster_5_3010:0)Node3:0,cluster_6_225:0.004721193023656513)Node2:0,cluster_8_92:0)Node1:0,cluster_10_47:0.004720903629938156,cluster_16_52:0)", 
   "S": "((((((((cluster_0_225:0.01712034527711144,cluster_1_195:0.005476104763526787)Node7:0,cluster_2_3181:0)Node6:0.005477405902912395,cluster_3_258:0.005525727668975781)Node5:0,cluster_4_801:0.01728240682410812)Node4:0,cluster_5_3010:0)Node3:0.01122733706841386,cluster_6_225:0.005526079190563183)Node2:0,cluster_8_92:0.005477405921134338)Node1:0,cluster_10_47:0,cluster_16_52:0.01704730377090092)"
  }, 
  "omega": 0.04641712616244341
 }, 
 "180-429": {
  "BranchLength": {
   "NS": 0.0005786446988679499, 
   "S": 0.004208661919287676
  }, 
  "Diversity": {
   "NS": 0.0007175321164742712, 
   "S": 0.02648916106240775
  }, 
  "Tree": {
   "Combined": "(((((((((((((((((((((((((cluster_0_156:0.009432969663711351,cluster_2_736:0.009596001146971201)Node24:0.00471176927795819,cluster_3_128:0)Node23:0,cluster_4_1663:0.009357460292073553)Node22:0,cluster_5_327:0.009362545574970054)Node21:0,cluster_6_86:0.004625320458795072)Node20:0,cluster_7_2166:0.004604762364847667)Node19:0.01432637753831921,cluster_8_310:0)Node18:0,cluster_9_141:0.003965906692347162)Node17:0.01437025438281259,cluster_11_197:0)Node16:0,(cluster_12_56:0.004631578344724187,cluster_13_91:0.004654199042761204)Node35:0)Node15:0.004650472865715031,cluster_14_36:0.003992275909677437)Node14:0,cluster_16_84:0.004648448722609675)Node13:0.004633798760400288,cluster_17_60:0.00934710243264319)Node12:0,(cluster_19_39:0.01424698111500777,cluster_20_34:0.003958052812121214)Node41:0.004601300850590143)Node11:0,cluster_21_249:0.003992358212509476)Node10:0.004601301927952165,cluster_25_38:0.01819911820396986)Node9:0,cluster_27_104:0.003992236403757651)Node8:0.01933238270695525,cluster_28_35:0.004691547943466657)Node7:0,cluster_30_20:0.003992275794687606)Node6:0.01443768084922573,cluster_32_56:0)Node5:0.004671874059429477,cluster_35_51:0.009684913186768684)Node4:0.009524798558000579,cluster_42_37:0.004568529097538116)Node3:0,cluster_51_31:0.004600408996833662)Node2:0,cluster_58_41:0)Node1:0,cluster_65_24:0.01329485980840832,cluster_75_21:0)", 
   "NS": "(((((((((((((((((((((((((cluster_0_156:0,cluster_2_736:0)Node24:0,cluster_3_128:0)Node23:0,cluster_4_1663:0)Node22:0,cluster_5_327:0)Node21:0,cluster_6_86:0)Node20:0,cluster_7_2166:0)Node19:0,cluster_8_310:0)Node18:0,cluster_9_141:0.003965906692347162)Node17:0,cluster_11_197:0)Node16:0,(cluster_12_56:0,cluster_13_91:0)Node35:0)Node15:0,cluster_14_36:0.003992275909677437)Node14:0,cluster_16_84:0)Node13:0,cluster_17_60:0)Node12:0,(cluster_19_39:0,cluster_20_34:0.003958052812121214)Node41:0)Node11:0,cluster_21_249:0.003992358212509476)Node10:0,cluster_25_38:0.003966210710649152)Node9:0,cluster_27_104:0.003992236403757651)Node8:0,cluster_28_35:0)Node7:0,cluster_30_20:0.003992275794687606)Node6:0,cluster_32_56:0)Node5:0,cluster_35_51:0)Node4:0,cluster_42_37:0)Node3:0,cluster_51_31:0)Node2:0,cluster_58_41:0)Node1:0,cluster_65_24:0.003966141901987546,cluster_75_21:0)", 
   "S": "(((((((((((((((((((((((((cluster_0_156:0.009432969663711351,cluster_2_736:0.009596001146971201)Node24:0.00471176927795819,cluster_3_128:0)Node23:0,cluster_4_1663:0.009357460292073553)Node22:0,cluster_5_327:0.009362545574970054)Node21:0,cluster_6_86:0.004625320458795072)Node20:0,cluster_7_2166:0.004604762364847667)Node19:0.01432637753831921,cluster_8_310:0)Node18:0,cluster_9_141:0)Node17:0.01437025438281259,cluster_11_197:0)Node16:0,(cluster_12_56:0.004631578344724187,cluster_13_91:0.004654199042761204)Node35:0)Node15:0.004650472865715031,cluster_14_36:0)Node14:0,cluster_16_84:0.004648448722609675)Node13:0.004633798760400288,cluster_17_60:0.00934710243264319)Node12:0,(cluster_19_39:0.01424698111500777,cluster_20_34:0)Node41:0.004601300850590143)Node11:0,cluster_21_249:0)Node10:0.004601301927952165,cluster_25_38:0.01423290749332069)Node9:0,cluster_27_104:0)Node8:0.01933238270695525,cluster_28_35:0.004691547943466657)Node7:0,cluster_30_20:0)Node6:0.01443768084922573,cluster_32_56:0)Node5:0.004671874059429477,cluster_35_51:0.009684913186768684)Node4:0.009524798558000579,cluster_42_37:0.004568529097538116)Node3:0,cluster_51_31:0.004600408996833662)Node2:0,cluster_58_41:0)Node1:0,cluster_65_24:0.009328717906420781,cluster_75_21:0)"
  }, 
  "omega": 0.078867429119813
 }, 
 "210-420": {
  "BranchLength": {
   "NS": 0.0005563798231493137, 
   "S": 0.00547658445841234
  }, 
  "Diversity": {
   "NS": 0.0004264586320917458, 
   "S": 0.02084358176010367
  }, 
  "Tree": {
   "Combined": "(((((((((((((((((((cluster_0_171:0.01069097472695587,cluster_2_775:0.01074615906004882)Node18:0,cluster_3_136:0.005281783541056591)Node17:0,cluster_4_2020:0.005259909753484413)Node16:0,(cluster_5_341:0.01107005910770686,cluster_6_90:0.005394848399348285)Node23:0.005379493697303689)Node15:0,cluster_7_2356:0)Node14:0.02231418793742874,cluster_8_341:0)Node13:0,cluster_9_151:0.004790584672400748)Node12:0.01655391324905321,(cluster_11_210:0,cluster_12_67:0.005311965437264165)Node29:0)Node11:0,cluster_13_92:0.005338835232123706)Node10:0.005290308624394555,cluster_16_68:0.01629067665110691)Node9:0,cluster_18_35:0.01638898108380614)Node8:0,cluster_19_61:0.004780807376425841)Node7:0,cluster_22_39:0.02118134377887687)Node6:0.01074616282604791,cluster_23_43:0.004781132742593646)Node5:0,cluster_24_43:0.03506014776191087)Node4:0,cluster_27_66:0.005334449954208221)Node3:0,cluster_30_69:0.005343145976626907)Node2:0.00528556506719043,cluster_37_41:0.01062706670463563)Node1:0,cluster_54_62:0.005394153234675656,cluster_66_36:0.004780807510476375)", 
   "NS": "(((((((((((((((((((cluster_0_171:0,cluster_2_775:0)Node18:0,cluster_3_136:0)Node17:0,cluster_4_2020:0)Node16:0,(cluster_5_341:0,cluster_6_90:0)Node23:0)Node15:0,cluster_7_2356:0)Node14:0,cluster_8_341:0)Node13:0,cluster_9_151:0.004790584672400748)Node12:0,(cluster_11_210:0,cluster_12_67:0)Node29:0)Node11:0,cluster_13_92:0)Node10:0,cluster_16_68:0)Node9:0,cluster_18_35:0)Node8:0,cluster_19_61:0.004780807376425841)Node7:0,cluster_22_39:0.004791000093523878)Node6:0,cluster_23_43:0.004781132742593646)Node5:0,cluster_24_43:0)Node4:0,cluster_27_66:0)Node3:0,cluster_30_69:0)Node2:0,cluster_37_41:0)Node1:0,cluster_54_62:0,cluster_66_36:0.004780807510476375)",