{
 "180-390": {
  "BranchLength": {
   "NS": 0.0002037183430895135, 
   "S": 0.004131167780318427
  }, 
  "Diversity": {
   "NS": 9.519545287877578e-05, 
   "S": 0.01263804674764588
  }, 
  "Tree": {
   "Combined": "(((((((((((cluster_0_3725:0.005840601812698036,cluster_1_2016:0)Node10:0.01187385213662919,cluster_2_90:0.005840602147669393)Node9:0,cluster_3_4506:0)Node8:0,cluster_4_445:0.005840602046510788)Node7:0,cluster_6_156:0.005753108336667724)Node6:0.01862361035887777,cluster_7_107:0.005936250576198268)Node5:0,cluster_9_44:0.00599653819921159)Node4:0,cluster_10_153:0.00590644591715911)Node3:0,cluster_11_121:0.004685521891058812)Node2:0.005840602142285621,cluster_12_277:0)Node1:0.005692779334721149,cluster_14_67:0,cluster_17_83:0.01187186593869517)", 
   "NS": "(((((((((((cluster_0_3725:0,cluster_1_2016:0)Node10:0,cluster_2_90:0)Node9:0,cluster_3_4506:0)Node8:0,cluster_4_445:0)Node7:0,cluster_6_156:0)Node6:0,cluster_7_107:0)Node5:0,cluster_9_44:0)Node4:0,cluster_10_153:0)Node3:0,cluster_11_121:0.004685521891058812)Node2:0,cluster_12_277:0)Node1:0,cluster_14_67:0,cluster_17_83:0)", 
   "S": "(((((((((((cluster_0_3725:0.005840601812698036,cluster_1_2016:0)Node10:0.01187385213662919,cluster_2_90:0.005840602147669393)Node9:0,cluster_3_4506:0)Node8:0,cluster_4_445:0.005840602046510788)Node7:0,cluster_6_156:0.005753108336667724)Node6:0.01862361035887777,cluster_7_107:0.005936250576198268)Node5:0,cluster_9_44:0.00599653819921159)Node4:0,cluster_10_153:0.00590644591715911)Node3:0,cluster_11_121:0)Node2:0.005840602142285621,cluster_12_277:0)Node1:0.005692779334721149,cluster_14_67:0,cluster_17_83:0.01187186593869517)"
  }, 
  "omega": 0.02093241332699499
 }, 
 "180-429": {
  "BranchLength": {
   "NS": 0.0004499416726488321, 
   "S": 0.004149512704453508
  }, 
  "Diversity": {
   "NS": 0.001221881285371596, 
   "S": 0.019525205894217
  }, 
  "Tree": {
   "Combined": "((((((((((((((((((((((((cluster_0_2610:0.004919722518469153,cluster_1_1475:0)Node23:0.009941963818945763,cluster_3_2675:0)Node22:0,cluster_4_295:0.004907276827623784)Node21:0.004811774350891038,cluster_5_933:0)Node20:0.009742081270378651,cluster_7_132:0)Node19:0.009954668773502212,cluster_9_40:0.008942989373969918)Node18:0,cluster_10_82:0.004963591024538118)Node17:0,cluster_11_113:0.02108968576127543)Node16:0,(cluster_13_34:0.005026267863738,cluster_14_244:0.004919722873120065)Node33:0)Node15:0,cluster_15_113:0.004962204479464939)Node14:0,cluster_16_90:0.003956269199721165)Node13:0.004913465340369063,cluster_18_93:0.01941758913244646)Node12:0,(cluster_19_47:0.004978571765592926,cluster_20_172:0)Node39:0)Node11:0,cluster_21_70:0.009928821658344395)Node10:0.00398376057947252,cluster_22_94:0.009763312135477702)Node9:0,cluster_23_83:0.004831857580446617)Node8:0.00398375975648447,cluster_24_46:0.004811742717997694)Node7:0,cluster_25_181:0.01015065198826823)Node6:0,cluster_30_52:0.004811778329880331)Node5:0.009937813904648419,cluster_33_52:0.004925329351903643)Node4:0,cluster_42_37:0.01006940544175186)Node3:0,cluster_45_80:0.01540528867521797)Node2:0,cluster_48_80:0.004924860415269356)Node1:0.004878190490556442,cluster_52_32:0.003974686403206804,cluster_58_40:0.009941978183450896)", 
   "NS": "((((((((((((((((((((((((cluster_0_2610:0,cluster_1_1475:0)Node23:0,cluster_3_2675:0)Node22:0,cluster_4_295:0)Node21:0,cluster_5_933:0)Node20:0,cluster_7_132:0)Node19:0,cluster_9_40:0.003972587418348034)Node18:0,cluster_10_82:0)Node17:0,cluster_11_113:0)Node16:0,(cluster_13_34:0,cluster_14_244:0)Node33:0)Node15:0,cluster_15_113:0)Node14:0,cluster_16_90:0.003956269199721165)Node13:0,cluster_18_93:0.003975845293155114)Node12:0,(cluster_19_47:0,cluster_20_172:0)Node39:0)Node11:0,cluster_21_70:0)Node10:0.00398376057947252,cluster_22_94:0)Node9:0,cluster_23_83:0)Node8:0.00398375975648447,cluster_24_46:0)Node7:0,cluster_25_181:0)Node6:0,cluster_30_52:0)Node5:0,cluster_33_52:0)Node4:0,cluster_42_37:0)Node3:0,cluster_45_80:0)Node2:0,cluster_48_80:0)Node1:0,cluster_52_32:0.003974686403206804,cluster_58_40:0)", 
   "S": "((((((((((((((((((((((((cluster_0_2610:0.004919722518469153,cluster_1_1475:0)Node23:0.009941963818945763,cluster_3_2675:0)Node22:0,cluster_4_295:0.004907276827623784)Node21:0.004811774350891038,cluster_5_933:0)Node20:0.009742081270378651,cluster_7_132:0)Node19:0.009954668773502212,cluster_9_40:0.004970401955621881)Node18:0,cluster_10_82:0.004963591024538118)Node17:0,cluster_11_113:0.02108968576127543)Node16:0,(cluster_13_34:0.005026267863738,cluster_14_244:0.004919722873120065)Node33:0)Node15:0,cluster_15_113:0.004962204479464939)Node14:0,cluster_16_90:0)Node13:0.004913465340369063,cluster_18_93:0.01544174383929135)Node12:0,(cluster_19_47:0.004978571765592926,cluster_20_172:0)Node39:0)Node11:0,cluster_21_70:0.009928821658344395)Node10:0,cluster_22_94:0.009763312135477702)Node9:0,cluster_23_83:0.004831857580446617)Node8:0,cluster_24_46:0.004811742717997694)Node7:0,cluster_25_181:0.01015065198826823)Node6:0,cluster_30_52:0.004811778329880331)Node5:0.009937813904648419,cluster_33_52:0.004925329351903643)Node4:0,cluster_42_37:0.01006940544175186)Node3:0,cluster_45_80:0.01540528867521797)Node2:0,cluster_48_80:0.004924860415269356)Node1:0.004878190490556442,cluster_52_32:0,cluster_58_40:0.009941978183450896)"
  }, 
  "omega": 0.04496886481828362
 }, 
 "210-420": {
  "BranchLength": {
   "NS": 0.0002159891656062219, 
   "S": 0.00466844291942417
  }, 
  "Diversity": {
   "NS": 0.0001993917669515188, 
   "S": 0.01860099949093392
  }, 
  "Tree": {
   "Combined": "((((((((((((((((((((cluster_0_2880:0.005680990761008742,cluster_1_1601:0)Node19:0.0115518575633653,cluster_3_2792:0)Node18:0,cluster_4_326:0.005676269526833801)Node17:0,cluster_5_984:0.005535726454975826)Node16:0,(cluster_7_146:0.01762960266691788,cluster_8_132:0.00560283771524411)Node25:0)Node15:0.01812955642630627,cluster_10_85:0.005758864881319704)Node14:0,cluster_13_38:0.005828221969238943)Node13:0,cluster_14_251:0.005679752427336683)Node12:0,(cluster_15_125:0.005745398444921445,cluster_16_92:0.004846484712848877)Node31:0)Node11:0,cluster_18_125:0.02300050293314612)Node10:0,cluster_19_57:0)Node9:0.005677444845990084,cluster_20_188:0)Node8:0,cluster_21_74:0.01154687328004945)Node7:0.005536267765947679,cluster_23_47:0)Node6:0,cluster_24_154:0.01812955694387159)Node5:0.005536285524861981,cluster_25_63:0)Node4:0,cluster_29_56:0.01761733738219624)Node3:0,cluster_30_52:0.005677549884507404)Node2:0,cluster_42_105:0.005674655710579151)Node1:0,cluster_45_62:0.01812753412179053,cluster_55_36:0.005609871883109814)", 
   "NS": "((((((((((((((((((((cluster_0_2880:0,cluster_1_1601:0)Node19:0,cluster_3_2792:0)Node18:0,cluster_4_326:0)Node17:0,cluster_5_984:0)Node16:0,(cluster_7_146:0,cluster_8_132:0)Node25:0)Node15:0,cluster_10_85:0)Node14:0,cluster_13_38:0)Node13:0,cluster_14_251:0)Node12:0,(cluster_15_125:0,cluster_16_92:0.004846484712848877)Node31:0)Node11:0,cluster_18_125:0.004873027739431111)Node10:0,cluster_19_57:0)Node9:0,cluster_20_188:0)Node8:0,cluster_21_74:0)Node7:0,cluster_23_47:0)Node6:0,cluster_24_154:0)Node5:0,cluster_25_63:0)Node4:0,cluster_29_56:0)Node3:0,cluster_30_52:0)Node2:0,cluster_42_105:0)Node1:0,cluster_45_62:0,cluster_55_36:0)",