{
 "180-390": {
  "BranchLength": {
   "NS": 0.0009451961520051979, 
   "S": 0.004210913927763007
  }, 
  "Diversity": {
   "NS": 0.001877209096305257, 
   "S": 0.01086333536349619
  }, 
  "Tree": {
   "Combined": "((((((((((((((((cluster_0_2924:0.004957089091844996,cluster_1_296:0.02538986351012808)Node15:0,cluster_2_45:0)Node14:0.004831851987988764,cluster_3_3887:0.004934002334771905)Node13:0,cluster_4_183:0.01466999653521114)Node12:0,(cluster_5_33:0.015829763389597,cluster_9_83:0.01954126738662923)Node21:0)Node11:0,cluster_10_75:0)Node10:0,cluster_11_47:0.01029940681144917)Node9:0.004725034337055028,cluster_12_145:0.004812250722729777)Node8:0.004812247065924999,cluster_13_74:0.005057496788555907)Node7:0,cluster_14_168:0.004725034690212164)Node6:0,cluster_16_84:0)Node5:0,cluster_19_53:0.01002167741599346)Node4:0,cluster_21_60:0.004805952278029674)Node3:0,cluster_22_73:0.005038851077269688)Node2:0.004725034689879683,cluster_26_45:0.01620017559771422)Node1:0,cluster_27_35:0.01033957352494444,cluster_31_73:0.004747283555957847)", 
   "NS": "((((((((((((((((cluster_0_2924:0,cluster_1_296:0.004708673274072589)Node15:0,cluster_2_45:0)Node14:0,cluster_3_3887:0)Node13:0,cluster_4_183:0.004725351865083598)Node12:0,(cluster_5_33:0,cluster_9_83:0.004725452907921008)Node21:0)Node11:0,cluster_10_75:0)Node10:0,cluster_11_47:0)Node9:0.004725034337055028,cluster_12_145:0)Node8:0,cluster_13_74:0)Node7:0,cluster_14_168:0.004725034690212164)Node6:0,cluster_16_84:0)Node5:0,cluster_19_53:0)Node4:0,cluster_21_60:0)Node3:0,cluster_22_73:0)Node2:0.004725034689879683,cluster_26_45:0)Node1:0,cluster_27_35:0,cluster_31_73:0.004747283555957847)", 
   "S": "((((((((((((((((cluster_0_2924:0.004957089091844996,cluster_1_296:0.0206811902360555)Node15:0,cluster_2_45:0)Node14:0.004831851987988764,cluster_3_3887:0.004934002334771905)Node13:0,cluster_4_183:0.009944644670127551)Node12:0,(cluster_5_33:0.015829763389597,cluster_9_83:0.01481581447870822)Node21:0)Node11:0,cluster_10_75:0)Node10:0,cluster_11_47:0.01029940681144917)Node9:0,cluster_12_145:0.004812250722729777)Node8:0.004812247065924999,cluster_13_74:0.005057496788555907)Node7:0,cluster_14_168:0)Node6:0,cluster_16_84:0)Node5:0,cluster_19_53:0.01002167741599346)Node4:0,cluster_21_60:0.004805952278029674)Node3:0,cluster_22_73:0.005038851077269688)Node2:0,cluster_26_45:0.01620017559771422)Node1:0,cluster_27_35:0.01033957352494444,cluster_31_73:0)"
  }, 
  "omega": 0.07055685461319482
 }, 
 "180-429": {
  "BranchLength": {
   "NS": 0.0009789828675307768, 
   "S": 0.004057037829296332
  }, 
  "Diversity": {
   "NS": 0.003300009994358003, 
   "S": 0.01956896817600676
  }, 
  "Tree": {
   "Combined": "((((((((((((((((((((((((((cluster_0_2441:0.00432246546927611,cluster_1_236:0.02631200027878128)Node25:0,cluster_2_33:0)Node24:0.004232480692842949,cluster_3_3361:0.004297463302588342)Node23:0,cluster_4_41:0.01260031377693935)Node22:0,cluster_9_57:0.02109496638377591)Node21:0,cluster_10_41:0)Node20:0.004297463304914759,cluster_11_49:0.004376588192272454)Node19:0,cluster_12_36:0.004457487977534889)Node18:0.003978531235521869,cluster_14_122:0)Node17:0.01295388738226922,cluster_15_58:0.00421897806070846)Node16:0,(cluster_16_77:0,cluster_17_175:0.01873832753784643)Node37:0.008230501504913111)Node15:0,cluster_19_42:0)Node14:0.008361116528241785,cluster_20_165:0.008164573290244082)Node13:0,cluster_23_47:0.01293715999288393)Node12:0,(cluster_24_203:0.00397852155765684,cluster_29_135:0.01271108380879086)Node43:0)Node11:0.004195300606890882,cluster_32_73:0.008317277907874421)Node10:0,cluster_34_230:0.008019043505736298)Node9:0.004347619376585248,cluster_35_58:0)Node8:0.004347605720638792,cluster_38_24:0.008505004006477386)Node7:0,cluster_42_42:0)Node6:0,cluster_43_45:0.008705529366136095)Node5:0.008234314263450731,cluster_45_25:0.00861498007938785)Node4:0,cluster_49_48:0.003991595068885641)Node3:0,cluster_50_76:0)Node2:0,cluster_61_47:0.02292259273854848)Node1:0,cluster_66_40:0.01243976726966604,cluster_72_25:0.004148639530864739)", 
   "NS": "((((((((((((((((((((((((((cluster_0_2441:0,cluster_1_236:0.003977357685707146)Node25:0,cluster_2_33:0)Node24:0,cluster_3_3361:0)Node23:0,cluster_4_41:0.003978391245070205)Node22:0,cluster_9_57:0.003982390796856901)Node21:0,cluster_10_41:0)Node20:0,cluster_11_49:0)Node19:0,cluster_12_36:0)Node18:0.003978531235521869,cluster_14_122:0)Node17:0,cluster_15_58:0)Node16:0,(cluster_16_77:0,cluster_17_175:0.004003979439866157)Node37:0.003978445595193691)Node15:0,cluster_19_42:0)Node14:0,cluster_20_165:0.003976143043279794)Node13:0,cluster_23_47:0)Node12:0,(cluster_24_203:0.00397852155765684,cluster_29_135:0)Node43:0)Node11:0,cluster_32_73:0.003976957918606422)Node10:0,cluster_34_230:0.008019043505736298)Node9:0,cluster_35_58:0)Node8:0,cluster_38_24:0)Node7:0,cluster_42_42:0)Node6:0,cluster_43_45:0)Node5:0.00398225835114402,cluster_45_25:0)Node4:0,cluster_49_48:0.003991595068885641)Node3:0,cluster_50_76:0)Node2:0,cluster_61_47:0)Node1:0,cluster_66_40:0.00397840800572929,cluster_72_25:0)", 
   "S": "((((((((((((((((((((((((((cluster_0_2441:0.00432246546927611,cluster_1_236:0.02233464259307414)Node25:0,cluster_2_33:0)Node24:0.004232480692842949,cluster_3_3361:0.004297463302588342)Node23:0,cluster_4_41:0.008621922531869141)Node22:0,cluster_9_57:0.017112575586919)Node21:0,cluster_10_41:0)Node20:0.004297463304914759,cluster_11_49:0.004376588192272454)Node19:0,cluster_12_36:0.004457487977534889)Node18:0,cluster_14_122:0)Node17:0.01295388738226922,cluster_15_58:0.00421897806070846)Node16:0,(cluster_16_77:0,cluster_17_175:0.01473434809798027)Node37:0.004252055909719418)Node15:0,cluster_19_42:0)Node14:0.008361116528241785,cluster_20_165:0.004188430246964289)Node13:0,cluster_23_47:0.01293715999288393)Node12:0,(cluster_24_203:0,cluster_29_135:0.01271108380879086)Node43:0)Node11:0.004195300606890882,cluster_32_73:0.004340319989267999)Node10:0,cluster_34_230:0)Node9:0.004347619376585248,cluster_35_58:0)Node8:0.004347605720638792,cluster_38_24:0.008505004006477386)Node7:0,cluster_42_42:0)Node6:0,cluster_43_45:0.008705529366136095)Node5:0.004252055912306712,cluster_45_25:0.00861498007938785)Node4:0,cluster_49_48:0)Node3:0,cluster_50_76:0)Node2:0,cluster_61_47:0.02292259273854848)Node1:0,cluster_66_40:0.008461359263936747,cluster_72_25:0.004148639530864739)"
  }, 
  "omega": 0.08184241627414744
 }, 
 "210-420": {
  "BranchLength": {
   "NS": 0.0009458020529765563, 
   "S": 0.004881321013769721
  }, 
  "Diversity": {
   "NS": 0.002350934933082101, 
   "S": 0.01744748014728568
  }, 
  "Tree": {
   "Combined": "((((((((((((((((((((cluster_0_2538:0.005095928033834526,cluster_1_227:0.03113181621726849)Node19:0,cluster_2_35:0)Node18:0.004959269243852601,cluster_3_3411:0.005066347889628803)Node17:0,cluster_4_35:0.01488946260819023)Node16:0,(cluster_9_55:0.02477019388210135,cluster_10_43:0)Node25:0)Node15:0,cluster_11_44:0.01032983382120066)Node14:0.005135567797435366,cluster_12_38:0.005631248924796592)Node13:0.009774902373697669,cluster_13_59:0.004931363486167138)Node12:0,(cluster_14_80:0.009718062611587813,cluster_16_39:0)Node31:0)Node11:0.009759572123110303,cluster_17_168:0.009610143243456217)Node10:0,cluster_19_129:0.004910657806571048)Node9:0,cluster_20_43:0.01525653396412465)Node8:0,cluster_21_205:0.004730457570772605)Node7:0.009886129010667532,cluster_26_137:0.004966474190518508)Node6:0.004977538104395943,cluster_29_53:0.00515694716901242)Node5:0,cluster_35_40:0)Node4:0,cluster_37_46:0.01028090941343108)Node3:0,cluster_42_81:0.009718062935602735)Node2:0,cluster_54_42:0.004900651450609947)Node1:0,cluster_55_47:0.01010764537552624,cluster_69_45:0.02652481875602203)",