{
 "180-390": {
  "BranchLength": {
   "NS": 0.001233880144683603, 
   "S": 0.003357253581000606
  }, 
  "Diversity": {
   "NS": 0.003160951195207499, 
   "S": 0.01062451803842938
  }, 
  "Tree": {
   "Combined": "(((((((((((cluster_0_848:0.01024220454003547,cluster_1_2949:0.01104796455121991)Node10:0,cluster_2_1561:0.005489302459898264)Node9:0,cluster_3_431:0)Node8:0.004736265706551615,cluster_4_969:0)Node7:0,cluster_5_91:0.01158470354143943)Node6:0.005337374655724217,cluster_6_44:0.005337374271634017)Node5:0,cluster_7_203:0.004748365557632788)Node4:0.005337374300841796,cluster_8_133:0.004717121071838891)Node3:0,cluster_9_141:0.005535025426892519)Node2:0,cluster_10_45:0.0100988752225359)Node1:0,cluster_11_43:0.01024220479867228,cluster_20_98:0.01114191958581971)", 
   "NS": "(((((((((((cluster_0_848:0.004730188862978044,cluster_1_2949:0)Node10:0,cluster_2_1561:0)Node9:0,cluster_3_431:0)Node8:0.004736265706551615,cluster_4_969:0)Node7:0,cluster_5_91:0)Node6:0,cluster_6_44:0)Node5:0,cluster_7_203:0.004748365557632788)Node4:0,cluster_8_133:0.004717121071838891)Node3:0,cluster_9_141:0)Node2:0,cluster_10_45:0.004717113064519502)Node1:0,cluster_11_43:0.004730189064202038,cluster_20_98:0)", 
   "S": "(((((((((((cluster_0_848:0.005512015677057423,cluster_1_2949:0.01104796455121991)Node10:0,cluster_2_1561:0.005489302459898264)Node9:0,cluster_3_431:0)Node8:0,cluster_4_969:0)Node7:0,cluster_5_91:0.01158470354143943)Node6:0.005337374655724217,cluster_6_44:0.005337374271634017)Node5:0,cluster_7_203:0)Node4:0.005337374300841796,cluster_8_133:0)Node3:0,cluster_9_141:0.005535025426892519)Node2:0,cluster_10_45:0.005381762158016394)Node1:0,cluster_11_43:0.005512015734470248,cluster_20_98:0.01114191958581971)"
  }, 
  "omega": 0.1327346909253301
 }, 
 "180-429": {
  "BranchLength": {
   "NS": 0.001486816945265727, 
   "S": 0.002990565600720669
  }, 
  "Diversity": {
   "NS": 0.007026758309372297, 
   "S": 0.01743702311600851
  }, 
  "Tree": {
   "Combined": "((((((((((((((((((((((((((((((cluster_0_553:0.01811998952331564,cluster_1_2256:0.004522327755614425)Node29:0,cluster_2_1195:0)Node28:0.00452978373508784,cluster_3_75:0)Node27:0.004448578662708449,cluster_4_32:0.004033950628932643)Node26:0.004014633114709502,cluster_5_323:0.008414598124400983)Node25:0,cluster_6_212:0)Node24:0,cluster_7_63:0.01412375594393307)Node23:0.004014633115811217,cluster_8_159:0)Node22:0.004328000014826577,cluster_9_21:0.01287113167718652)Node21:0,cluster_10_27:0.008421494781333775)Node20:0,cluster_12_64:0.004388816380152654)Node19:0.004327908722373561,cluster_13_150:0.008090181686163054)Node18:0,cluster_14_55:0.0121805022960124)Node17:0.004452575349518804,cluster_15_42:0.008486043770874554)Node16:0,(cluster_16_94:0.0085502303753613,cluster_17_129:0.004445374050112323)Node45:0)Node15:0,cluster_18_61:0.01398330079602744)Node14:0,cluster_20_69:0)Node13:0.00445257534883607,cluster_23_42:0.008407770086051786)Node12:0,(cluster_24_64:0.004363392083021771,cluster_26_33:0.004459905101675444)Node51:0)Node11:0,cluster_28_105:0.01755837843985103)Node10:0.004015829355006859,cluster_30_24:0.004363393432200502)Node9:0,cluster_33_48:0)Node8:0.0084765792949735,cluster_34_19:0)Node7:0,cluster_36_31:0.004498613850862914)Node6:0.004008156795892468,cluster_37_84:0.00455732088749427)Node5:0,cluster_38_32:0.004028129345538842)Node4:0.004501561567415396,cluster_40_46:0.008529344496199843)Node3:0.004490125645609321,cluster_46_49:0)Node2:0,cluster_53_30:0.01328484730935324)Node1:0,cluster_58_70:0.009124451574387901,cluster_60_26:0.01716168037028784)", 
   "NS": "((((((((((((((((((((((((((((((cluster_0_553:0.004009994104706465,cluster_1_2256:0)Node29:0,cluster_2_1195:0)Node28:0,cluster_3_75:0)Node27:0,cluster_4_32:0.004033950628932643)Node26:0.004014633114709502,cluster_5_323:0.004014202592622348)Node25:0,cluster_6_212:0)Node24:0,cluster_7_63:0)Node23:0.004014633115811217,cluster_8_159:0)Node22:0,cluster_9_21:0.004020653201613406)Node21:0,cluster_10_27:0.004017962711993802)Node20:0,cluster_12_64:0)Node19:0,cluster_13_150:0.008090181686163054)Node18:0,cluster_14_55:0.0121805022960124)Node17:0,cluster_15_42:0.004031521245945921)Node16:0,(cluster_16_94:0.004012229256108008,cluster_17_129:0)Node45:0)Node15:0,cluster_18_61:0)Node14:0,cluster_20_69:0)Node13:0,cluster_23_42:0.004015124647295853)Node12:0,(cluster_24_64:0,cluster_26_33:0)Node51:0)Node11:0,cluster_28_105:0.004036075440696724)Node10:0.004015829355006859,cluster_30_24:0)Node9:0,cluster_33_48:0)Node8:0.004012696966651709,cluster_34_19:0)Node7:0,cluster_36_31:0)Node6:0.004008156795892468,cluster_37_84:0)Node5:0,cluster_38_32:0.004028129345538842)Node4:0,cluster_40_46:0.004015255771859302)Node3:0,cluster_46_49:0)Node2:0,cluster_53_30:0.004013405654369942)Node1:0,cluster_58_70:0,cluster_60_26:0.008057963510341793)", 
   "S": "((((((((((((((((((((((((((((((cluster_0_553:0.01410999541860918,cluster_1_2256:0.004522327755614425)Node29:0,cluster_2_1195:0)Node28:0.00452978373508784,cluster_3_75:0)Node27:0.004448578662708449,cluster_4_32:0)Node26:0,cluster_5_323:0.004400395531778636)Node25:0,cluster_6_212:0)Node24:0,cluster_7_63:0.01412375594393307)Node23:0,cluster_8_159:0)Node22:0.004328000014826577,cluster_9_21:0.008850478475573112)Node21:0,cluster_10_27:0.004403532069339975)Node20:0,cluster_12_64:0.004388816380152654)Node19:0.004327908722373561,cluster_13_150:0)Node18:0,cluster_14_55:0)Node17:0.004452575349518804,cluster_15_42:0.004454522524928634)Node16:0,(cluster_16_94:0.004538001119253297,cluster_17_129:0.004445374050112323)Node45:0)Node15:0,cluster_18_61:0.01398330079602744)Node14:0,cluster_20_69:0)Node13:0.00445257534883607,cluster_23_42:0.004392645438755932)Node12:0,(cluster_24_64:0.004363392083021771,cluster_26_33:0.004459905101675444)Node51:0)Node11:0,cluster_28_105:0.01352230299915432)Node10:0,cluster_30_24:0.004363393432200502)Node9:0,cluster_33_48:0)Node8:0.004463882328321788,cluster_34_19:0)Node7:0,cluster_36_31:0.004498613850862914)Node6:0,cluster_37_84:0.00455732088749427)Node5:0,cluster_38_32:0)Node4:0.004501561567415396,cluster_40_46:0.004514088724340538)Node3:0.004490125645609321,cluster_46_49:0)Node2:0,cluster_53_30:0.009271441654983297)Node1:0,cluster_58_70:0.009124451574387901,cluster_60_26:0.009103716859946051)"
  }, 
  "omega": 0.1859487855401406
 }, 
 "210-420": {
  "BranchLength": {
   "NS": 0.001328467043514904, 
   "S": 0.003714866849211287
  }, 
  "Diversity": {
   "NS": 0.005398006939151844, 
   "S": 0.01643009749777922
  }, 
  "Tree": {
   "Combined": "(((((((((((((((((((((cluster_0_614:0.02163627568659023,cluster_1_2484:0.005323945000947186)Node20:0,cluster_2_1309:0)Node19:0.005323945000916776,cluster_3_81:0)Node18:0.005141688214760388,cluster_4_201:0)Node17:0.00479747655662117,cluster_5_365:0.00984114986403878)Node16:0,(cluster_6_223:0,cluster_7_66:0.01685640874950756)Node27:0)Node15:0,cluster_9_33:0.01036457267721726)Node14:0,cluster_11_61:0.01514674576603599)Node13:0,cluster_12_136:0.004798825149800065)Node12:0,(cluster_13_65:0.009661507487790924,cluster_14_97:0.01074318699806143)Node33:0)Node11:0.01515374134286637,cluster_15_134:0)Node10:0,cluster_16_72:0.01058855842076407)Node9:0.005145668923935767,cluster_18_74:0)Node8:0.005145668924282359,cluster_21_45:0.009833542517944648)Node7:0,cluster_22_67:0.004971832475846973)Node6:0,cluster_24_33:0.005145668923215864)Node5:0,cluster_29_48:0.004798769437677229)Node4:0.004797476559302287,cluster_32_90:0.0107431870355975)Node3:0,cluster_33_32:0.01530665147949524)Node2:0,cluster_35_47:0.009886003489042469)Node1:0.005149566709397591,cluster_41_53:0,cluster_54_71:0.01073462956647483)",