{
 "117-528": {
  "BranchLength": {
   "NS": 0.002771939404159897, 
   "S": 0.001701014554348092
  }, 
  "Diversity": {
   "NS": 0.00477672155861234, 
   "S": 0.003641666230280091
  }, 
  "Tree": {
   "Combined": "((((((((((((((((((((((cluster_0_212:0.002421353282852538,cluster_1_30678:0)Node21:0,cluster_2_395:0.007780148707315728)Node20:0.00238781250317833,cluster_4_437:0.02259639336973505)Node19:0,cluster_6_188:0.007480429857518032)Node18:0,cluster_9_637:0.005091595020644017)Node17:0,cluster_12_347:0.005084412246782448)Node16:0,(cluster_15_1303:0.02289435693444388,cluster_18_234:0.004845363035667286)Node29:0)Node15:0.002641631525038283,cluster_22_5903:0.007468704628182265)Node14:0,cluster_23_472:0.01260776199054493)Node13:0,cluster_24_1388:0.007713360519705834)Node12:0,(cluster_25_874:0.01935561318263444,cluster_27_149:0)Node35:0.0110599801110511)Node11:0,cluster_30_426:0.002449984111284614)Node10:0,cluster_33_150:0.009969840115179015)Node9:0,cluster_38_212:0.002668715639514168)Node8:0,cluster_40_143:0.02536702738529353)Node7:0,cluster_46_180:0.007548069822261346)Node6:0,cluster_80_200:0.007503543218461695)Node5:0,cluster_92_154:0.002428108559165772)Node4:0,cluster_101_162:0.004864413729038371)Node3:0,cluster_112_441:0.002416867502093922)Node2:0,cluster_170_239:0.005051926212991408)Node1:0,cluster_375_211:0.004867001803045065,cluster_424_271:0.002610328953268384)", 
   "NS": "((((((((((((((((((((((cluster_0_212:0.002421353282852538,cluster_1_30678:0)Node21:0,cluster_2_395:0.002519556932461188)Node20:0.00238781250317833,cluster_4_437:0.01561030868523896)Node19:0,cluster_6_188:0.00482419351330778)Node18:0,cluster_9_637:0.002421393103699592)Node17:0,cluster_12_347:0.002415666520013285)Node16:0,(cluster_15_1303:0.01292206804476362,cluster_18_234:0.004845363035667286)Node29:0)Node15:0,cluster_22_5903:0.004901090422004483)Node14:0,cluster_23_472:0.007371243049889609)Node13:0,cluster_24_1388:0.002742655241576945)Node12:0,(cluster_25_874:0.00888009253531157,cluster_27_149:0)Node35:0.006583775134669677)Node11:0,cluster_30_426:0.002449984111284614)Node10:0,cluster_33_150:0.00738055604998359)Node9:0,cluster_38_212:0)Node8:0,cluster_40_143:0.01836694490100487)Node7:0,cluster_46_180:0.00485229734174572)Node6:0,cluster_80_200:0.004907897833514612)Node5:0,cluster_92_154:0.002428108559165772)Node4:0,cluster_101_162:0.004864413729038371)Node3:0,cluster_112_441:0.002416867502093922)Node2:0,cluster_170_239:0.002444386968323521)Node1:0,cluster_375_211:0.004867001803045065,cluster_424_271:0)", 
   "S": "((((((((((((((((((((((cluster_0_212:0,cluster_1_30678:0)Node21:0,cluster_2_395:0.005260591774854538)Node20:0,cluster_4_437:0.006986084684496081)Node19:0,cluster_6_188:0.002656236344210255)Node18:0,cluster_9_637:0.002670201916944424)Node17:0,cluster_12_347:0.002668745726769161)Node16:0,(cluster_15_1303:0.009972288889680275,cluster_18_234:0)Node29:0)Node15:0.002641631525038283,cluster_22_5903:0.002567614206177782)Node14:0,cluster_23_472:0.005236518940655321)Node13:0,cluster_24_1388:0.004970705278128889)Node12:0,(cluster_25_874:0.01047552064732287,cluster_27_149:0)Node35:0.004476204976381429)Node11:0,cluster_30_426:0)Node10:0,cluster_33_150:0.002589284065195423)Node9:0,cluster_38_212:0.002668715639514168)Node8:0,cluster_40_143:0.007000082484288652)Node7:0,cluster_46_180:0.002695772480515631)Node6:0,cluster_80_200:0.002595645384947082)Node5:0,cluster_92_154:0)Node4:0,cluster_101_162:0)Node3:0,cluster_112_441:0)Node2:0,cluster_170_239:0.002607539244667889)Node1:0,cluster_375_211:0,cluster_424_271:0.002610328953268384)"
  }, 
  "omega": 0.45728923100826
 }, 
 "120-330": {
  "BranchLength": {
   "NS": 0.00083153826771518, 
   "S": 0.0008925740347294547
  }, 
  "Diversity": {
   "NS": 0.0001742895604316597, 
   "S": 0.0004007804970872951
  }, 
  "Tree": {
   "Combined": "((((((((cluster_0_49843:0,cluster_1_36:0.004712049623992344)Node7:0,cluster_2_44:0)Node6:0,cluster_3_955:0.005031347238972376)Node5:0,cluster_4_217:0)Node4:0,cluster_5_768:0.009783267038652088)Node3:0,cluster_6_180:0.004712049623894256)Node2:0,cluster_7_69:0)Node1:0,cluster_8_393:0.005071195616047722,cluster_9_61:0)", 
   "NS": "((((((((cluster_0_49843:0,cluster_1_36:0.004712049623992344)Node7:0,cluster_2_44:0)Node6:0,cluster_3_955:0)Node5:0,cluster_4_217:0)Node4:0,cluster_5_768:0.004712051303271459)Node3:0,cluster_6_180:0.004712049623894256)Node2:0,cluster_7_69:0)Node1:0,cluster_8_393:0,cluster_9_61:0)", 
   "S": "((((((((cluster_0_49843:0,cluster_1_36:0)Node7:0,cluster_2_44:0)Node6:0,cluster_3_955:0.005031347238972376)Node5:0,cluster_4_217:0)Node4:0,cluster_5_768:0.005071215735380632)Node3:0,cluster_6_180:0)Node2:0,cluster_7_69:0)Node1:0,cluster_8_393:0.005071195616047722,cluster_9_61:0)"
  }, 
  "omega": 0.2555031931637442
 }, 
 "150-360": {
  "BranchLength": {
   "NS": 0, 
   "S": 0.002271992936797712
  }, 
  "Diversity": {
   "NS": 0, 
   "S": 0.003870627583392489
  }, 
  "Tree": {
   "Combined": "(((((cluster_0_36163:0,cluster_2_946:0.005091512115743961)Node4:0,cluster_3_336:0.005064690183319454)Node3:0.004997582768929583,cluster_5_8633:0.004977346526645526)Node2:0,cluster_6_4787:0)Node1:0.004860790710136306,cluster_8_937:0,cluster_9_309:0)", 
   "NS": "(((((cluster_0_36163:0,cluster_2_946:0)Node4:0,cluster_3_336:0)Node3:0,cluster_5_8633:0)Node2:0,cluster_6_4787:0)Node1:0,cluster_8_937:0,cluster_9_309:0)", 
   "S": "(((((cluster_0_36163:0,cluster_2_946:0.005091512115743961)Node4:0,cluster_3_336:0.005064690183319454)Node3:0.004997582768929583,cluster_5_8633:0.004977346526645526)Node2:0,cluster_6_4787:0)Node1:0.004860790710136306,cluster_8_937:0,cluster_9_309:0)"
  }, 
  "omega": 0
 }, 
 "180-390": {
  "BranchLength": {
   "NS": 0.002656751385864451, 
   "S": 0.001056400928854858
  }, 
  "Diversity": {
   "NS": 0.003577236619346348, 
   "S": 0.002090577570885156
  }, 
  "Tree": {
   "Combined": "((((((((((((cluster_0_39147:0.001452058323046877,cluster_2_71:0.01493904582782417)Node11:0.003264155221826406,cluster_3_936:0.00533620198135788)Node10:0,cluster_4_303:0.005226216484785599)Node9:0,cluster_5_197:0.009488909340396813)Node8:0,cluster_6_36:0)Node7:0.005226061660627075,cluster_7_117:0.01434171444708188)Node6:0,cluster_8_10081:0.004727315154963438)Node5:0,cluster_9_106:0.004759845066048407)Node4:0,cluster_10_148:0.009509461556508321)Node3:0,cluster_11_411:0)Node2:0.004692115646003585,cluster_14_72:0)Node1:0,cluster_17_39:0,cluster_26_269:0.00986570715751227)", 
   "NS": "((((((((((((cluster_0_39147:0.001452058323046877,cluster_2_71:0.009480115071939117)Node11:0.003264155221826406,cluster_3_936:0)Node10:0,cluster_4_303:0)Node9:0,cluster_5_197:0.009488909340396813)Node8:0,cluster_6_36:0)Node7:0,cluster_7_117:0.01434171444708188)Node6:0,cluster_8_10081:0.004727315154963438)Node5:0,cluster_9_106:0.004759845066048407)Node4:0,cluster_10_148:0.009509461556508321)Node3:0,cluster_11_411:0)Node2:0.004692115646003585,cluster_14_72:0)Node1:0,cluster_17_39:0,cluster_26_269:0.004703094818796415)", 
   "S": "((((((((((((cluster_0_39147:0,cluster_2_71:0.005458930755885053)Node11:0,cluster_3_936:0.00533620198135788)Node10:0,cluster_4_303:0.005226216484785599)Node9:0,cluster_5_197:0)Node8:0,cluster_6_36:0)Node7:0.005226061660627075,cluster_7_117:0)Node6:0,cluster_8_10081:0)Node5:0,cluster_9_106:0)Node4:0,cluster_10_148:0)Node3:0,cluster_11_411:0)Node2:0,cluster_14_72:0)Node1:0,cluster_17_39:0,cluster_26_269:0.00516261233871585)"
  }, 
  "omega": 0.7225351968901684
 }, 
 "210-420": {
  "BranchLength": {
   "NS": 0.002301473953175811, 
   "S": 0.001384754437829977
  }, 
  "Diversity": {
   "NS": 0.0004587350610852334, 
   "S": 0.003390204389867486
  },