{
 "171-447": {
  "BranchLength": {
   "NS": 0.004835699690839258, 
   "S": 0.003219808946744432
  }, 
  "Diversity": {
   "NS": 0.01376646332987481, 
   "S": 0.007273927950170566
  }, 
  "Tree": {
   "Combined": "(((((((((((((((((((((((cluster_3_926:0.003537797955912273,cluster_20_8270:0)Node22:0,cluster_29_668:0.003563298371741868)Node21:0.02788721705053235,cluster_53_3339:0.003576444578253582)Node20:0,cluster_56_25337:0.00186287342807462)Node19:0.003774421933668332,cluster_57_1163:0.01146453129852897)Node18:0.0001906285045383733,cluster_58_6205:0.007008183587973389)Node17:0.002213031067185906,cluster_59_507:0.02487633793810445)Node16:0,(cluster_60_275:0.03014121358526789,cluster_62_2194:0)Node31:0)Node15:0,cluster_64_518:0.04422140437752386)Node14:0.003588432222613879,cluster_66_423:0.00796173746591433)Node13:0,cluster_67_152:0.02633838978626104)Node12:0,(cluster_70_150:0.01627646915025676,cluster_72_305:0.02905697941721194)Node37:0.001502344697485762)Node11:0.0001884540121583785,cluster_73_282:0.007858156670904505)Node10:0.002209353131128048,cluster_74_353:0.0349527899403425)Node9:0,cluster_77_193:0.0374856733629527)Node8:0,cluster_78_175:0.007951591847171877)Node7:0.005504126987719359,cluster_79_159:0.003852299546654339)Node6:0,cluster_82_1869:0.02704398038956452)Node5:0,cluster_86_187:0)Node4:0,cluster_97_286:0.008642430211173627)Node3:0.003643297313382949,cluster_105_180:0.004270604380760407)Node2:0.007343439404108765,cluster_230_287:0.003584970880308532)Node1:0.003670755432664752,cluster_261_203:0,cluster_279_277:0.003587280588723444)", 
   "NS": "(((((((((((((((((((((((cluster_3_926:0.003537797955912273,cluster_20_8270:0)Node22:0,cluster_29_668:0.003563298371741868)Node21:0.01688173932189332,cluster_53_3339:0.003576444578253582)Node20:0,cluster_56_25337:0)Node19:0.003774421933668332,cluster_57_1163:0.007186148770032742)Node18:0,cluster_58_6205:0.007008183587973389)Node17:0,cluster_59_507:0.02487633793810445)Node16:0,(cluster_60_275:0.01149512531300123,cluster_62_2194:0)Node31:0)Node15:0,cluster_64_518:0.01541826619957446)Node14:0.003588432222613879,cluster_66_423:0.00361331258238908)Node13:0,cluster_67_152:0.007647524422727872)Node12:0,(cluster_70_150:0.01627646915025676,cluster_72_305:0.01535262803286877)Node37:0)Node11:0.0001884540121583785,cluster_73_282:0.003585823579119919)Node10:0.002209353131128048,cluster_74_353:0.01917963104000465)Node9:0,cluster_77_193:0.02653919115847373)Node8:0,cluster_78_175:0.00362664844077707)Node7:0.005504126987719359,cluster_79_159:0.003852299546654339)Node6:0,cluster_82_1869:0.01630928233656627)Node5:0,cluster_86_187:0)Node4:0,cluster_97_286:0)Node3:0.003643297313382949,cluster_105_180:0)Node2:0.007343439404108765,cluster_230_287:0.003584970880308532)Node1:0.003670755432664752,cluster_261_203:0,cluster_279_277:0.003587280588723444)", 
   "S": "(((((((((((((((((((((((cluster_3_926:0,cluster_20_8270:0)Node22:0,cluster_29_668:0)Node21:0.01100547772863902,cluster_53_3339:0)Node20:0,cluster_56_25337:0.00186287342807462)Node19:0,cluster_57_1163:0.004278382528496229)Node18:0.0001906285045383733,cluster_58_6205:0)Node17:0.002213031067185906,cluster_59_507:0)Node16:0,(cluster_60_275:0.01864608827226667,cluster_62_2194:0)Node31:0)Node15:0,cluster_64_518:0.02880313817794941)Node14:0,cluster_66_423:0.004348424883525245)Node13:0,cluster_67_152:0.01869086536353317)Node12:0,(cluster_70_150:0,cluster_72_305:0.01370435138434316)Node37:0.001502344697485762)Node11:0,cluster_73_282:0.004272333091784586)Node10:0,cluster_74_353:0.01577315890033785)Node9:0,cluster_77_193:0.01094648220447894)Node8:0,cluster_78_175:0.004324943406394807)Node7:0,cluster_79_159:0)Node6:0,cluster_82_1869:0.01073469805299826)Node5:0,cluster_86_187:0)Node4:0,cluster_97_286:0.008642430211173627)Node3:0,cluster_105_180:0.004270604380760407)Node2:0,cluster_230_287:0)Node1:0,cluster_261_203:0,cluster_279_277:0)"
  }, 
  "omega": 0.4467493296342144
 }, 
 "180-390": {
  "BranchLength": {
   "NS": 0.002178143867242414, 
   "S": 0.001797778041198578
  }, 
  "Diversity": {
   "NS": 0.006585241935738602, 
   "S": 0.0009551356260975707
  }, 
  "Tree": {
   "Combined": "(((((((((((((((((((cluster_0_39292:0.004673454428459936,cluster_1_4852:0)Node18:0.004672733093450884,cluster_2_9405:0)Node17:0,cluster_3_599:0.01025578380566193)Node16:0.004677572367377726,(cluster_4_3384:0,cluster_5_49:0.004683920970065417)Node23:0)Node15:0,cluster_6_93:0.005571146397071947)Node14:0,cluster_7_1774:0.01488941434074874)Node13:0,cluster_8_38:0.01024583951593738)Node12:0,(cluster_9_269:0.005573672510317554,cluster_10_538:0.02046128562583887)Node29:0)Node11:0,cluster_12_292:0.009419277210677484)Node10:0.004674735759276721,cluster_13_36:0.005496451954067685)Node9:0,cluster_15_115:0.005573670147871864)Node8:0.004673131846549259,cluster_17_305:0.004680540921656168)Node7:0.005471714054678253,cluster_18_487:0)Node6:0,cluster_19_266:0.004677365956890501)Node5:0,cluster_20_54:0.004669273116370577)Node4:0,cluster_21_102:0.01007861652421078)Node3:0.005471396305375816,cluster_24_58:0.01024354779037422)Node2:0.002856610754551337,cluster_27_42:0)Node1:0.001801772290995011,cluster_29_39:0.005471714374486577,cluster_30_46:0)", 
   "NS": "(((((((((((((((((((cluster_0_39292:0.004673454428459936,cluster_1_4852:0)Node18:0.004672733093450884,cluster_2_9405:0)Node17:0,cluster_3_599:0.00468465173976177)Node16:0.004677572367377726,(cluster_4_3384:0,cluster_5_49:0.004683920970065417)Node23:0)Node15:0,cluster_6_93:0)Node14:0,cluster_7_1774:0.009420751283575536)Node13:0,cluster_8_38:0.004674708334713677)Node12:0,(cluster_9_269:0,cluster_10_538:0.009385917884545378)Node29:0)Node11:0,cluster_12_292:0.009419277210677484)Node10:0.004674735759276721,cluster_13_36:0)Node9:0,cluster_15_115:0)Node8:0.004673131846549259,cluster_17_305:0.004680540921656168)Node7:0,cluster_18_487:0)Node6:0,cluster_19_266:0.004677365956890501)Node5:0,cluster_20_54:0.004669273116370577)Node4:0,cluster_21_102:0.004661358477921478)Node3:0,cluster_24_58:0.00467240985458492)Node2:0.002856610754551337,cluster_27_42:0)Node1:0.001801772290995011,cluster_29_39:0,cluster_30_46:0)", 
   "S": "(((((((((((((((((((cluster_0_39292:0,cluster_1_4852:0)Node18:0,cluster_2_9405:0)Node17:0,cluster_3_599:0.005571132065900157)Node16:0,(cluster_4_3384:0,cluster_5_49:0)Node23:0)Node15:0,cluster_6_93:0.005571146397071947)Node14:0,cluster_7_1774:0.005468663057173207)Node13:0,cluster_8_38:0.005571131181223707)Node12:0,(cluster_9_269:0.005573672510317554,cluster_10_538:0.0110753677412935)Node29:0)Node11:0,cluster_12_292:0)Node10:0,cluster_13_36:0.005496451954067685)Node9:0,cluster_15_115:0.005573670147871864)Node8:0,cluster_17_305:0)Node7:0.005471714054678253,cluster_18_487:0)Node6:0,cluster_19_266:0)Node5:0,cluster_20_54:0)Node4:0,cluster_21_102:0.005417258046289303)Node3:0.005471396305375816,cluster_24_58:0.005571137935789298)Node2:0,cluster_27_42:0)Node1:0,cluster_29_39:0.005471714374486577,cluster_30_46:0)"
  }, 
  "omega": 0.3502775319094276
 }, 
 "210-420": {
  "BranchLength": {
   "NS": 0.003533772029436905, 
   "S": 0.003324476332853217
  }, 
  "Diversity": {
   "NS": 0.0120449158462788, 
   "S": 0.002516680356569777
  },