{
 "150-360": {
  "BranchLength": {
   "NS": 0, 
   "S": 0.006533167594748332
  }, 
  "Diversity": {
   "NS": 0, 
   "S": 0.01847151937934325
  }, 
  "Tree": {
   "Combined": "(((((cluster_0_104:0,cluster_1_56:0.005157875474107699)Node4:0,cluster_2_107:0.01697388742019113)Node3:0,cluster_4_68:0.0110882903919985)Node2:0,cluster_5_72:0.01718518971385351)Node1:0,cluster_9_128:0.01606461938990198,cluster_11_34:0.005394981152178828)", 
   "NS": "(((((cluster_0_104:0,cluster_1_56:0)Node4:0,cluster_2_107:0)Node3:0,cluster_4_68:0)Node2:0,cluster_5_72:0)Node1:0,cluster_9_128:0,cluster_11_34:0)", 
   "S": "(((((cluster_0_104:0,cluster_1_56:0.005157875474107699)Node4:0,cluster_2_107:0.01697388742019113)Node3:0,cluster_4_68:0.0110882903919985)Node2:0,cluster_5_72:0.01718518971385351)Node1:0,cluster_9_128:0.01606461938990198,cluster_11_34:0.005394981152178828)"
  }, 
  "omega": 0
 }, 
 "159-552": {
  "BranchLength": {
   "NS": 4.144294022533453e-05, 
   "S": 0.004290486392746535
  }, 
  "Diversity": {
   "NS": 6.069883609006735e-05, 
   "S": 0.01953244964869483
  }, 
  "Tree": {
   "Combined": "((((((((((((((((((((((((((((cluster_0_93:0.008303827925160394,cluster_4_48:0.008430592422079592)Node27:0,cluster_6_122:0.008443568812476704)Node26:0,cluster_7_14:0.008303825031721447)Node25:0,cluster_10_15:0.005547247942164858)Node24:0,cluster_14_61:0.01134805930672062)Node23:0,cluster_17_25:0.01135258696106988)Node22:0,cluster_18_43:0)Node21:0,cluster_19_26:0.005519237534659517)Node20:0,cluster_20_42:0.01136811828213972)Node19:0.002668131753019487,cluster_21_39:0.01121887113788926)Node18:0,cluster_25_10:0.0084260656266857)Node17:0,cluster_28_17:0.002812961040837276)Node16:0.002663584363891759,(cluster_31_21:0.008545034451878434,cluster_32_14:0.002765285807287079)Node41:0.002752708687834067)Node15:0,cluster_33_47:0.002749300103522093)Node14:0,cluster_34_140:0.0112395654566624)Node13:0,cluster_35_41:0.01129835684067529)Node12:0,(cluster_37_10:0,cluster_38_22:0.008422427678561219)Node47:0.002736859911345934)Node11:0,cluster_48_40:0.002769530718713744)Node10:0,cluster_49_34:0.00558722973655966)Node9:0,cluster_50_12:0.01423536056846912)Node8:0,cluster_52_84:0.008503423707564165)Node7:0.002489433826945848,cluster_56_16:0.00861438693748858)Node6:0,cluster_60_11:0.008663335007338928)Node5:0,cluster_67_14:0.01402423160346454)Node4:0.002413994359782194,cluster_71_35:0.008622193178473956)Node3:0.002864747689082116,cluster_95_19:0.005628797605524969)Node2:0,cluster_118_16:0.01729906776668871)Node1:0,cluster_125_10:0,cluster_237_12:0.005615739526904751)", 
   "NS": "((((((((((((((((((((((((((((cluster_0_93:0,cluster_4_48:0)Node27:0,cluster_6_122:0)Node26:0,cluster_7_14:0)Node25:0,cluster_10_15:0)Node24:0,cluster_14_61:0)Node23:0,cluster_17_25:0)Node22:0,cluster_18_43:0)Node21:0,cluster_19_26:0)Node20:0,cluster_20_42:0)Node19:0,cluster_21_39:0)Node18:0,cluster_25_10:0)Node17:0,cluster_28_17:0)Node16:0,(cluster_31_21:0,cluster_32_14:0)Node41:0)Node15:0,cluster_33_47:0)Node14:0,cluster_34_140:0)Node13:0,cluster_35_41:0)Node12:0,(cluster_37_10:0,cluster_38_22:0)Node47:0)Node11:0,cluster_48_40:0)Node10:0,cluster_49_34:0)Node9:0,cluster_50_12:0)Node8:0,cluster_52_84:0)Node7:0,cluster_56_16:0)Node6:0,cluster_60_11:0)Node5:0,cluster_67_14:0.002528019353745406)Node4:0,cluster_71_35:0)Node3:0,cluster_95_19:0)Node2:0,cluster_118_16:0)Node1:0,cluster_125_10:0,cluster_237_12:0)", 
   "S": "((((((((((((((((((((((((((((cluster_0_93:0.008303827925160394,cluster_4_48:0.008430592422079592)Node27:0,cluster_6_122:0.008443568812476704)Node26:0,cluster_7_14:0.008303825031721447)Node25:0,cluster_10_15:0.005547247942164858)Node24:0,cluster_14_61:0.01134805930672062)Node23:0,cluster_17_25:0.01135258696106988)Node22:0,cluster_18_43:0)Node21:0,cluster_19_26:0.005519237534659517)Node20:0,cluster_20_42:0.01136811828213972)Node19:0.002668131753019487,cluster_21_39:0.01121887113788926)Node18:0,cluster_25_10:0.0084260656266857)Node17:0,cluster_28_17:0.002812961040837276)Node16:0.002663584363891759,(cluster_31_21:0.008545034451878434,cluster_32_14:0.002765285807287079)Node41:0.002752708687834067)Node15:0,cluster_33_47:0.002749300103522093)Node14:0,cluster_34_140:0.0112395654566624)Node13:0,cluster_35_41:0.01129835684067529)Node12:0,(cluster_37_10:0,cluster_38_22:0.008422427678561219)Node47:0.002736859911345934)Node11:0,cluster_48_40:0.002769530718713744)Node10:0,cluster_49_34:0.00558722973655966)Node9:0,cluster_50_12:0.01423536056846912)Node8:0,cluster_52_84:0.008503423707564165)Node7:0.002489433826945848,cluster_56_16:0.00861438693748858)Node6:0,cluster_60_11:0.008663335007338928)Node5:0,cluster_67_14:0.01149621224971913)Node4:0.002413994359782194,cluster_71_35:0.008622193178473956)Node3:0.002864747689082116,cluster_95_19:0.005628797605524969)Node2:0,cluster_118_16:0.01729906776668871)Node1:0,cluster_125_10:0,cluster_237_12:0.005615739526904751)"
  }, 
  "omega": 0.003705995310437063
 }, 
 "180-390": {
  "BranchLength": {
   "NS": 0, 
   "S": 0.007238999532550802
  }, 
  "Diversity": {
   "NS": 0, 
   "S": 0.02250875418927707
  }, 
  "Tree": {
   "Combined": "((((((((((((cluster_0_111:0.004932281967185237,cluster_3_139:0)Node11:0,cluster_4_56:0.004928617853791574)Node10:0,cluster_5_142:0.01541808668027955)Node9:0,cluster_12_79:0.01029594193554546)Node8:0,cluster_15_32:0.02087237464482296)Node7:0,cluster_16_46:0.02105859658490791)Node6:0,cluster_17_39:0.02611809046035381)Node5:0,cluster_27_172:0.02068768051027725)Node4:0,cluster_28_43:0.02075436410402376)Node3:0,cluster_29_94:0.01563719282110548)Node2:0,cluster_40_45:0.00500840694923469)Node1:0.004967408136058633,cluster_41_41:0,cluster_58_38:0.01029594566618374)", 
   "NS": "((((((((((((cluster_0_111:0,cluster_3_139:0)Node11:0,cluster_4_56:0)Node10:0,cluster_5_142:0)Node9:0,cluster_12_79:0)Node8:0,cluster_15_32:0)Node7:0,cluster_16_46:0)Node6:0,cluster_17_39:0)Node5:0,cluster_27_172:0)Node4:0,cluster_28_43:0)Node3:0,cluster_29_94:0)Node2:0,cluster_40_45:0)Node1:0,cluster_41_41:0,cluster_58_38:0)", 
   "S": "((((((((((((cluster_0_111:0.004932281967185237,cluster_3_139:0)Node11:0,cluster_4_56:0.004928617853791574)Node10:0,cluster_5_142:0.01541808668027955)Node9:0,cluster_12_79:0.01029594193554546)Node8:0,cluster_15_32:0.02087237464482296)Node7:0,cluster_16_46:0.02105859658490791)Node6:0,cluster_17_39:0.02611809046035381)Node5:0,cluster_27_172:0.02068768051027725)Node4:0,cluster_28_43:0.02075436410402376)Node3:0,cluster_29_94:0.01563719282110548)Node2:0,cluster_40_45:0.00500840694923469)Node1:0.004967408136058633,cluster_41_41:0,cluster_58_38:0.01029594566618374)"
  }, 
  "omega": 0
 }, 
 "210-420": {
  "BranchLength": {
   "NS": 0.0001739593961695291, 
   "S": 0.007126117883100321
  }, 
  "Diversity": {
   "NS": 0.0002549872478533081, 
   "S": 0.02291866295204396
  }, 
  "Tree": {
   "Combined": "(((((((((((((cluster_0_106:0.01004886059197074,cluster_3_180:0)Node12:0,cluster_4_61:0.004992659794497675)Node11:0,cluster_5_144:0.01563696311598697)Node10:0,cluster_6_41:0.00499007548574213)Node9:0,cluster_11_80:0.01037089732528645)Node8:0,cluster_14_32:0.02564411653184453)Node7:0,cluster_15_43:0.02623957933799698)Node6:0,cluster_16_44:0.02126284365914643)Node5:0,cluster_24_174:0.02083701285497654)Node4:0,cluster_25_43:0.02100183430287144)Node3:0.005041139586582867,cluster_26_71:0.01046997150821397)Node2:0,cluster_37_44:0)Node1:0,cluster_50_47:0.01015894207549845,cluster_55_37:0.01040719036967075)", 
   "NS": "(((((((((((((cluster_0_106:0,cluster_3_180:0)Node12:0,cluster_4_61:0)Node11:0,cluster_5_144:0)Node10:0,cluster_6_41:0)Node9:0,cluster_11_80:0)Node8:0,cluster_14_32:0.004696903696577285)Node7:0,cluster_15_43:0)Node6:0,cluster_16_44:0)Node5:0,cluster_24_174:0)Node4:0,cluster_25_43:0)Node3:0,cluster_26_71:0)Node2:0,cluster_37_44:0)Node1:0,cluster_50_47:0,cluster_55_37:0)",