{
 "117-528": {
  "BranchLength": {
   "NS": 0.003236255525935558, 
   "S": 0.001579415438336927
  }, 
  "Diversity": {
   "NS": 0.007043950712673432, 
   "S": 0.007658233994964922
  }, 
  "Tree": {
   "Combined": "((((((((((((((((((((((((((cluster_0_11440:0,cluster_1_112:0.002496788462903314)Node25:0.002556764336712699,cluster_4_473:0)Node24:0,cluster_8_85:0.005091242686388932)Node23:0,cluster_9_442:0.01507875867476169)Node22:0,cluster_10_2046:0.02269339215979273)Node21:0,cluster_12_77:0.01278740552927718)Node20:0.002626619923854037,cluster_13_174:0.005123327641559481)Node19:0.005314623274403989,cluster_14_343:0.01506218105267595)Node18:0,cluster_15_235:0.03067213863377542)Node17:0.005105718862893523,cluster_16_365:0.005088208637227603)Node16:0,(cluster_18_317:0.02029401044931154,cluster_19_382:0.002561386292924422)Node37:0.002494430865996764)Node15:0,cluster_20_66:0.002501870538391523)Node14:0,cluster_33_322:0.002499348039479421)Node13:0,cluster_34_66:0.0280578456185615)Node12:0,(cluster_36_138:0.007517901880340958,cluster_37_165:0.02075065251168772)Node43:0)Node11:0,cluster_41_96:0.002495290143935224)Node10:0,cluster_43_716:0)Node9:0,cluster_44_123:0.002504783590452325)Node8:0,cluster_51_131:0.007495079365751472)Node7:0,cluster_54_86:0.007794118918519609)Node6:0,cluster_73_75:0.002588529150949951)Node5:0,cluster_92_98:0.01264066786700471)Node4:0,cluster_105_99:0.005020525296161139)Node3:0.002476367891367641,cluster_109_59:0.005123725419202321)Node2:0,cluster_112_94:0)Node1:0.007489158686693754,cluster_181_91:0,cluster_203_72:0.002490382560573054)", 
   "NS": "((((((((((((((((((((((((((cluster_0_11440:0,cluster_1_112:0.002496788462903314)Node25:0,cluster_4_473:0)Node24:0,cluster_8_85:0)Node23:0,cluster_9_442:0.01158047271712643)Node22:0,cluster_10_2046:0.01770375966769101)Node21:0,cluster_12_77:0)Node20:0,cluster_13_174:0.002496047639989447)Node19:0,cluster_14_343:0.01506218105267595)Node18:0,cluster_15_235:0.02605434468410689)Node17:0,cluster_16_365:0.003309372171366016)Node16:0,(cluster_18_317:0.0151759688870036,cluster_19_382:0)Node37:0.002494430865996764)Node15:0,cluster_20_66:0.002501870538391523)Node14:0,cluster_33_322:0.002499348039479421)Node13:0,cluster_34_66:0.02039132808275741)Node12:0,(cluster_36_138:0.007517901880340958,cluster_37_165:0.005011895698881877)Node43:0)Node11:0,cluster_41_96:0.002495290143935224)Node10:0,cluster_43_716:0)Node9:0,cluster_44_123:0.002504783590452325)Node8:0,cluster_51_131:0.007495079365751472)Node7:0,cluster_54_86:0.005025830407913419)Node6:0,cluster_73_75:0)Node5:0,cluster_92_98:0.01264066786700471)Node4:0,cluster_105_99:0.005020525296161139)Node3:0.002476367891367641,cluster_109_59:0.002532768779763406)Node2:0,cluster_112_94:0)Node1:0.007489158686693754,cluster_181_91:0,cluster_203_72:0.002490382560573054)", 
   "S": "((((((((((((((((((((((((((cluster_0_11440:0,cluster_1_112:0)Node25:0.002556764336712699,cluster_4_473:0)Node24:0,cluster_8_85:0.005091242686388932)Node23:0,cluster_9_442:0.003498285957635261)Node22:0,cluster_10_2046:0.004989632492101711)Node21:0,cluster_12_77:0.01278740552927718)Node20:0.002626619923854037,cluster_13_174:0.002627280001570037)Node19:0.005314623274403989,cluster_14_343:0)Node18:0,cluster_15_235:0.004617793949668537)Node17:0.005105718862893523,cluster_16_365:0.001778836465861584)Node16:0,(cluster_18_317:0.005118041562307943,cluster_19_382:0.002561386292924422)Node37:0)Node15:0,cluster_20_66:0)Node14:0,cluster_33_322:0)Node13:0,cluster_34_66:0.007666517535804083)Node12:0,(cluster_36_138:0,cluster_37_165:0.01573875681280584)Node43:0)Node11:0,cluster_41_96:0)Node10:0,cluster_43_716:0)Node9:0,cluster_44_123:0)Node8:0,cluster_51_131:0)Node7:0,cluster_54_86:0.00276828851060619)Node6:0,cluster_73_75:0.002588529150949951)Node5:0,cluster_92_98:0)Node4:0,cluster_105_99:0)Node3:0,cluster_109_59:0.002590956639438917)Node2:0,cluster_112_94:0)Node1:0,cluster_181_91:0,cluster_203_72:0)"
  }, 
  "omega": 0.4976512021859136
 }, 
 "120-330": {
  "BranchLength": {
   "NS": 0.00182174912079076, 
   "S": 0.003374762113080777
  }, 
  "Diversity": {
   "NS": 0.002101650185918198, 
   "S": 0.004309206193453855
  }, 
  "Tree": {
   "Combined": "((((((((((((((((cluster_0_16064:0,cluster_1_188:0.004814367911781642)Node15:0.004756071045346031,(cluster_3_626:0,cluster_7_106:0.009510053784230357)Node18:0)Node14:0,cluster_8_3522:0.004765986015011077)Node13:0,cluster_10_418:0.02412805340984565)Node12:0.004756331738363663,(cluster_11_229:0.009569965787059716,cluster_13_579:0.004802751319314023)Node23:0)Node11:0,cluster_14_69:0.004732713668922682)Node10:0,cluster_16_65:0.004780731767801945)Node9:0,cluster_17_65:0.01442138352656523)Node8:0,cluster_20_168:0.004813697879980983)Node7:0,cluster_22_94:0.009531894262128965)Node6:0,cluster_23_35:0.004798374127335276)Node5:0,cluster_24_209:0.004787685084772676)Node4:0,cluster_27_141:0.009701109665775162)Node3:0.004734214759418597,cluster_28_105:0.02938673714305116)Node2:0,cluster_34_70:0.01434064057408543)Node1:0,cluster_46_44:0.004781758380258239,cluster_53_33:0.01435639380219838)", 
   "NS": "((((((((((((((((cluster_0_16064:0,cluster_1_188:0.004814367911781642)Node15:0,(cluster_3_626:0,cluster_7_106:0)Node18:0)Node14:0,cluster_8_3522:0.004765986015011077)Node13:0,cluster_10_418:0)Node12:0,(cluster_11_229:0.004814126233663587,cluster_13_579:0.004802751319314023)Node23:0)Node11:0,cluster_14_69:0)Node10:0,cluster_16_65:0)Node9:0,cluster_17_65:0)Node8:0,cluster_20_168:0.004813697879980983)Node7:0,cluster_22_94:0.004798985668431504)Node6:0,cluster_23_35:0)Node5:0,cluster_24_209:0.004787685084772676)Node4:0,cluster_27_141:0.009701109665775162)Node3:0,cluster_28_105:0.004765326950804637)Node2:0,cluster_34_70:0.009651600677346175)Node1:0,cluster_46_44:0,cluster_53_33:0.009689080062376657)", 
   "S": "((((((((((((((((cluster_0_16064:0,cluster_1_188:0)Node15:0.004756071045346031,(cluster_3_626:0,cluster_7_106:0.009510053784230357)Node18:0)Node14:0,cluster_8_3522:0)Node13:0,cluster_10_418:0.02412805340984565)Node12:0.004756331738363663,(cluster_11_229:0.004755839553396133,cluster_13_579:0)Node23:0)Node11:0,cluster_14_69:0.004732713668922682)Node10:0,cluster_16_65:0.004780731767801945)Node9:0,cluster_17_65:0.01442138352656523)Node8:0,cluster_20_168:0)Node7:0,cluster_22_94:0.004732908593697459)Node6:0,cluster_23_35:0.004798374127335276)Node5:0,cluster_24_209:0)Node4:0,cluster_27_141:0)Node3:0.004734214759418597,cluster_28_105:0.02462141019224652)Node2:0,cluster_34_70:0.004689039896739247)Node1:0,cluster_46_44:0.004781758380258239,cluster_53_33:0.00466731373982173)"
  }, 
  "omega": 0.1693438633661467
 }, 
 "150-360": {
  "BranchLength": {
   "NS": 0.001534795560909558, 
   "S": 0.003957186130379184
  }, 
  "Diversity": {
   "NS": 0.001931150679086375, 
   "S": 0.004069814402623172
  }, 
  "Tree": {
   "Combined": "(((((((((((((cluster_0_16532:0.004826414081761421,cluster_2_649:0)Node12:0,(cluster_3_3610:0.004893291413508058,cluster_4_435:0.02475314379063146)Node15:0)Node11:0,cluster_6_107:0.009770516392897588)Node10:0.004825921755275984,cluster_8_595:0.004940047269061353)Node9:0,cluster_9_72:0.004865527827615857)Node8:0,cluster_10_68:0.004924177467780544)Node7:0,cluster_11_68:0.01479583602046734)Node6:0,cluster_14_166:0.004952569128048714)Node5:0,cluster_16_60:0.01991356061642527)Node4:0,cluster_17_32:0.004920496959788975)Node3:0,cluster_18_215:0.004928017204695286)Node2:0,cluster_21_140:0.009974275620820134)Node1:0,cluster_22_107:0.03598367349859553,cluster_37_46:0)",