{
 "180-390": {
  "BranchLength": {
   "NS": 0.002682795832760277, 
   "S": 0.006861686434273076
  }, 
  "Diversity": {
   "NS": 0.0201044288806405, 
   "S": 0.03988474643173422
  }, 
  "Tree": {
   "Combined": "(((((((((((((((((((((((((((((((((((((((((((cluster_0_4520:0,cluster_1_3459:0.01504864837989906)Node42:0,(cluster_2_506:0,cluster_3_1693:0.01788073399583575)Node45:0.020982082650391)Node41:0,cluster_4_82:0.004648238520189947)Node40:0,cluster_6_815:0.02735652107232217)Node39:0,cluster_7_378:0.03334318347070468)Node38:0,cluster_9_52:0.02105944021926903)Node37:0,cluster_10_832:0.005704264983241114)Node36:0,cluster_11_130:0.005782332446577412)Node35:0,cluster_12_254:0.009335747187424663)Node34:0.005704019084285296,cluster_13_143:0)Node33:0.03236261665583639,cluster_14_520:0.006752401767910591)Node32:0,cluster_15_124:0.006786104169549422)Node31:0.004805345023080354,cluster_16_361:0)Node30:0.02432391959533416,cluster_17_83:0.01988396477249898)Node29:0,cluster_18_104:0.0176826379551016)Node28:0.009344179705586717,cluster_21_277:0.01156258296975624)Node27:0,cluster_22_272:0.02090366611592042)Node26:0,cluster_23_57:0.02109142926366525)Node25:0,cluster_24_231:0.03324247127595547)Node24:0,cluster_26_48:0.005798219855194172)Node23:0,cluster_28_112:0.0270772586795332)Node22:0.009336188228120329,cluster_31_90:0.01133592218196791)Node21:0,cluster_34_141:0.0113653681018229)Node20:0.01575856108095115,cluster_35_34:0.01431687885052016)Node19:0,cluster_36_76:0.01748889531979854)Node18:0.02009126747227869,cluster_37_76:0.0176698463793978)Node17:0,cluster_39_36:0.01180461022739971)Node16:0,(cluster_40_166:0,cluster_42_45:0.01184091044683268)Node73:0)Node15:0,cluster_44_52:0.01160329964020623)Node14:0.005603615951225284,cluster_45_41:0.005974062332654006)Node13:0.02715511683772681,cluster_47_112:0.01152807285505664)Node12:0,(cluster_62_75:0.005894084208970782,cluster_63_77:0.04060005127199145)Node79:0)Node11:0,cluster_64_58:0.04051670676790064)Node10:0,cluster_65_52:0.01175701071270074)Node9:0,cluster_68_123:0.01151436645556502)Node8:0.004648038749926068,cluster_70_33:0.005679467652301256)Node7:0.01005749962101496,cluster_73_78:0.005655938048284633)Node6:0,cluster_85_36:0.01153917120525966)Node5:0,cluster_86_36:0.005555494444217765)Node4:0.004617129396885565,cluster_101_43:0.01042606844750591)Node3:0,cluster_106_38:0.03383839848960252)Node2:0,cluster_118_33:0.01611072330805528)Node1:0.0046613889375696,cluster_137_61:0.005691060923069104,cluster_166_52:0.04753962647225907)", 
   "NS": "(((((((((((((((((((((((((((((((((((((((((((cluster_0_4520:0,cluster_1_3459:0.00934419270665029)Node42:0,(cluster_2_506:0,cluster_3_1693:0)Node45:0.009625100462971974)Node41:0,cluster_4_82:0.004648238520189947)Node40:0,cluster_6_815:0.009530837430590048)Node39:0,cluster_7_378:0.009475307962609333)Node38:0,cluster_9_52:0.009351747520388099)Node37:0,cluster_10_832:0)Node36:0,cluster_11_130:0)Node35:0,cluster_12_254:0.009335747187424663)Node34:0,cluster_13_143:0)Node33:0.009489176465433522,cluster_14_520:0)Node32:0,cluster_15_124:0)Node31:0,cluster_16_361:0)Node30:0,cluster_17_83:0.0140917145278283)Node29:0,cluster_18_104:0)Node28:0.009344179705586717,cluster_21_277:0)Node27:0,cluster_22_272:0.009344338107265922)Node26:0,cluster_23_57:0.009343714509199946)Node25:0,cluster_24_231:0.009468052260079442)Node24:0,cluster_26_48:0)Node23:0,cluster_28_112:0.009525148748276691)Node22:0.009336188228120329,cluster_31_90:0)Node21:0,cluster_34_141:0)Node20:0.004635120316966545,cluster_35_34:0.01431687885052016)Node19:0,cluster_36_76:0)Node18:0.01408496710443043,cluster_37_76:0)Node17:0,cluster_39_36:0)Node16:0,(cluster_40_166:0,cluster_42_45:0)Node73:0)Node15:0,cluster_44_52:0)Node14:0,cluster_45_41:0)Node13:0.009521937511858487,cluster_47_112:0)Node12:0,(cluster_62_75:0,cluster_63_77:0.009451014121499646)Node79:0)Node11:0,cluster_64_58:0.009459436616025574)Node10:0,cluster_65_52:0)Node9:0,cluster_68_123:0)Node8:0.004648038749926068,cluster_70_33:0)Node7:0.004647622886738572,cluster_73_78:0)Node6:0,cluster_85_36:0)Node5:0,cluster_86_36:0)Node4:0.004617129396885565,cluster_101_43:0.004665295354706089)Node3:0,cluster_106_38:0.009493916036617313)Node2:0,cluster_118_33:0.004620832140760116)Node1:0.0046613889375696,cluster_137_61:0,cluster_166_52:0.009422750079586369)", 
   "S": "(((((((((((((((((((((((((((((((((((((((((((cluster_0_4520:0,cluster_1_3459:0.005704455673248769)Node42:0,(cluster_2_506:0,cluster_3_1693:0.01788073399583575)Node45:0.01135698218741902)Node41:0,cluster_4_82:0)Node40:0,cluster_6_815:0.01782568364173213)Node39:0,cluster_7_378:0.02386787550809533)Node38:0,cluster_9_52:0.01170769269888093)Node37:0,cluster_10_832:0.005704264983241114)Node36:0,cluster_11_130:0.005782332446577412)Node35:0,cluster_12_254:0)Node34:0.005704019084285296,cluster_13_143:0)Node33:0.02287344019040286,cluster_14_520:0.006752401767910591)Node32:0,cluster_15_124:0.006786104169549422)Node31:0.004805345023080354,cluster_16_361:0)Node30:0.02432391959533416,cluster_17_83:0.005792250244670669)Node29:0,cluster_18_104:0.0176826379551016)Node28:0,cluster_21_277:0.01156258296975624)Node27:0,cluster_22_272:0.0115593280086545)Node26:0,cluster_23_57:0.01174771475446532)Node25:0,cluster_24_231:0.02377441901587602)Node24:0,cluster_26_48:0.005798219855194172)Node23:0,cluster_28_112:0.01755210993125651)Node22:0,cluster_31_90:0.01133592218196791)Node21:0,cluster_34_141:0.0113653681018229)Node20:0.0111234407639846,cluster_35_34:0)Node19:0,cluster_36_76:0.01748889531979854)Node18:0.006006300367848274,cluster_37_76:0.0176698463793978)Node17:0,cluster_39_36:0.01180461022739971)Node16:0,(cluster_40_166:0,cluster_42_45:0.01184091044683268)Node73:0)Node15:0,cluster_44_52:0.01160329964020623)Node14:0.005603615951225284,cluster_45_41:0.005974062332654006)Node13:0.01763317932586832,cluster_47_112:0.01152807285505664)Node12:0,(cluster_62_75:0.005894084208970782,cluster_63_77:0.03114903715049178)Node79:0)Node11:0,cluster_64_58:0.03105727015187508)Node10:0,cluster_65_52:0.01175701071270074)Node9:0,cluster_68_123:0.01151436645556502)Node8:0,cluster_70_33:0.005679467652301256)Node7:0.005409876734276383,cluster_73_78:0.005655938048284633)Node6:0,cluster_85_36:0.01153917120525966)Node5:0,cluster_86_36:0.005555494444217765)Node4:0,cluster_101_43:0.005760773092799821)Node3:0,cluster_106_38:0.02434448245298519)Node2:0,cluster_118_33:0.01148989116729516)Node1:0,cluster_137_61:0.005691060923069104,cluster_166_52:0.0381168763926727)"
  }, 
  "omega": 0.152865045564454
 }, 
 "180-429": {
  "BranchLength": {
   "NS": 0.00257235649351946, 
   "S": 0.005568046726094206
  }, 
  "Diversity": {
   "NS": 0.01796482251966726, 
   "S": 0.0360964999548619
  },