{
 "180-390": {
  "BranchLength": {
   "NS": 0.002272531283982553, 
   "S": 0.007084022353513129
  }, 
  "Diversity": {
   "NS": 0.008601006813528513, 
   "S": 0.03479413337684699
  }, 
  "Tree": {
   "Combined": "((((((((((((((((((((((((((((((((((((((((((((((((cluster_0_7157:0.02698360377019873,cluster_1_1281:0.005645883190368896)Node47:0,cluster_2_39:0.03315535060065097)Node46:0,cluster_3_365:0.005551047607504454)Node45:0,cluster_4_297:0.02709061202934343)Node44:0,cluster_5_1154:0.005634976409947871)Node43:0,cluster_6_825:0.02076326041523754)Node42:0,(cluster_7_2097:0,cluster_8_133:0.005672435903355541)Node55:0.01144608818753652)Node41:0,cluster_9_777:0.01160429693816496)Node40:0,cluster_10_74:0.0270190828024015)Node39:0,cluster_11_655:0.005562050304054759)Node38:0,cluster_12_242:0.005640078998085701)Node37:0.005639443886776631,cluster_13_346:0.03664897775506055)Node36:0,cluster_14_306:0.005734921566752663)Node35:0.005639633741301191,cluster_15_225:0)Node34:0,cluster_16_415:0.03177475962102865)Node33:0,cluster_17_324:0.01143468741408715)Node32:0,cluster_18_51:0.005639886159590493)Node31:0,cluster_20_82:0.02073978233397633)Node30:0.01144588695253256,cluster_21_48:0.0056676919113446)Node29:0,cluster_22_159:0.04760260238030503)Node28:0,cluster_23_54:0.004680038028883642)Node27:0,cluster_24_59:0.005572112023680786)Node26:0,cluster_25_393:0.02677209450266757)Node25:0.005841130939943821,cluster_26_58:0.005680408340349326)Node24:0.0121165972541216,cluster_27_44:0.005726190789428925)Node23:0,cluster_28_258:0.02698306896379052)Node22:0,cluster_30_336:0.005635732756940181)Node21:0,cluster_32_584:0.01160489492462574)Node20:0,cluster_34_76:0.005726190712573495)Node19:0.005673232892971149,cluster_35_45:0.02558961417465204)Node18:0,cluster_36_94:0.01791716595088043)Node17:0,cluster_37_42:0.02097503826268081)Node16:0,(cluster_38_160:0.02075862522428214,cluster_40_102:0.02340777096683938)Node83:0)Node15:0,cluster_43_75:0.02340778901914091)Node14:0,cluster_46_34:0.02076556012235521)Node13:0,cluster_47_41:0.03641788401096607)Node12:0,(cluster_49_175:0.01857467808855324,cluster_51_245:0.005726983795933949)Node89:0.005779756641873034)Node11:0,cluster_52_40:0.02377443362759263)Node10:0,cluster_54_36:0.01513203244699088)Node9:0,cluster_61_61:0.02423071263082108)Node8:0,cluster_62_45:0.02464388196472038)Node7:0.01477471188811137,cluster_68_54:0.005831041606570356)Node6:0,cluster_73_112:0.005932520552823308)Node5:0,cluster_74_71:0.005932508719581513)Node4:0.02066896248698149,cluster_81_57:0.01769239119175276)Node3:0,cluster_82_33:0.02717098072391954)Node2:0,cluster_94_49:0.03352215075644922)Node1:0,cluster_116_32:0.01172568126032978,cluster_165_32:0.01162341553766975)", 
   "NS": "((((((((((((((((((((((((((((((((((((((((((((((((cluster_0_7157:0.009612897497319514,cluster_1_1281:0)Node47:0,cluster_2_39:0.009556785082363585)Node46:0,cluster_3_365:0)Node45:0,cluster_4_297:0.009429968819919437)Node44:0,cluster_5_1154:0)Node43:0,cluster_6_825:0.009726425635977086)Node42:0,(cluster_7_2097:0,cluster_8_133:0)Node55:0)Node41:0,cluster_9_777:0)Node40:0,cluster_10_74:0.009615329648968973)Node39:0,cluster_11_655:0)Node38:0,cluster_12_242:0)Node37:0,cluster_13_346:0.01951239210358037)Node36:0,cluster_14_306:0)Node35:0,cluster_15_225:0)Node34:0,cluster_16_415:0.01453541578225651)Node33:0,cluster_17_324:0)Node32:0,cluster_18_51:0)Node31:0,cluster_20_82:0.009724157281609047)Node30:0,cluster_21_48:0)Node29:0,cluster_22_159:0.00950741147834955)Node28:0,cluster_23_54:0.004680038028883642)Node27:0,cluster_24_59:0)Node26:0,cluster_25_393:0.009618264921276274)Node25:0,cluster_26_58:0)Node24:0,cluster_27_44:0)Node23:0,cluster_28_258:0.009612890191344004)Node22:0,cluster_30_336:0)Node21:0,cluster_32_584:0)Node20:0,cluster_34_76:0)Node19:0,cluster_35_45:0.01420268415558669)Node18:0,cluster_36_94:0)Node17:0,cluster_37_42:0.00939374837262338)Node16:0,(cluster_38_160:0.009391085773134213,cluster_40_102:0)Node83:0)Node15:0,cluster_43_75:0)Node14:0,cluster_46_34:0.009388436690927598)Node13:0,cluster_47_41:0.01906934335648159)Node12:0,(cluster_49_175:0,cluster_51_245:0)Node89:0)Node11:0,cluster_52_40:0)Node10:0,cluster_54_36:0.009391754496526213)Node9:0,cluster_61_61:0)Node8:0,cluster_62_45:0)Node7:0.009391719061786437,cluster_68_54:0)Node6:0,cluster_73_112:0)Node5:0,cluster_74_71:0)Node4:0.009724905384495561,cluster_81_57:0)Node3:0,cluster_82_33:0.009427310343264954)Node2:0,cluster_94_49:0.009557758143528286)Node1:0,cluster_116_32:0,cluster_165_32:0)", 
   "S": "((((((((((((((((((((((((((((((((((((((((((((((((cluster_0_7157:0.01737070627287923,cluster_1_1281:0.005645883190368896)Node47:0,cluster_2_39:0.02359856551828739)Node46:0,cluster_3_365:0.005551047607504454)Node45:0,cluster_4_297:0.017660643209424)Node44:0,cluster_5_1154:0.005634976409947871)Node43:0,cluster_6_825:0.01103683477926045)Node42:0,(cluster_7_2097:0,cluster_8_133:0.005672435903355541)Node55:0.01144608818753652)Node41:0,cluster_9_777:0.01160429693816496)Node40:0,cluster_10_74:0.01740375315343252)Node39:0,cluster_11_655:0.005562050304054759)Node38:0,cluster_12_242:0.005640078998085701)Node37:0.005639443886776631,cluster_13_346:0.01713658565148017)Node36:0,cluster_14_306:0.005734921566752663)Node35:0.005639633741301191,cluster_15_225:0)Node34:0,cluster_16_415:0.01723934383877215)Node33:0,cluster_17_324:0.01143468741408715)Node32:0,cluster_18_51:0.005639886159590493)Node31:0,cluster_20_82:0.01101562505236728)Node30:0.01144588695253256,cluster_21_48:0.0056676919113446)Node29:0,cluster_22_159:0.03809519090195551)Node28:0,cluster_23_54:0)Node27:0,cluster_24_59:0.005572112023680786)Node26:0,cluster_25_393:0.0171538295813913)Node25:0.005841130939943821,cluster_26_58:0.005680408340349326)Node24:0.0121165972541216,cluster_27_44:0.005726190789428925)Node23:0,cluster_28_258:0.01737017877244652)Node22:0,cluster_30_336:0.005635732756940181)Node21:0,cluster_32_584:0.01160489492462574)Node20:0,cluster_34_76:0.005726190712573495)Node19:0.005673232892971149,cluster_35_45:0.01138693001906536)Node18:0,cluster_36_94:0.01791716595088043)Node17:0,cluster_37_42:0.01158128989005743)Node16:0,(cluster_38_160:0.01136753945114793,cluster_40_102:0.02340777096683938)Node83:0)Node15:0,cluster_43_75:0.02340778901914091)Node14:0,cluster_46_34:0.01137712343142761)Node13:0,cluster_47_41:0.01734854065448447)Node12:0,(cluster_49_175:0.01857467808855324,cluster_51_245:0.005726983795933949)Node89:0.005779756641873034)Node11:0,cluster_52_40:0.02377443362759263)Node10:0,cluster_54_36:0.00574027795046467)Node9:0,cluster_61_61:0.02423071263082108)Node8:0,cluster_62_45:0.02464388196472038)Node7:0.005382992826324941,cluster_68_54:0.005831041606570356)Node6:0,cluster_73_112:0.005932520552823308)Node5:0,cluster_74_71:0.005932508719581513)Node4:0.01094405710248592,cluster_81_57:0.01769239119175276)Node3:0,cluster_82_33:0.01774367038065458)Node2:0,cluster_94_49:0.02396439261292095)Node1:0,cluster_116_32:0.01172568126032978,cluster_165_32:0.01162341553766975)"
  }, 
  "omega": 0.1314067004745088
 }, 
 "180-429": {
  "BranchLength": {
   "NS": 0.001741127773656825, 
   "S": 0.005438325746862514
  }, 
  "Diversity": {
   "NS": 0.006898539279796318, 
   "S": 0.02798724342316171
  },