
{
	"Actual comparisons performed" :29331276,
	"Comparisons accounting for copy numbers " :4.4577e+08,
	"Total comparisons possible" : 69661306,
	"Links found" : 48259980,
	"Maximum distance" : 0.247076,
	"Mean distance" : 0.0345603,
	"Histogram" : [[0.005,30423575],[0.01,17836405],[0.015,15002654],[0.02,16527728],[0.025,22631355],[0.03,54911730],[0.035,62548948],[0.04,63058736],[0.045,54024899],[0.05,36682264],[0.055,26680048],[0.06,14883369],[0.065,12941103],[0.07,7163844],[0.075,3810925],[0.08,2081534],[0.085,1364013],[0.09,1080055],[0.095,572228],[0.1,473789],[0.105,206492],[0.11,199238],[0.115,188555],[0.12,92570],[0.125,100195],[0.13,55955],[0.135,57550],[0.14,41323],[0.145,24930],[0.15,23820],[0.155,14276],[0.16,17648],[0.165,5080],[0.17,11301],[0.175,2028],[0.18,1770],[0.185,20766],[0.19,615],[0.195,5542],[0.2,867],[0.205,125],[0.21,353],[0.215,54],[0.22,41],[0.225,46],[0.23,4],[0.235,0],[0.24,4],[0.245,3],[0.25,1],[0.255,0],[0.26,0],[0.265,0],[0.27,0],[0.275,0],[0.28,0],[0.285,0],[0.29,0],[0.295,0],[0.3,0],[0.305,0],[0.31,0],[0.315,0],[0.32,0],[0.325,0],[0.33,0],[0.335,0],[0.34,0],[0.345,0],[0.35,0],[0.355,0],[0.36,0],[0.365,0],[0.37,0],[0.375,0],[0.38,0],[0.385,0],[0.39,0],[0.395,0],[0.4,0],[0.405,0],[0.41,0],[0.415,0],[0.42,0],[0.425,0],[0.43,0],[0.435,0],[0.44,0],[0.445,0],[0.45,0],[0.455,0],[0.46,0],[0.465,0],[0.47,0],[0.475,0],[0.48,0],[0.485,0],[0.49,0],[0.495,0],[0.5,0],[0.505,0],[0.51,0],[0.515,0],[0.52,0],[0.525,0],[0.53,0],[0.535,0],[0.54,0],[0.545,0],[0.55,0],[0.555,0],[0.56,0],[0.565,0],[0.57,0],[0.575,0],[0.58,0],[0.585,0],[0.59,0],[0.595,0],[0.6,0],[0.605,0],[0.61,0],[0.615,0],[0.62,0],[0.625,0],[0.63,0],[0.635,0],[0.64,0],[0.645,0],[0.65,0],[0.655,0],[0.66,0],[0.665,0],[0.67,0],[0.675,0],[0.68,0],[0.685,0],[0.69,0],[0.695,0],[0.7,0],[0.705,0],[0.71,0],[0.715,0],[0.72,0],[0.725,0],[0.73,0],[0.735,0],[0.74,0],[0.745,0],[0.75,0],[0.755,0],[0.76,0],[0.765,0],[0.77,0],[0.775,0],[0.78,0],[0.785,0],[0.79,0],[0.795,0],[0.8,0],[0.805,0],[0.81,0],[0.815,0],[0.82,0],[0.825,0],[0.83,0],[0.835,0],[0.84,0],[0.845,0],[0.85,0],[0.855,0],[0.86,0],[0.865,0],[0.87,0],[0.875,0],[0.88,0],[0.885,0],[0.89,0],[0.895,0],[0.9,0],[0.905,0],[0.91,0],[0.915,0],[0.92,0],[0.925,0],[0.93,0],[0.935,0],[0.94,0],[0.945,0],[0.95,0],[0.955,0],[0.96,0],[0.965,0],[0.97,0],[0.975,0],[0.98,0],[0.985,0],[0.99,0],[0.995,0],[1,0]]
}
