{
 "180-390": {
  "BranchLength": {
   "NS": 0.001337604303088619, 
   "S": 0.005032019578022881
  }, 
  "Diversity": {
   "NS": 0.0005262216111345098, 
   "S": 0.001970268718283125
  }, 
  "Tree": {
   "Combined": "(((cluster_0_2765:0,cluster_1_36:0.005684661980008718)Node2:0,cluster_2_535:0.00556423917234553)Node1:0,cluster_3_176:0.004686761341239622,cluster_8_32:0.02865170467418663)", 
   "NS": "(((cluster_0_2765:0,cluster_1_36:0)Node2:0,cluster_2_535:0)Node1:0,cluster_3_176:0.004686761341239622,cluster_8_32:0.004676468780380712)", 
   "S": "(((cluster_0_2765:0,cluster_1_36:0.005684661980008718)Node2:0,cluster_2_535:0.00556423917234553)Node1:0,cluster_3_176:0,cluster_8_32:0.02397523589380592)"
  }, 
  "omega": 0.1050526853712621
 }, 
 "180-429": {
  "BranchLength": {
   "NS": 0.0008678127369864795, 
   "S": 0.003065471217238619
  }, 
  "Diversity": {
   "NS": 0.0009338432535823627, 
   "S": 0.001579633866836266
  }, 
  "Tree": {
   "Combined": "(((((((((((cluster_0_2433:0,cluster_1_22:0.004643988073883528)Node10:0,cluster_2_375:0.004577370571790592)Node9:0,cluster_3_196:0.003987766128280605)Node8:0,cluster_4_167:0.003975047434999102)Node7:0,cluster_5_10:0.009233076730524632)Node6:0,cluster_6_14:0)Node5:0,cluster_7_11:0.008827345231750489)Node4:0,cluster_9_235:0)Node3:0.004581820861708304,cluster_10_36:0)Node2:0.00396442744622993,cluster_12_17:0.01875730951916285)Node1:0,cluster_13_14:0.0239529514955676,cluster_21_15:0.003964427453279632)", 
   "NS": "(((((((((((cluster_0_2433:0,cluster_1_22:0)Node10:0,cluster_2_375:0)Node9:0,cluster_3_196:0.003987766128280605)Node8:0,cluster_4_167:0.003975047434999102)Node7:0,cluster_5_10:0)Node6:0,cluster_6_14:0)Node5:0,cluster_7_11:0.00406802448789976)Node4:0,cluster_9_235:0)Node3:0,cluster_10_36:0)Node2:0.00396442744622993,cluster_12_17:0)Node1:0,cluster_13_14:0,cluster_21_15:0.003964427453279632)", 
   "S": "(((((((((((cluster_0_2433:0,cluster_1_22:0.004643988073883528)Node10:0,cluster_2_375:0.004577370571790592)Node9:0,cluster_3_196:0)Node8:0,cluster_4_167:0)Node7:0,cluster_5_10:0.009233076730524632)Node6:0,cluster_6_14:0)Node5:0,cluster_7_11:0.004759320743850728)Node4:0,cluster_9_235:0)Node3:0.004581820861708304,cluster_10_36:0)Node2:0,cluster_12_17:0.01875730951916285)Node1:0,cluster_13_14:0.0239529514955676,cluster_21_15:0)"
  }, 
  "omega": 0.1068088162373474
 }, 
 "210-420": {
  "BranchLength": {
   "NS": 0.00160473439808184, 
   "S": 0.001760739261405543
  }, 
  "Diversity": {
   "NS": 0.0004547663389214151, 
   "S": 0.0001571055912934907
  }, 
  "Tree": {
   "Combined": "(cluster_0_2974:0,cluster_2_158:0.004814203194245521,cluster_6_48:0.005282217784216628)", 
   "NS": "(cluster_0_2974:0,cluster_2_158:0.004814203194245521,cluster_6_48:0)", 
   "S": "(cluster_0_2974:0,cluster_2_158:0,cluster_6_48:0.005282217784216628)"
  }, 
  "omega": 0.3596596442607221
 }
}