{
 "150-360": {
  "BranchLength": {
   "NS": 0, 
   "S": 0.005278069803774692
  }, 
  "Diversity": {
   "NS": 0, 
   "S": 0
  }, 
  "Tree": {
   "Combined": "(cluster_2_88:0.005278069803774692)", 
   "NS": "(cluster_2_88:0)", 
   "S": "(cluster_2_88:0.005278069803774692)"
  }, 
  "omega": 0
 }, 
 "159-552": {
  "BranchLength": {
   "NS": 0.0006216547754759352, 
   "S": 0.00172904857762028
  }, 
  "Diversity": {
   "NS": 0.001429429214809477, 
   "S": 0.007012119172274765
  }, 
  "Tree": {
   "Combined": "(((((((((((((((((((((((((((((((((((((((((((cluster_0_355:0.002704757982470459,cluster_1_103:0.002577710261756979)Node42:0,cluster_2_27:0.007909999315304721)Node41:0,cluster_3_183:0.002744700284654987)Node40:0,cluster_5_792:0)Node39:0,cluster_6_61:0.005316151329207228)Node38:0,cluster_7_15:0.0081853387147055)Node37:0,cluster_8_34:0.005530181566405973)Node36:0,cluster_9_70:0.002727583655922061)Node35:0,cluster_10_10:0.007982563351787538)Node34:0.002704785047059152,cluster_12_65:0.002564575859404945)Node33:0,cluster_13_47:0.005524080796330967)Node32:0,cluster_17_210:0.00256511309022778)Node31:0,cluster_18_111:0)Node30:0,cluster_19_38:0.007934492625130348)Node29:0,cluster_22_20:0.002733236368232677)Node28:0,cluster_23_40:0.002707814200386722)Node27:0.002704918388612584,cluster_26_15:0.002704918406477996)Node26:0,cluster_27_10:0.007746988231589856)Node25:0,cluster_28_38:0.002704785060573864)Node24:0,cluster_31_69:0.002567749645272801)Node23:0,cluster_32_12:0.00557417378656007)Node22:0,cluster_33_84:0.002747970845410959)Node21:0,cluster_34_12:0.005515729546067577)Node20:0,cluster_35_34:0.005313446146919119)Node19:0.002704903142713733,cluster_36_69:0.00266603892237185)Node18:0,cluster_37_27:0.0052725667943047)Node17:0,cluster_39_20:0.005530234764048871)Node16:0,(cluster_42_67:0,cluster_43_12:0.005573270526687074)Node71:0.002704801453996272)Node15:0,cluster_44_20:0.008668328010590656)Node14:0,cluster_48_10:0.005574192346701476)Node13:0.002705158242644801,cluster_51_24:0.005488957549489311)Node12:0,(cluster_55_31:0.005523761786616926,cluster_63_26:0.005570974901502369)Node77:0)Node11:0,cluster_64_14:0.00527130759742609)Node10:0,cluster_65_15:0.002723443659583228)Node9:0,cluster_73_11:0.002747970721288337)Node8:0,cluster_76_26:0.002745126037464986)Node7:0,cluster_84_13:0.005534524738272747)Node6:0,cluster_85_20:0.005313591504249458)Node5:0,cluster_103_12:0.005379543832853277)Node4:0,cluster_112_10:0.002771702768846533)Node3:0,cluster_114_15:0.005614873549148983)Node2:0,cluster_133_46:0)Node1:0,cluster_156_12:0.005271174051305528,cluster_187_35:0.00256379372317551)", 
   "NS": "(((((((((((((((((((((((((((((((((((((((((((cluster_0_355:0,cluster_1_103:0.002577710261756979)Node42:0,cluster_2_27:0.005145472585275809)Node41:0,cluster_3_183:0)Node40:0,cluster_5_792:0)Node39:0,cluster_6_61:0.002568188427983793)Node38:0,cluster_7_15:0.002569230227140964)Node37:0,cluster_8_34:0)Node36:0,cluster_9_70:0)Node35:0,cluster_10_10:0.005151855794570428)Node34:0,cluster_12_65:0.002564575859404945)Node33:0,cluster_13_47:0)Node32:0,cluster_17_210:0.00256511309022778)Node31:0,cluster_18_111:0)Node30:0,cluster_19_38:0.00514624190701439)Node29:0,cluster_22_20:0)Node28:0,cluster_23_40:0)Node27:0,cluster_26_15:0)Node26:0,cluster_27_10:0.007746988231589856)Node25:0,cluster_28_38:0)Node24:0,cluster_31_69:0.002567749645272801)Node23:0,cluster_32_12:0)Node22:0,cluster_33_84:0)Node21:0,cluster_34_12:0)Node20:0,cluster_35_34:0.002568769629688071)Node19:0,cluster_36_69:0)Node18:0,cluster_37_27:0.002564563988329012)Node17:0,cluster_39_20:0)Node16:0,(cluster_42_67:0,cluster_43_12:0)Node71:0)Node15:0,cluster_44_20:0)Node14:0,cluster_48_10:0)Node13:0,cluster_51_24:0)Node12:0,(cluster_55_31:0,cluster_63_26:0)Node77:0)Node11:0,cluster_64_14:0.002566413178548455)Node10:0,cluster_65_15:0)Node9:0,cluster_73_11:0)Node8:0,cluster_76_26:0)Node7:0,cluster_84_13:0)Node6:0,cluster_85_20:0.002568769624328303)Node5:0,cluster_103_12:0.002568734966292324)Node4:0,cluster_112_10:0)Node3:0,cluster_114_15:0)Node2:0,cluster_133_46:0)Node1:0,cluster_156_12:0.002566413427710684,cluster_187_35:0.00256379372317551)", 
   "S": "(((((((((((((((((((((((((((((((((((((((((((cluster_0_355:0.002704757982470459,cluster_1_103:0)Node42:0,cluster_2_27:0.00276452673002891)Node41:0,cluster_3_183:0.002744700284654987)Node40:0,cluster_5_792:0)Node39:0,cluster_6_61:0.002747962901223436)Node38:0,cluster_7_15:0.005616108487564538)Node37:0,cluster_8_34:0.005530181566405973)Node36:0,cluster_9_70:0.002727583655922061)Node35:0,cluster_10_10:0.002830707557217109)Node34:0.002704785047059152,cluster_12_65:0)Node33:0,cluster_13_47:0.005524080796330967)Node32:0,cluster_17_210:0)Node31:0,cluster_18_111:0)Node30:0,cluster_19_38:0.002788250718115955)Node29:0,cluster_22_20:0.002733236368232677)Node28:0,cluster_23_40:0.002707814200386722)Node27:0.002704918388612584,cluster_26_15:0.002704918406477996)Node26:0,cluster_27_10:0)Node25:0,cluster_28_38:0.002704785060573864)Node24:0,cluster_31_69:0)Node23:0,cluster_32_12:0.00557417378656007)Node22:0,cluster_33_84:0.002747970845410959)Node21:0,cluster_34_12:0.005515729546067577)Node20:0,cluster_35_34:0.002744676517231049)Node19:0.002704903142713733,cluster_36_69:0.00266603892237185)Node18:0,cluster_37_27:0.00270800280597569)Node17:0,cluster_39_20:0.005530234764048871)Node16:0,(cluster_42_67:0,cluster_43_12:0.005573270526687074)Node71:0.002704801453996272)Node15:0,cluster_44_20:0.008668328010590656)Node14:0,cluster_48_10:0.005574192346701476)Node13:0.002705158242644801,cluster_51_24:0.005488957549489311)Node12:0,(cluster_55_31:0.005523761786616926,cluster_63_26:0.005570974901502369)Node77:0)Node11:0,cluster_64_14:0.002704894418877637)Node10:0,cluster_65_15:0.002723443659583228)Node9:0,cluster_73_11:0.002747970721288337)Node8:0,cluster_76_26:0.002745126037464986)Node7:0,cluster_84_13:0.005534524738272747)Node6:0,cluster_85_20:0.002744821879921154)Node5:0,cluster_103_12:0.002810808866560954)Node4:0,cluster_112_10:0.002771702768846533)Node3:0,cluster_114_15:0.005614873549148983)Node2:0,cluster_133_46:0)Node1:0,cluster_156_12:0.002704760623594846,cluster_187_35:0)"
  }, 
  "omega": 0.1444924082099245
 }, 
 "180-390": {
  "BranchLength": {
   "NS": 0.001749027588064239, 
   "S": 0.001742741851087019
  }, 
  "Diversity": {
   "NS": 0.002358184864967151, 
   "S": 0.002317646618965344
  }, 
  "Tree": {
   "Combined": "(((((((((((cluster_0_1518:0,cluster_1_59:0.005176647819106041)Node10:0,cluster_3_282:0.005002951766826631)Node9:0,cluster_5_177:0.004970511353652995)Node8:0,cluster_6_217:0.004978350439147201)Node7:0,cluster_7_39:0.009982577878128009)Node6:0,cluster_12_42:0.009991646467934252)Node5:0,cluster_13_142:0.004839432676465114)Node4:0,cluster_15_42:0.004839193810655998)Node3:0,cluster_19_33:0.01053519186887177)Node2:0,cluster_22_47:0.01012656730468692)Node1:0,cluster_30_35:0.004916198418251344,cluster_104_59:0.004951427296752661)", 
   "NS": "(((((((((((cluster_0_1518:0,cluster_1_59:0.005176647819106041)Node10:0,cluster_3_282:0)Node9:0,cluster_5_177:0.004970511353652995)Node8:0,cluster_6_217:0.004978350439147201)Node7:0,cluster_7_39:0.00498029535645579)Node6:0,cluster_12_42:0.009991646467934252)Node5:0,cluster_13_142:0)Node4:0,cluster_15_42:0)Node3:0,cluster_19_33:0.005178755792428562)Node2:0,cluster_22_47:0)Node1:0,cluster_30_35:0,cluster_104_59:0.004951427296752661)", 
   "S": "(((((((((((cluster_0_1518:0,cluster_1_59:0)Node10:0,cluster_3_282:0.005002951766826631)Node9:0,cluster_5_177:0)Node8:0,cluster_6_217:0)Node7:0,cluster_7_39:0.005002282521672222)Node6:0,cluster_12_42:0)Node5:0,cluster_13_142:0.004839432676465114)Node4:0,cluster_15_42:0.004839193810655998)Node3:0,cluster_19_33:0.005356436076443208)Node2:0,cluster_22_47:0.01012656730468692)Node1:0,cluster_30_35:0.004916198418251344,cluster_104_59:0)"
  }, 
  "omega": 0.3745818604114062
 }, 
 "210-420": {
  "BranchLength": {
   "NS": 0.001000798262260053, 
   "S": 0.002397543342775074
  }, 
  "Diversity": {
   "NS": 0.001704749767045212,