{
 "120-330": {
  "BranchLength": {
   "NS": 0, 
   "S": 0
  }, 
  "Diversity": {
   "NS": 0, 
   "S": 0
  }, 
  "Tree": "", 
  "omega": 0
 }, 
 "150-360": {
  "BranchLength": {
   "NS": 0, 
   "S": 0
  }, 
  "Diversity": {
   "NS": 0, 
   "S": 0
  }, 
  "Tree": "", 
  "omega": 0
 }, 
 "180-390": {
  "BranchLength": {
   "NS": 0, 
   "S": 0.00345634388266338
  }, 
  "Diversity": {
   "NS": 0, 
   "S": 0.004213226869643698
  }, 
  "Tree": {
   "Combined": "((((((cluster_0_3391:0,cluster_1_64:0.0055274391399835)Node5:0,cluster_6_105:0.005542248537300904)Node4:0,cluster_13_680:0.005542248536745793)Node3:0,cluster_14_166:0.005618252963845483)Node2:0.005587334488973459,cluster_15_1000:0)Node1:0,cluster_16_139:0.005569711194347143,cluster_17_57:0.01154523561342765)", 
   "NS": "((((((cluster_0_3391:0,cluster_1_64:0)Node5:0,cluster_6_105:0)Node4:0,cluster_13_680:0)Node3:0,cluster_14_166:0)Node2:0,cluster_15_1000:0)Node1:0,cluster_16_139:0,cluster_17_57:0)", 
   "S": "((((((cluster_0_3391:0,cluster_1_64:0.0055274391399835)Node5:0,cluster_6_105:0.005542248537300904)Node4:0,cluster_13_680:0.005542248536745793)Node3:0,cluster_14_166:0.005618252963845483)Node2:0.005587334488973459,cluster_15_1000:0)Node1:0,cluster_16_139:0.005569711194347143,cluster_17_57:0.01154523561342765)"
  }, 
  "omega": 0
 }, 
 "180-657": {
  "BranchLength": {
   "NS": 6.157209575573148e-05, 
   "S": 0.00283096129139741
  }, 
  "Diversity": {
   "NS": 7.09629294918952e-05, 
   "S": 0.01295375373155951
  }, 
  "Tree": {
   "Combined": "(((((((((((((((((((((((((((((((((((((((((((cluster_0_2282:0.0004637170698405248,cluster_1_33:0.004474227036121129)Node42:0.001792914304505149,cluster_5_12:0.004642057208797991)Node41:0,cluster_9_24:0.004488153012588988)Node40:0,cluster_10_13:0.009135443090797148)Node39:0,cluster_11_51:0.006960677137224434)Node38:0,cluster_12_112:0.004655312067156424)Node37:0,cluster_14_12:0.00453342779058223)Node36:0.004058590860218972,cluster_16_642:0.002783355918163427)Node35:0,cluster_17_43:0.00509049272484022)Node34:0.004086020530122611,cluster_19_89:0)Node33:0,cluster_21_13:0.004587904745762261)Node32:0,cluster_23_83:0.004587183094123789)Node31:0.002220371572788331,cluster_24_19:0.002336647056460416)Node30:0,cluster_25_84:0.01318159160607111)Node29:0,cluster_27_44:0.009113479701105386)Node28:0,cluster_28_21:0.004621438262250189)Node27:0.002242988600428404,cluster_30_11:0.00227475882289919)Node26:0.002308311816224442,cluster_31_78:0.00448950387847679)Node25:0,cluster_32_423:0.002287628708490855)Node24:0.002214631414968562,cluster_33_15:0.002352153758707998)Node23:0,cluster_36_125:0.004518676899317242)Node22:0,cluster_37_20:0.004632437526455535)Node21:0,cluster_38_34:0.01622542152490107)Node20:0.00208326796440549,cluster_39_12:0.004518891863664375)Node19:0.0002226252973295111,cluster_41_51:0.002312568105830142)Node18:0.002262432279530587,cluster_43_36:0.002300662312689088)Node17:0,cluster_44_13:0.009229509957528389)Node16:0,(cluster_45_11:0.009110813514501043,cluster_48_10:0.001837890539460212)Node71:0.000452224489090764)Node15:0,cluster_53_13:0.009136704367000764)Node14:0,cluster_55_13:0.006953809503577809)Node13:0,cluster_64_11:0.0138414694482967)Node12:0,(cluster_78_10:0.002280613372318677,cluster_82_49:0.004610901121730218)Node77:0)Node11:0,cluster_86_43:0.002283320164886689)Node10:0,cluster_89_15:0.00692615720626481)Node9:0,cluster_100_30:0.00228850815679906)Node8:0,cluster_105_19:0.007046685353110072)Node7:0,cluster_109_20:0)Node6:0,cluster_115_12:0.002284203095836507)Node5:0,cluster_119_14:0.004613581577304645)Node4:0.002308021944946548,cluster_125_12:0.00458642175491475)Node3:0.002291700474657622,cluster_128_18:0)Node2:0,cluster_134_20:0.007113103982229971)Node1:0,cluster_145_24:0.004368896183788024,cluster_165_15:0.004596036458852607)", 
   "NS": "(((((((((((((((((((((((((((((((((((((((((((cluster_0_2282:0,cluster_1_33:0)Node42:0,cluster_5_12:0)Node41:0,cluster_9_24:0)Node40:0,cluster_10_13:0)Node39:0,cluster_11_51:0)Node38:0,cluster_12_112:0)Node37:0,cluster_14_12:0)Node36:0,cluster_16_642:0)Node35:0,cluster_17_43:0)Node34:0,cluster_19_89:0)Node33:0,cluster_21_13:0)Node32:0,cluster_23_83:0)Node31:0,cluster_24_19:0)Node30:0,cluster_25_84:0)Node29:0,cluster_27_44:0)Node28:0,cluster_28_21:0)Node27:0,cluster_30_11:0)Node26:0,cluster_31_78:0)Node25:0,cluster_32_423:0)Node24:0,cluster_33_15:0)Node23:0,cluster_36_125:0)Node22:0,cluster_37_20:0)Node21:0,cluster_38_34:0.003527923351436848)Node20:0,cluster_39_12:0)Node19:0,cluster_41_51:0)Node18:0,cluster_43_36:0)Node17:0,cluster_44_13:0)Node16:0,(cluster_45_11:0,cluster_48_10:0)Node71:0)Node15:0,cluster_53_13:0)Node14:0,cluster_55_13:0)Node13:0,cluster_64_11:0)Node12:0,(cluster_78_10:0,cluster_82_49:0)Node77:0)Node11:0,cluster_86_43:0)Node10:0,cluster_89_15:0)Node9:0,cluster_100_30:0)Node8:0,cluster_105_19:0)Node7:0,cluster_109_20:0)Node6:0,cluster_115_12:0)Node5:0,cluster_119_14:0)Node4:0,cluster_125_12:0)Node3:0,cluster_128_18:0)Node2:0,cluster_134_20:0)Node1:0,cluster_145_24:0.002075137362334718,cluster_165_15:0)", 
   "S": "(((((((((((((((((((((((((((((((((((((((((((cluster_0_2282:0.0004637170698405248,cluster_1_33:0.004474227036121129)Node42:0.001792914304505149,cluster_5_12:0.004642057208797991)Node41:0,cluster_9_24:0.004488153012588988)Node40:0,cluster_10_13:0.009135443090797148)Node39:0,cluster_11_51:0.006960677137224434)Node38:0,cluster_12_112:0.004655312067156424)Node37:0,cluster_14_12:0.00453342779058223)Node36:0.004058590860218972,cluster_16_642:0.002783355918163427)Node35:0,cluster_17_43:0.00509049272484022)Node34:0.004086020530122611,cluster_19_89:0)Node33:0,cluster_21_13:0.004587904745762261)Node32:0,cluster_23_83:0.004587183094123789)Node31:0.002220371572788331,cluster_24_19:0.002336647056460416)Node30:0,cluster_25_84:0.01318159160607111)Node29:0,cluster_27_44:0.009113479701105386)Node28:0,cluster_28_21:0.004621438262250189)Node27:0.002242988600428404,cluster_30_11:0.00227475882289919)Node26:0.002308311816224442,cluster_31_78:0.00448950387847679)Node25:0,cluster_32_423:0.002287628708490855)Node24:0.002214631414968562,cluster_33_15:0.002352153758707998)Node23:0,cluster_36_125:0.004518676899317242)Node22:0,cluster_37_20:0.004632437526455535)Node21:0,cluster_38_34:0.01269749817346423)Node20:0.00208326796440549,cluster_39_12:0.004518891863664375)Node19:0.0002226252973295111,cluster_41_51:0.002312568105830142)Node18:0.002262432279530587,cluster_43_36:0.002300662312689088)Node17:0,cluster_44_13:0.009229509957528389)Node16:0,(cluster_45_11:0.009110813514501043,cluster_48_10:0.001837890539460212)Node71:0.000452224489090764)Node15:0,cluster_53_13:0.009136704367000764)Node14:0,cluster_55_13:0.006953809503577809)Node13:0,cluster_64_11:0.0138414694482967)Node12:0,(cluster_78_10:0.002280613372318677,cluster_82_49:0.004610901121730218)Node77:0)Node11:0,cluster_86_43:0.002283320164886689)Node10:0,cluster_89_15:0.00692615720626481)Node9:0,cluster_100_30:0.00228850815679906)Node8:0,cluster_105_19:0.007046685353110072)Node7:0,cluster_109_20:0)Node6:0,cluster_115_12:0.002284203095836507)Node5:0,cluster_119_14:0.004613581577304645)Node4:0.002308021944946548,cluster_125_12:0.00458642175491475)Node3:0.002291700474657622,cluster_128_18:0)Node2:0,cluster_134_20:0.007113103982229971)Node1:0,cluster_145_24:0.002293758821453306,cluster_165_15:0.004596036458852607)"
  }, 
  "omega": 0.008382779605966197
 }, 
 "210-420": {
  "BranchLength": {
   "NS": 0, 
   "S": 0.003575433755072347
  }, 
  "Diversity": {
   "NS": 0, 
   "S": 0.01340171256018342
  },