{
 "117-528": {
  "BranchLength": {
   "NS": 0.00317686722024264, 
   "S": 0.002523168163234764
  }, 
  "Diversity": {
   "NS": 0.01630193308546436, 
   "S": 0.02333471224684044
  }, 
  "Tree": {
   "Combined": "(((((((((((((((((((((((((((((((((((((((((((cluster_0_307:0.01305887995758716,cluster_1_366:0)Node42:0.002425760603109165,(cluster_5_322:0.01308750673279605,cluster_6_38:0.03031578099463895)Node45:0)Node41:0,cluster_8_1145:0)Node40:0,cluster_9_98:0.002418877590319796)Node39:0,cluster_11_15:0.00242059213633473)Node38:0,cluster_13_97:0.007316677545569)Node37:0.01815962659285126,cluster_14_14:0)Node36:0,cluster_18_22:0.02516807869734763)Node35:0.007899917115109187,cluster_20_33:0)Node34:0.009987752441431826,cluster_21_46:0.009924216868499801)Node33:0,cluster_24_67:0.01798717142215124)Node32:0,cluster_28_61:0.004945585853452166)Node31:0,cluster_32_52:0.01565708353186502)Node30:0,cluster_33_15:0.005284507670358029)Node29:0,cluster_34_29:0.005017100762541808)Node28:0,cluster_36_40:0.007722494806803124)Node27:0.00734360108556209,cluster_40_39:0.03952605715140233)Node26:0.002294688538094318,cluster_43_19:0)Node25:0,cluster_44_14:0.002422109152216762)Node24:0,cluster_45_14:0.02504642599921829)Node23:0.01042547946254464,cluster_46_26:0.004957373678463567)Node22:0.007286293956288714,cluster_48_31:0.004983981506900773)Node21:0.005057439276690248,cluster_52_25:0)Node20:0.00239887663314673,cluster_53_15:0.02092352668350621)Node19:0,cluster_57_23:0.007918152208978657)Node18:0.007689476605234812,cluster_60_27:0.002430876966623959)Node17:0,cluster_61_30:0.009798018309743172)Node16:0,(cluster_62_43:0.002427019050423712,cluster_64_11:0.004997464090868666)Node73:0)Node15:0.002554941830147892,cluster_66_65:0.005139666121511825)Node14:0,cluster_73_13:0.01010655969855867)Node13:0.01062395529386513,cluster_75_12:0.01270562841648652)Node12:0,(cluster_103_25:0.004852795337481974,cluster_110_12:0.007327249778728028)Node79:0)Node11:0,cluster_112_11:0.01807511093015598)Node10:0,cluster_121_14:0.002431371787620954)Node9:0,cluster_123_13:0.002421619206271815)Node8:0,cluster_125_15:0.002598920053329062)Node7:0,cluster_139_11:0.02364935903735939)Node6:0,cluster_164_12:0.01011223118620036)Node5:0,cluster_180_11:0.02019123484820146)Node4:0,cluster_201_23:0.002438249403010206)Node3:0,cluster_215_15:0.02070645868167344)Node2:0,cluster_289_13:0.002422690251980678)Node1:0,cluster_315_44:0,cluster_352_11:0.00502077712214174)", 
   "NS": "(((((((((((((((((((((((((((((((((((((((((((cluster_0_307:0.00260767551601982,cluster_1_366:0)Node42:0.002425760603109165,(cluster_5_322:0.002561959153138757,cluster_6_38:0.02363553153023499)Node45:0)Node41:0,cluster_8_1145:0)Node40:0,cluster_9_98:0.002418877590319796)Node39:0,cluster_11_15:0.00242059213633473)Node38:0,cluster_13_97:0.006756722534453839)Node37:0.005060610370371236,cluster_14_14:0)Node36:0,cluster_18_22:0.02149598050454441)Node35:0,cluster_20_33:0)Node34:0.005458476498516129,cluster_21_46:0.007287711652134737)Node33:0,cluster_24_67:0.007764667288877928)Node32:0,cluster_28_61:0.003367043544972652)Node31:0,cluster_32_52:0.005179567594467486)Node30:0,cluster_33_15:0)Node29:0,cluster_34_29:0.002422092112522852)Node28:0,cluster_36_40:0.002777948611925226)Node27:0.00734360108556209,cluster_40_39:0.02142844959948448)Node26:0.002294688538094318,cluster_43_19:0)Node25:0,cluster_44_14:0.002422109152216762)Node24:0,cluster_45_14:0.02139855746321964)Node23:0,cluster_46_26:0.004957373678463567)Node22:0.006756709812009948,cluster_48_31:0.004983981506900773)Node21:0,cluster_52_25:0)Node20:0.00239887663314673,cluster_53_15:0.007623201949977929)Node19:0,cluster_57_23:0)Node18:0.002759137653045389,cluster_60_27:0.002430876966623959)Node17:0,cluster_61_30:0.009798018309743172)Node16:0,(cluster_62_43:0.002427019050423712,cluster_64_11:0.00336720788001031)Node73:0)Node15:0.002554941830147892,cluster_66_65:0)Node14:0,cluster_73_13:0.007396083102619915)Node13:0,cluster_75_12:0.007301484745285527)Node12:0,(cluster_103_25:0.004852795337481974,cluster_110_12:0.006773780531206194)Node79:0)Node11:0,cluster_112_11:0.007766840369290495)Node10:0,cluster_121_14:0.002431371787620954)Node9:0,cluster_123_13:0.002421619206271815)Node8:0,cluster_125_15:0)Node7:0,cluster_139_11:0.01035151156703293)Node6:0,cluster_164_12:0.007400767806697077)Node5:0,cluster_180_11:0.01476300756284018)Node4:0,cluster_201_23:0.002438249403010206)Node3:0,cluster_215_15:0.008124915212937725)Node2:0,cluster_289_13:0.002422690251980678)Node1:0,cluster_315_44:0,cluster_352_11:0.002417566247275478)", 
   "S": "(((((((((((((((((((((((((((((((((((((((((((cluster_0_307:0.01045120444156734,cluster_1_366:0)Node42:0,(cluster_5_322:0.0105255475796573,cluster_6_38:0.006680249464403959)Node45:0)Node41:0,cluster_8_1145:0)Node40:0,cluster_9_98:0)Node39:0,cluster_11_15:0)Node38:0,cluster_13_97:0.0005599550111151673)Node37:0.01309901622248003,cluster_14_14:0)Node36:0,cluster_18_22:0.003672098192803206)Node35:0.007899917115109187,cluster_20_33:0)Node34:0.004529275942915697,cluster_21_46:0.002636505216365067)Node33:0,cluster_24_67:0.01022250413327331)Node32:0,cluster_28_61:0.001578542308479515)Node31:0,cluster_32_52:0.01047751593739754)Node30:0,cluster_33_15:0.005284507670358029)Node29:0,cluster_34_29:0.002595008650018957)Node28:0,cluster_36_40:0.004944546194877894)Node27:0,cluster_40_39:0.01809760755191784)Node26:0,cluster_43_19:0)Node25:0,cluster_44_14:0)Node24:0,cluster_45_14:0.00364786853599864)Node23:0.01042547946254464,cluster_46_26:0)Node22:0.0005295841442787665,cluster_48_31:0)Node21:0.005057439276690248,cluster_52_25:0)Node20:0,cluster_53_15:0.01330032473352828)Node19:0,cluster_57_23:0.007918152208978657)Node18:0.004930338952189424,cluster_60_27:0)Node17:0,cluster_61_30:0)Node16:0,(cluster_62_43:0,cluster_64_11:0.001630256210858357)Node73:0)Node15:0,cluster_66_65:0.005139666121511825)Node14:0,cluster_73_13:0.002710476595938758)Node13:0.01062395529386513,cluster_75_12:0.005404143671201002)Node12:0,(cluster_103_25:0,cluster_110_12:0.000553469247521838)Node79:0)Node11:0,cluster_112_11:0.01030827056086549)Node10:0,cluster_121_14:0)Node9:0,cluster_123_13:0)Node8:0,cluster_125_15:0.002598920053329062)Node7:0,cluster_139_11:0.01329784747032645)Node6:0,cluster_164_12:0.002711463379503282)Node5:0,cluster_180_11:0.005428227285361273)Node4:0,cluster_201_23:0)Node3:0,cluster_215_15:0.01258154346873571)Node2:0,cluster_289_13:0)Node1:0,cluster_315_44:0,cluster_352_11:0.002603210874866262)"
  }, 
  "omega": 0.3759189957402597
 }, 
 "120-330": {
  "BranchLength": {
   "NS": 0.001588134787482862, 
   "S": 0.005392669317350755
  }, 
  "Diversity": {
   "NS": 0.003879669636447154, 
   "S": 0.01084861611846629
  }, 
  "Tree": {
   "Combined": "((((((cluster_0_928:0,cluster_1_2426:0.0242117538670239)Node5:0,cluster_3_213:0.00486104871798647)Node4:0,cluster_10_89:0.009385126347957172)Node3:0,cluster_12_150:0.004855304821472628)Node2:0.01416519459165407,cluster_15_32:0.01942883708340047)Node1:0,cluster_17_128:0,cluster_23_39:0.01384318793334232)", 
   "NS": "((((((cluster_0_928:0,cluster_1_2426:0.005237285269080731)Node5:0,cluster_3_213:0.00486104871798647)Node4:0,cluster_10_89:0)Node3:0,cluster_12_150:0.004855304821472628)Node2:0.005692113428737382,cluster_15_32:0)Node1:0,cluster_17_128:0,cluster_23_39:0)", 
   "S": "((((((cluster_0_928:0,cluster_1_2426:0.01897446859794316)Node5:0,cluster_3_213:0)Node4:0,cluster_10_89:0.009385126347957172)Node3:0,cluster_12_150:0)Node2:0.008473081162916691,cluster_15_32:0.01942883708340047)Node1:0,cluster_17_128:0,cluster_23_39:0.01384318793334232)"
  }, 
  "omega": 0.08862580116858294
 }, 
 "150-360": {
  "BranchLength": {
   "NS": 0.001633668857450993, 
   "S": 0.004462315543617819
  }, 
  "Diversity": {
   "NS": 0.004694578946397699, 
   "S": 0.0175750329197882
  },