{
 "117-528": {
  "BranchLength": {
   "NS": 0.01323827547121991, 
   "S": 0.007810434132198314
  }, 
  "Diversity": {
   "NS": 0.1246135829567541, 
   "S": 0.0568290703457779
  }, 
  "Tree": {
   "Combined": "((((((((((((((((((((((((((((((((((cluster_3_200:0.03672687533988654,cluster_5_696:0.07359728834062156)Node33:0,cluster_10_123:0.02651609646182576)Node32:0,cluster_18_211:0.0486015776965553)Node31:0.002490037542507288,cluster_22_70:0.07030165161882522)Node30:0.0234867038377466,cluster_23_22:0.005122388604312268)Node29:0,cluster_25_38:0)Node28:0.01740883240911827,cluster_32_32:0.01404527637702852)Node27:0.09069282616445858,cluster_34_272:0.004418686401587222)Node26:0.003240970264259189,cluster_36_46:0.002619857322999698)Node25:0,cluster_45_147:0.04961922398696276)Node24:0,cluster_49_59:0.01527225125114882)Node23:0,cluster_56_28:0.002585360685922699)Node22:0.005309958228548339,cluster_65_27:0)Node21:0,cluster_70_46:0.01047482862876349)Node20:0.002594917288023748,cluster_78_37:0.1119319435436503)Node19:0,cluster_82_20:0.002607967135171928)Node18:0,cluster_103_82:0.04234302953806589)Node17:0.002626133705803375,cluster_105_56:0)Node16:0.06894823487865134,(cluster_108_48:0.03187233490657759,cluster_110_24:0.03477812629359096)Node53:0.009491300372489429)Node15:0,cluster_116_21:0.03735857771297508)Node14:0.01277070426420004,cluster_117_24:0.06035460099741783)Node13:0,cluster_126_35:0.05019516325784825)Node12:0,(cluster_136_23:0.04460524749326506,cluster_149_50:0.04458881249920185)Node59:0)Node11:0.002932459415120379,cluster_191_36:0.04824255063413651)Node10:0.00552130240688225,cluster_193_25:0.03982906207834674)Node9:0.002128464531207296,cluster_201_67:0.04594847956130372)Node8:0.01062876843121213,cluster_207_22:0.02289837525043259)Node7:0,cluster_229_146:0.0110700396344166)Node6:0,cluster_306_47:0.06164828538386059)Node5:0,cluster_310_20:0.0577897674876223)Node4:0,cluster_354_23:0.05904305226081685)Node3:0.01181657103241309,cluster_539_22:0.0100561419665812)Node2:0,cluster_583_23:0.002617635424034698)Node1:0.05249806996413519,cluster_678_20:0.007807404742142931,cluster_861_20:0.0244815857948545)", 
   "NS": "((((((((((((((((((((((((((((((((((cluster_3_200:0.02852205409649751,cluster_5_696:0.05307701036416199)Node33:0,cluster_10_123:0.01581364710500895)Node32:0,cluster_18_211:0.03101784834786039)Node31:0,cluster_22_70:0.05268493316502524)Node30:0.01587850400330601,cluster_23_22:0.002554784706410781)Node29:0,cluster_25_38:0)Node28:0.01064907464798334,cluster_32_32:0)Node27:0.06394895106832028,cluster_34_272:0.00199902459920583)Node26:0.003240970264259189,cluster_36_46:0)Node25:0,cluster_45_147:0.02805922696143817)Node24:0,cluster_49_59:0.01268139830148592)Node23:0,cluster_56_28:0)Node22:0.002701560382700068,cluster_65_27:0)Node21:0,cluster_70_46:0.005348036437881023)Node20:0,cluster_78_37:0.07734973536592238)Node19:0,cluster_82_20:0)Node18:0,cluster_103_82:0.01788000028647106)Node17:0.002626133705803375,cluster_105_56:0)Node16:0.05982464802430314,(cluster_108_48:0.01895125137297271,cluster_110_24:0.0275890236563376)Node53:0)Node15:0,cluster_116_21:0.0129847432113012)Node14:0.01277070426420004,cluster_117_24:0.04962431029983754)Node13:0,cluster_126_35:0.03646738879952539)Node12:0,(cluster_136_23:0.0335272025402918,cluster_149_50:0.02138993194013531)Node59:0)Node11:0,cluster_191_36:0.02482970139175777)Node10:0,cluster_193_25:0.02819980835328227)Node9:0,cluster_201_67:0.02194041960584106)Node8:0.01062876843121213,cluster_207_22:0.01009700919212863)Node7:0,cluster_229_146:0)Node6:0,cluster_306_47:0.03578281819712643)Node5:0,cluster_310_20:0.03953368012668437)Node4:0,cluster_354_23:0.03379114387064523)Node3:0.002603649415888041,cluster_539_22:0.007578825437296244)Node2:0,cluster_583_23:0.002617635424034698)Node1:0.02563254073162477,cluster_678_20:0.0052109679082499,cluster_861_20:0.01878504339463558)", 
   "S": "((((((((((((((((((((((((((((((((((cluster_3_200:0.008204821243389041,cluster_5_696:0.02052027797645957)Node33:0,cluster_10_123:0.01070244935681683)Node32:0,cluster_18_211:0.01758372934869492)Node31:0.002490037542507288,cluster_22_70:0.01761671845379999)Node30:0.007608199834440585,cluster_23_22:0.002567603897901487)Node29:0,cluster_25_38:0)Node28:0.006759757761134918,cluster_32_32:0.01404527637702852)Node27:0.02674387509613832,cluster_34_272:0.002419661802381392)Node26:0,cluster_36_46:0.002619857322999698)Node25:0,cluster_45_147:0.02155999702552457)Node24:0,cluster_49_59:0.002590852949662905)Node23:0,cluster_56_28:0.002585360685922699)Node22:0.002608397845848272,cluster_65_27:0)Node21:0,cluster_70_46:0.005126792190882467)Node20:0.002594917288023748,cluster_78_37:0.0345822081777279)Node19:0,cluster_82_20:0.002607967135171928)Node18:0,cluster_103_82:0.02446302925159483)Node17:0,cluster_105_56:0)Node16:0.009123586854348205,(cluster_108_48:0.01292108353360489,cluster_110_24:0.00718910263725336)Node53:0.009491300372489429)Node15:0,cluster_116_21:0.02437383450167388)Node14:0,cluster_117_24:0.01073029069758029)Node13:0,cluster_126_35:0.01372777445832282)Node12:0,(cluster_136_23:0.0110780449529733,cluster_149_50:0.02319888055906655)Node59:0)Node11:0.002932459415120379,cluster_191_36:0.02341284924237873)Node10:0.00552130240688225,cluster_193_25:0.01162925372506447)Node9:0.002128464531207296,cluster_201_67:0.02400805995546265)Node8:0,cluster_207_22:0.01280136605830396)Node7:0,cluster_229_146:0.0110700396344166)Node6:0,cluster_306_47:0.02586546718673413)Node5:0,cluster_310_20:0.01825608736093791)Node4:0,cluster_354_23:0.02525190839017164)Node3:0.009212921616525043,cluster_539_22:0.002477316529284966)Node2:0,cluster_583_23:0)Node1:0.02686552923251042,cluster_678_20:0.002596436833893034,cluster_861_20:0.005696542400218912)"
  }, 
  "omega": 0.4962189833733741
 }, 
 "120-330": {
  "BranchLength": {
   "NS": 0.00952168809635288, 
   "S": 0.008542422594206733
  }, 
  "Diversity": {
   "NS": 0.05113017466931007, 
   "S": 0.05652361954216553
  }, 
  "Tree": {
   "Combined": "((((((((((((((((cluster_0_279:0.06511460425574679,cluster_1_42:0.01050302971744975)Node15:0,cluster_2_870:0.05381815006276388)Node14:0.005662369924205903,cluster_4_390:0)Node13:0,cluster_7_65:0.01894164596574634)Node12:0.0493136859614975,(cluster_13_329:0,cluster_17_53:0.009521139242166675)Node21:0)Node11:0.004687027845325198,cluster_18_336:0.004981095477585093)Node10:0,cluster_19_59:0.009663880312012861)Node9:0.06513339741541192,cluster_20_215:0.004514288546927358)Node8:0,cluster_23_312:0.004874514264766073)Node7:0.01437975657194746,cluster_24_101:0.04978104915872793)Node6:0,cluster_26_227:0)Node5:0.004990547190635258,cluster_35_52:0.05476633722725648)Node4:0,cluster_37_32:0.0287776411918589)Node3:0,cluster_44_32:0.009864728051908392)Node2:0.05990023823174049,cluster_49_54:0.004701292670590165)Node1:0,cluster_158_35:0.004902991825326566,cluster_235_50:0.09345046305798953)", 
   "NS": "((((((((((((((((cluster_0_279:0.04804321382934593,cluster_1_42:0.004843958921249142)Node15:0,cluster_2_870:0.02491700211675091)Node14:0,cluster_4_390:0)Node13:0,cluster_7_65:0.009730565501617038)Node12:0.01972060085354889,(cluster_13_329:0,cluster_17_53:0.004913047401358429)Node21:0)Node11:0,cluster_18_336:0.004981095477585093)Node10:0,cluster_19_59:0.004902439543511113)Node9:0.02985160976895926,cluster_20_215:0)Node8:0,cluster_23_312:0.004874514264766073)Node7:0.009733493350182984,cluster_24_101:0.01972105712782815)Node6:0,cluster_26_227:0)Node5:0,cluster_35_52:0.02548622502192608)Node4:0,cluster_37_32:0.004853435508610378)Node3:0,cluster_44_32:0.004877757200505117)Node2:0.04223566472681589,cluster_49_54:0)Node1:0,cluster_158_35:0.004902991825326566,cluster_235_50:0.0646704109324638)",