{
 "117-528": {
  "BranchLength": {
   "NS": 0.002246789475728447, 
   "S": 0.0008287409234231977
  }, 
  "Diversity": {
   "NS": 0.003905883480501408, 
   "S": 0.001381069655078177
  }, 
  "Tree": {
   "Combined": "(((((((((((((((((((((((((((((cluster_0_214:0.002449061451118662,cluster_1_18448:0)Node28:0,cluster_3_357:0.002625565260192436)Node27:0,cluster_4_139:0.005080839607821468)Node26:0,cluster_5_124:0.009862601029566811)Node25:0,cluster_8_199:0.007326840717337318)Node24:0,cluster_11_538:0.004865562050440518)Node23:0,cluster_13_201:0.004905645407195278)Node22:0,cluster_14_921:0.007504679103482764)Node21:0,cluster_15_678:0.002446912158624451)Node20:0,cluster_16_321:0.004887516583045234)Node19:0,cluster_19_280:0.002628564881161233)Node18:3.689603832025281e-07,cluster_20_263:0.009853403676968171)Node17:0,cluster_21_146:0.002431237831569416)Node16:8.37300464016396e-05,(cluster_23_323:0.005055165203957578,cluster_24_156:0.005040964857729961)Node43:0.002451472094483287)Node15:0,cluster_25_226:0.01037156534330954)Node14:7.098978756743071e-05,cluster_26_202:0.002643496702340901)Node13:1.467399078046468e-05,cluster_27_169:0.00507391534618648)Node12:7.292130856078782e-05,(cluster_28_204:0.004914606258798097,cluster_29_203:0.002429967431167575)Node49:0.00245113795199915)Node11:0,cluster_31_100:0.004903557868465358)Node10:0.000197137068973726,cluster_33_79:0.002620024182601918)Node9:0.00152102153699935,cluster_36_383:0.0153403640060568)Node8:0,cluster_38_275:0.007749289520142192)Node7:0,cluster_44_578:0.001967646752260876)Node6:0.003731466789405562,cluster_59_229:0.002643493108052313)Node5:0,cluster_71_85:0.002418790811207933)Node4:0.0112498293647409,cluster_110_271:0.007279261869565587)Node3:0,cluster_123_133:0.002677377565758965)Node2:0.004798268178533347,cluster_196_193:0.007356397944490002)Node1:0,cluster_256_376:0,cluster_369_115:0.009761083537108904)", 
   "NS": "(((((((((((((((((((((((((((((cluster_0_214:0.002449061451118662,cluster_1_18448:0)Node28:0,cluster_3_357:0)Node27:0,cluster_4_139:0.002449050779642612)Node26:0,cluster_5_124:0.009862601029566811)Node25:0,cluster_8_199:0.006287269683493136)Node24:0,cluster_11_538:0.004865562050440518)Node23:0,cluster_13_201:0.004905645407195278)Node22:0,cluster_14_921:0.004868272704483641)Node21:0,cluster_15_678:0.002446912158624451)Node20:0,cluster_16_321:0.004887516583045234)Node19:0,cluster_19_280:0)Node18:0,cluster_20_263:0.00967664629613578)Node17:0,cluster_21_146:0.002431237831569416)Node16:0,(cluster_23_323:0.00244622618543975,cluster_24_156:0.002452190044985725)Node43:0.002451472094483287)Node15:0,cluster_25_226:0.002796203160444407)Node14:0,cluster_26_202:0)Node13:0,cluster_27_169:0.002447695511784964)Node12:0,(cluster_28_204:0.004914606258798097,cluster_29_203:0.002429967431167575)Node49:0.00245113795199915)Node11:0,cluster_31_100:0.004903557868465358)Node10:0,cluster_33_79:0)Node9:0,cluster_36_383:0.0124214533170514)Node8:0,cluster_38_275:0.002425611063190577)Node7:0,cluster_44_578:0)Node6:0.003731466789405562,cluster_59_229:0)Node5:0,cluster_71_85:0.002418790811207933)Node4:0.0112498293647409,cluster_110_271:0.006208480765881246)Node3:0,cluster_123_133:0)Node2:0.004798268178533347,cluster_196_193:0.006329450053997966)Node1:0,cluster_256_376:0,cluster_369_115:0.009541554143999348)", 
   "S": "(((((((((((((((((((((((((((((cluster_0_214:0,cluster_1_18448:0)Node28:0,cluster_3_357:0.002625565260192436)Node27:0,cluster_4_139:0.002631788828178855)Node26:0,cluster_5_124:0)Node25:0,cluster_8_199:0.001039571033844186)Node24:0,cluster_11_538:0)Node23:0,cluster_13_201:0)Node22:0,cluster_14_921:0.002636406398999125)Node21:0,cluster_15_678:0)Node20:0,cluster_16_321:0)Node19:0,cluster_19_280:0.002628564881161233)Node18:3.689603832025281e-07,cluster_20_263:0.0001767573808323932)Node17:0,cluster_21_146:0)Node16:8.37300464016396e-05,(cluster_23_323:0.002608939018517829,cluster_24_156:0.002588774812744235)Node43:0)Node15:0,cluster_25_226:0.007575362182865136)Node14:7.098978756743071e-05,cluster_26_202:0.002643496702340901)Node13:1.467399078046468e-05,cluster_27_169:0.002626219834401517)Node12:7.292130856078782e-05,(cluster_28_204:0,cluster_29_203:0)Node49:0)Node11:0,cluster_31_100:0)Node10:0.000197137068973726,cluster_33_79:0.002620024182601918)Node9:0.00152102153699935,cluster_36_383:0.002918910689005396)Node8:0,cluster_38_275:0.005323678456951616)Node7:0,cluster_44_578:0.001967646752260876)Node6:0,cluster_59_229:0.002643493108052313)Node5:0,cluster_71_85:0)Node4:0,cluster_110_271:0.001070781103684338)Node3:0,cluster_123_133:0.002677377565758965)Node2:0,cluster_196_193:0.001026947890492032)Node1:0,cluster_256_376:0,cluster_369_115:0.0002195293931095536)"
  }, 
  "omega": 0.6816329077565619
 }, 
 "120-330": {
  "BranchLength": {
   "NS": 0.001782410807485295, 
   "S": 0.001052632460890942
  }, 
  "Diversity": {
   "NS": 0.001737606247220324, 
   "S": 0.0006197514642617805
  }, 
  "Tree": {
   "Combined": "(((((((((((((cluster_0_83:0.004810740809785084,cluster_1_26715:0)Node12:0.004794191919181071,cluster_2_461:0.004763758753292542)Node11:0,cluster_3_174:0.009568460794254626)Node10:0,cluster_4_451:0.009628238906052236)Node9:0,cluster_5_332:0.004795357552180129)Node8:0,cluster_6_36:0)Node7:0,cluster_7_271:0.004732200966025543)Node6:0,cluster_8_451:0.004768557392438351)Node5:0,cluster_9_362:0.009614864581443396)Node4:0.0047094968148494,cluster_10_337:0.004825758978484145)Node3:0,cluster_11_52:0)Node2:0,cluster_16_79:0)Node1:0.004825397642989276,cluster_18_55:0.004709143135182606,cluster_19_48:0)", 
   "NS": "(((((((((((((cluster_0_83:0.004810740809785084,cluster_1_26715:0)Node12:0.004794191919181071,cluster_2_461:0)Node11:0,cluster_3_174:0.004830541411987643)Node10:0,cluster_4_451:0.009628238906052236)Node9:0,cluster_5_332:0.004795357552180129)Node8:0,cluster_6_36:0)Node7:0,cluster_7_271:0)Node6:0,cluster_8_451:0)Node5:0,cluster_9_362:0.009614864581443396)Node4:0,cluster_10_337:0.004825758978484145)Node3:0,cluster_11_52:0)Node2:0,cluster_16_79:0)Node1:0.004825397642989276,cluster_18_55:0,cluster_19_48:0)", 
   "S": "(((((((((((((cluster_0_83:0,cluster_1_26715:0)Node12:0,cluster_2_461:0.004763758753292542)Node11:0,cluster_3_174:0.004737919382266983)Node10:0,cluster_4_451:0)Node9:0,cluster_5_332:0)Node8:0,cluster_6_36:0)Node7:0,cluster_7_271:0.004732200966025543)Node6:0,cluster_8_451:0.004768557392438351)Node5:0,cluster_9_362:0)Node4:0.0047094968148494,cluster_10_337:0)Node3:0,cluster_11_52:0)Node2:0,cluster_16_79:0)Node1:0,cluster_18_55:0.004709143135182606,cluster_19_48:0)"
  }, 
  "omega": 0.4706973585954928
 }, 
 "150-360": {
  "BranchLength": {
   "NS": 0.002158379201970354, 
   "S": 0.0009036044417360629
  }, 
  "Diversity": {
   "NS": 0.001362586714447602, 
   "S": 0.0004210736557296103
  }, 
  "Tree": {
   "Combined": "(((((((((cluster_0_25797:0.001053011354687082,cluster_1_466:0.004834821350664114)Node8:0.0001836308902157835,cluster_2_465:0.00490082875154158)Node7:0.003554542601186379,cluster_3_244:0.009594679746761666)Node6:0,cluster_5_34:0.004922045665442828)Node5:0,cluster_6_260:0.004834821337602889)Node4:0,cluster_7_459:0.004854413580746916)Node3:0,cluster_8_363:0.004901737993455817)Node2:0,cluster_14_32:0.01454315595811686)Node1:0,cluster_19_1262:0,cluster_29_400:0)", 
   "NS": "(((((((((cluster_0_25797:0.001053011354687082,cluster_1_466:0)Node8:0.0001836308902157835,cluster_2_465:0.00490082875154158)Node7:0.003554542601186379,cluster_3_244:0.00708187196645797)Node6:0,cluster_5_34:0.004922045665442828)Node5:0,cluster_6_260:0)Node4:0,cluster_7_459:0)Node3:0,cluster_8_363:0.004901737993455817)Node2:0,cluster_14_32:0.01441153561444928)Node1:0,cluster_19_1262:0,cluster_29_400:0)",