{
 "117-528": {
  "BranchLength": {
   "NS": 0.01539470973718022, 
   "S": 0.005071283609215694
  }, 
  "Diversity": {
   "NS": 0.05344946847060358, 
   "S": 0.02227495068864669
  }, 
  "Tree": {
   "Combined": "(((((((((((((cluster_0_37:0.02195830563810794,cluster_2_61:0.03623269761767964)Node12:0.0172395256855071,(cluster_3_25:0.01293966426553877,cluster_5_163:0.007269335821159645)Node15:0.02637469230779113)Node11:0,cluster_13_14:0.04240221193797986)Node10:0.005155801802081804,cluster_18_42:0.04904474955510422)Node9:0,cluster_21_15:0.03786353309027513)Node8:0,cluster_24_28:0.04888677582263865)Node7:0,cluster_32_15:0.046305779788772)Node6:0,cluster_51_28:0.03984307870438317)Node5:0,cluster_52_23:0.05160111107810227)Node4:0.01027097277193455,cluster_56_12:0.02415233997260107)Node3:0,cluster_59_41:0.0410617364325957)Node2:0.0262146031862159,cluster_70_11:0)Node1:0,cluster_88_12:0.04364802722358661,cluster_95_12:0.00504886434342625)", 
   "NS": "(((((((((((((cluster_0_37:0.02195830563810794,cluster_2_61:0.02516237296331281)Node12:0.0172395256855071,(cluster_3_25:0.007474872420914498,cluster_5_163:0.005000796624903696)Node15:0.009778148839723543)Node11:0,cluster_13_14:0.02430489368324333)Node10:0,cluster_18_42:0.04904474955510422)Node9:0,cluster_21_15:0.01882076264375806)Node8:0,cluster_24_28:0.04888677582263865)Node7:0,cluster_32_15:0.046305779788772)Node6:0,cluster_51_28:0.02113535213932657)Node5:0,cluster_52_23:0.04961965533734352)Node4:0.005056590914524823,cluster_56_12:0.01095664848779612)Node3:0,cluster_59_41:0.0410617364325957)Node2:0.01056742171367116,cluster_70_11:0)Node1:0,cluster_88_12:0.03159572811613379,cluster_95_12:0.002476465570848833)", 
   "S": "(((((((((((((cluster_0_37:0,cluster_2_61:0.01107032465436684)Node12:0,(cluster_3_25:0.005464791844624264,cluster_5_163:0.00226853919625595)Node15:0.01659654346806761)Node11:0,cluster_13_14:0.01809731825473652)Node10:0.005155801802081804,cluster_18_42:0)Node9:0,cluster_21_15:0.01904277044651707)Node8:0,cluster_24_28:0)Node7:0,cluster_32_15:0)Node6:0,cluster_51_28:0.01870772656505659)Node5:0,cluster_52_23:0.001981455740758791)Node4:0.005214381857409723,cluster_56_12:0.01319569148480496)Node3:0,cluster_59_41:0)Node2:0.01564718147254475,cluster_70_11:0)Node1:0,cluster_88_12:0.01205229910745282,cluster_95_12:0.002572398772577417)"
  }, 
  "omega": 0.6310356952674702
 }, 
 "120-330": {
  "BranchLength": {
   "NS": 0.008516072162611384, 
   "S": 0.004601856594460111
  }, 
  "Diversity": {
   "NS": 0.03001150108355066, 
   "S": 0.02021788015426033
  }, 
  "Tree": {
   "Combined": "((((((((cluster_0_62:0,cluster_1_126:0.01487116850562768)Node7:0.03481455213389022,cluster_2_37:0.01436335750880213)Node6:0.004775554513713517,cluster_3_263:0.01441148503105596)Node5:0,cluster_11_55:0.04578031044186411)Node4:0,cluster_13_60:0.0146418194113999)Node3:0,cluster_14_40:0.009783361774995485)Node2:0.04490383956506524,cluster_16_34:0.004756504664943757)Node1:0,cluster_31_40:0.01499401318291124,cluster_59_40:0.004908822135946165)", 
   "NS": "((((((((cluster_0_62:0,cluster_1_126:0.01487116850562768)Node7:0.01512967462972223,cluster_2_37:0.009815116358180132)Node6:0.004775554513713517,cluster_3_263:0.005010102192985753)Node5:0,cluster_11_55:0.0255914018499563)Node4:0,cluster_13_60:0.0146418194113999)Node3:0,cluster_14_40:0.009783361774995485)Node2:0.02525219220895511,cluster_16_34:0)Node1:0,cluster_31_40:0.01499401318291124,cluster_59_40:0.004908822135946165)", 
   "S": "((((((((cluster_0_62:0,cluster_1_126:0)Node7:0.01968487750416799,cluster_2_37:0.004548241150621998)Node6:0,cluster_3_263:0.009401382838070209)Node5:0,cluster_11_55:0.02018890859190781)Node4:0,cluster_13_60:0)Node3:0,cluster_14_40:0)Node2:0.01965164735611012,cluster_16_34:0.004756504664943757)Node1:0,cluster_31_40:0,cluster_59_40:0)"
  }, 
  "omega": 0.5157952835019899
 }, 
 "150-360": {
  "BranchLength": {
   "NS": 0.009929352930515216, 
   "S": 0.004108530996790882
  }, 
  "Diversity": {
   "NS": 0.02988956638742812, 
   "S": 0.01531848971060879
  }, 
  "Tree": {
   "Combined": "((((cluster_0_60:0.0108019983558461,cluster_1_142:0.02087779076007043)Node3:0.04410105671932849,cluster_2_36:0.009157827327382575)Node2:0,cluster_3_265:0.02628105661722474)Node1:0,cluster_7_62:0.00422599808923368,cluster_8_40:0.01089522747666885)", 
   "NS": "((((cluster_0_60:0.0108019983558461,cluster_1_142:0.02087779076007043)Node3:0.02230622582280898,cluster_2_36:0.004226744380099579)Node2:0,cluster_3_265:0.01603019148990932)Node1:0,cluster_7_62:0.00422599808923368,cluster_8_40:0.01089522747666885)", 
   "S": "((((cluster_0_60:0,cluster_1_142:0)Node3:0.02179483089651952,cluster_2_36:0.004931082947283)Node2:0,cluster_3_265:0.01025086512731542)Node1:0,cluster_7_62:0,cluster_8_40:0)"
  }, 
  "omega": 0.6408723345735826
 }, 
 "180-390": {
  "BranchLength": {
   "NS": 0.03376851457761069, 
   "S": 0.01729675230620561
  }, 
  "Diversity": {
   "NS": 0.03446506878525431, 
   "S": 0.01679461428436048
  }, 
  "Tree": {
   "Combined": "(cluster_0_52:0.05469340042186983,cluster_2_220:0.06572288455459745,cluster_10_46:0.03277951567498164)", 
   "NS": "(cluster_0_52:0.03476197252191487,cluster_2_220:0.04683047027730445,cluster_10_46:0.01971310093361274)", 
   "S": "(cluster_0_52:0.01993142789995498,cluster_2_220:0.01889241427729297,cluster_10_46:0.0130664147413689)"
  }, 
  "omega": 0.5183978500740679
 }, 
 "210-420": {
  "BranchLength": {
   "NS": 0.03542169899771194, 
   "S": 0.01595494166321946
  }, 
  "Diversity": {
   "NS": 0.03502490504972962, 
   "S": 0.01413674721544973
  }, 
  "Tree": {
   "Combined": "(cluster_0_51:0.06083738084048223,cluster_2_226:0.05817337068372985,cluster_10_45:0.03511917045858214)", 
   "NS": "(cluster_0_51:0.04026626282823654,cluster_2_226:0.04668255134444262,cluster_10_45:0.01931628282045666)", 
   "S": "(cluster_0_51:0.02057111801224569,cluster_2_226:0.01149081933928722,cluster_10_45:0.01580288763812547)"
  }, 
  "omega": 0.5044073892506028
 }, 
 "240-450": {
  "BranchLength": {
   "NS": 0.02193143613145026, 
   "S": 0.007369739280374822
  }, 
  "Diversity": {
   "NS": 0.04323110196397278, 
   "S": 0.01430482892074371
  }, 
  "Tree": {
   "Combined": "(((cluster_0_56:0.109779500129457,cluster_1_34:0)Node2:0,cluster_2_242:0.02014037834967694)Node1:0.06018311823675062,cluster_7_33:0.01500523116689109,cluster_9_56:0)", 
   "NS": "(((cluster_0_56:0.08127297082415885,cluster_1_34:0)Node2:0,cluster_2_242:0.02014037834967694)Node1:0.03710147257942493,cluster_7_33:0.01500523116689109,cluster_9_56:0)", 
   "S": "(((cluster_0_56:0.02850652930529809,cluster_1_34:0)Node2:0,cluster_2_242:0)Node1:0.02308164565732566,cluster_7_33:0,cluster_9_56:0)"
  }, 
  "omega": 0.8470361962450432
 }, 
 "270-480": {
  "BranchLength": {
   "NS": 0.01930362926033447, 
   "S": 0.007459153157690139
  }, 
  "Diversity": {
   "NS": 0.04636436692962877, 
   "S": 0.01798983411050181
  }, 
  "Tree": {
   "Combined": "(((cluster_0_129:0.1023969633628769,cluster_1_45:0.005310982808279466)Node2:0,cluster_3_243:0.01096375824547639)Node1:0.05883573912524537,cluster_7_59:0.004430108518848382,cluster_12_35:0.005401924865445793)", 
   "NS": "(((cluster_0_129:0.07288524357686779,cluster_1_45:0.005310982808279466)Node2:0,cluster_3_243:0.01096375824547639)Node1:0.0361333868074235,cluster_7_59:0.004430108518848382,cluster_12_35:0.005401924865445793)", 
   "S": "(((cluster_0_129:0.02951171978600907,cluster_1_45:0)Node2:0,cluster_3_243:0)Node1:0.0227023523178219,cluster_7_59:0,cluster_12_35:0)"
  }, 
  "omega": 0.7539196342544017
 }, 
 "300-510": {
  "BranchLength": {
   "NS": 0.02126765540985646, 
   "S": 0.005091002424727
  }, 
  "Diversity": {
   "NS": 0.04614281165305083, 
   "S": 0.01218199827714306
  }, 
  "Tree": {
   "Combined": "(((cluster_0_123:0.1011902804525034,cluster_1_69:0)Node2:0,cluster_3_271:0.004872310954495205)Node1:0.05851215294962538,cluster_5_100:0,cluster_6_36:0.01993586048546029)",