{
 "150-360": {
  "BranchLength": {
   "NS": 0, 
   "S": 0
  }, 
  "Diversity": {
   "NS": 0, 
   "S": 0
  }, 
  "Tree": "", 
  "omega": 0
 }, 
 "180-390": {
  "BranchLength": {
   "NS": 0, 
   "S": 0.004195492557986243
  }, 
  "Diversity": {
   "NS": 0, 
   "S": 0.008699119339015177
  }, 
  "Tree": {
   "Combined": "((((((((((cluster_0_2337:0,cluster_1_661:0.005775028829974971)Node9:0,cluster_2_927:0.005775003072741966)Node8:0.005776487577102594,cluster_3_159:0.005919982159194244)Node7:0,cluster_4_460:0)Node6:0,cluster_5_526:0.005920043562040858)Node5:0.005778075145048446,cluster_8_45:0.005779800103129832)Node4:0,cluster_9_101:0.01189136507455116)Node3:0,cluster_10_75:0.005722577026978992)Node2:0,cluster_12_97:0.01206399859707968)Node1:0,cluster_19_39:0.005640926067080956,cluster_22_41:0.01206205650278738)", 
   "NS": "((((((((((cluster_0_2337:0,cluster_1_661:0)Node9:0,cluster_2_927:0)Node8:0,cluster_3_159:0)Node7:0,cluster_4_460:0)Node6:0,cluster_5_526:0)Node5:0,cluster_8_45:0)Node4:0,cluster_9_101:0)Node3:0,cluster_10_75:0)Node2:0,cluster_12_97:0)Node1:0,cluster_19_39:0,cluster_22_41:0)", 
   "S": "((((((((((cluster_0_2337:0,cluster_1_661:0.005775028829974971)Node9:0,cluster_2_927:0.005775003072741966)Node8:0.005776487577102594,cluster_3_159:0.005919982159194244)Node7:0,cluster_4_460:0)Node6:0,cluster_5_526:0.005920043562040858)Node5:0.005778075145048446,cluster_8_45:0.005779800103129832)Node4:0,cluster_9_101:0.01189136507455116)Node3:0,cluster_10_75:0.005722577026978992)Node2:0,cluster_12_97:0.01206399859707968)Node1:0,cluster_19_39:0.005640926067080956,cluster_22_41:0.01206205650278738)"
  }, 
  "omega": 0
 }, 
 "180-429": {
  "BranchLength": {
   "NS": 0.0006684352100614776, 
   "S": 0.003224709632380324
  }, 
  "Diversity": {
   "NS": 0.0004133972701750529, 
   "S": 0.009343787781859264
  }, 
  "Tree": {
   "Combined": "(((((((((((((((((cluster_0_2196:0,cluster_1_632:0.004793071198616937)Node16:0.004781403673382342,(cluster_2_871:0.004847525459747866,cluster_3_144:0)Node19:0.004847525460472671)Node15:0,cluster_4_435:0)Node14:0,cluster_5_509:0.004859524929601543)Node13:0.004781403672374495,cluster_8_61:0.01275077636156064)Node12:0,(cluster_10_33:0.004792960404535183,cluster_11_101:0.009725523563294021)Node25:0)Node11:0,cluster_12_49:0.00475205730413384)Node10:0,cluster_14_93:0.009826195065410541)Node9:0,cluster_15_44:0.00395622551950217)Node8:0,cluster_21_20:0.009971634434812122)Node7:0,cluster_24_17:0.00479330120042194)Node6:0,cluster_25_30:0.004705977920966309)Node5:0,cluster_30_39:0.009826689370965286)Node4:0,cluster_31_20:0.00478140315446459)Node3:0,cluster_40_18:0.02387281850520932)Node2:0,cluster_47_17:0.004781403799909341)Node1:0,cluster_51_23:0.004744952753424196,cluster_62_17:0.009640275102424893)", 
   "NS": "(((((((((((((((((cluster_0_2196:0,cluster_1_632:0)Node16:0,(cluster_2_871:0,cluster_3_144:0)Node19:0)Node15:0,cluster_4_435:0)Node14:0,cluster_5_509:0)Node13:0,cluster_8_61:0.01275077636156064)Node12:0,(cluster_10_33:0,cluster_11_101:0)Node25:0)Node11:0,cluster_12_49:0)Node10:0,cluster_14_93:0)Node9:0,cluster_15_44:0.00395622551950217)Node8:0,cluster_21_20:0)Node7:0,cluster_24_17:0)Node6:0,cluster_25_30:0)Node5:0,cluster_30_39:0)Node4:0,cluster_31_20:0)Node3:0,cluster_40_18:0.009361971311334817)Node2:0,cluster_47_17:0)Node1:0,cluster_51_23:0,cluster_62_17:0)", 
   "S": "(((((((((((((((((cluster_0_2196:0,cluster_1_632:0.004793071198616937)Node16:0.004781403673382342,(cluster_2_871:0.004847525459747866,cluster_3_144:0)Node19:0.004847525460472671)Node15:0,cluster_4_435:0)Node14:0,cluster_5_509:0.004859524929601543)Node13:0.004781403672374495,cluster_8_61:0)Node12:0,(cluster_10_33:0.004792960404535183,cluster_11_101:0.009725523563294021)Node25:0)Node11:0,cluster_12_49:0.00475205730413384)Node10:0,cluster_14_93:0.009826195065410541)Node9:0,cluster_15_44:0)Node8:0,cluster_21_20:0.009971634434812122)Node7:0,cluster_24_17:0.00479330120042194)Node6:0,cluster_25_30:0.004705977920966309)Node5:0,cluster_30_39:0.009826689370965286)Node4:0,cluster_31_20:0.00478140315446459)Node3:0,cluster_40_18:0.01451084719387451)Node2:0,cluster_47_17:0.004781403799909341)Node1:0,cluster_51_23:0.004744952753424196,cluster_62_17:0.009640275102424893)"
  }, 
  "omega": 0.06405205214839468
 }, 
 "210-420": {
  "BranchLength": {
   "NS": 0.0007846956855057415, 
   "S": 0.003454150382668876
  }, 
  "Diversity": {
   "NS": 0.0002733735330562853, 
   "S": 0.007892159124938774
  }, 
  "Tree": {
   "Combined": "(((((((((cluster_0_2071:0,cluster_1_612:0.005412297617240135)Node8:0,cluster_2_825:0.005397820557376309)Node7:0.005398472650775668,cluster_3_143:0.005469284079841721)Node6:0,cluster_4_418:0)Node5:0,cluster_6_492:0.005484781714845944)Node4:0.005397825458245332,cluster_8_45:0.01490921802460909)Node3:0,cluster_11_97:0.01097431011126986)Node2:0,cluster_12_34:0.005373824206494657)Node1:0.005369958355888191,cluster_14_91:0.005675419363513005,cluster_28_36:0.005674863155217838)", 
   "NS": "(((((((((cluster_0_2071:0,cluster_1_612:0)Node8:0,cluster_2_825:0)Node7:0,cluster_3_143:0)Node6:0,cluster_4_418:0)Node5:0,cluster_6_492:0)Node4:0,cluster_8_45:0.01490921802460909)Node3:0,cluster_11_97:0)Node2:0,cluster_12_34:0)Node1:0,cluster_14_91:0,cluster_28_36:0)", 
   "S": "(((((((((cluster_0_2071:0,cluster_1_612:0.005412297617240135)Node8:0,cluster_2_825:0.005397820557376309)Node7:0.005398472650775668,cluster_3_143:0.005469284079841721)Node6:0,cluster_4_418:0)Node5:0,cluster_6_492:0.005484781714845944)Node4:0.005397825458245332,cluster_8_45:0)Node3:0,cluster_11_97:0.01097431011126986)Node2:0,cluster_12_34:0.005373824206494657)Node1:0.005369958355888191,cluster_14_91:0.005675419363513005,cluster_28_36:0.005674863155217838)"
  }, 
  "omega": 0.05581302154974777
 }
}