{
 "105-543": {
  "BranchLength": {
   "NS": 0.006499472547318807, 
   "S": 0.002199779950723015
  }, 
  "Diversity": {
   "NS": 0.01055534200553197, 
   "S": 0.006455625323608888
  }, 
  "Tree": {
   "Combined": "((((((((((((((((((((((((((((((((cluster_2_1170:0.007214947684226067,cluster_3_1146:0.002355559700221801)Node31:0,cluster_8_52:0.01460038304498193)Node30:0,cluster_12_30:0.002365701588499596)Node29:0,cluster_14_25:0.07698774963459304)Node28:0,cluster_19_26:0.007360507630127154)Node27:0,cluster_20_116:0.01453974942687767)Node26:0,cluster_24_123:0.009594496350132408)Node25:0,cluster_29_98:0.004872625318838735)Node24:0,cluster_33_21:0.009779714226494268)Node23:0.00243835831200561,cluster_35_42:0.01948486203659225)Node22:0,cluster_38_98:0)Node21:0,cluster_39_63:0.01228652906594216)Node20:0,cluster_47_21:0.06534078579456934)Node19:0,cluster_53_16:0.06348410567318756)Node18:0,cluster_57_70:0.004808389166131881)Node17:0,cluster_67_50:0.004781439262530411)Node16:0,(cluster_68_17:0.01278481767455274,cluster_75_22:0.01979750661865669)Node49:0.002162163357149092)Node15:0,cluster_76_57:0.002382404278563086)Node14:0.002438359914964337,cluster_81_57:0.009619491175396818)Node13:0,cluster_85_22:0.002449041768660092)Node12:0,(cluster_87_25:0.01206549902627599,cluster_93_94:0.009778729713263167)Node55:0)Node11:0,cluster_94_21:0.002384997215140393)Node10:0.005011766675532397,cluster_110_44:0.009590982024232551)Node9:0,cluster_124_57:0.007166281060119416)Node8:0.002455414166202249,cluster_125_26:0.01959771906222766)Node7:0,cluster_145_20:0.002381757434806499)Node6:0,cluster_147_19:0.004830609221721598)Node5:0,cluster_173_19:0.08501770553715608)Node4:0,cluster_174_26:0.01700558586549356)Node3:0.01130766386558973,cluster_249_28:0.004781580054182663)Node2:0,cluster_273_46:0.02495560340755225)Node1:0,cluster_325_15:0.003159340371928115,cluster_467_20:0.00482749895956679)", 
   "NS": "((((((((((((((((((((((((((((((((cluster_2_1170:0.004711580270414861,cluster_3_1146:0.002355559700221801)Node31:0,cluster_8_52:0.01208015916728718)Node30:0,cluster_12_30:0.002365701588499596)Node29:0,cluster_14_25:0.0584741494266757)Node28:0,cluster_19_26:0.002687121779166102)Node27:0,cluster_20_116:0.01107577745923585)Node26:0,cluster_24_123:0.007090730633420244)Node25:0,cluster_29_98:0.002381248305222005)Node24:0,cluster_33_21:0.004762516045151594)Node23:0,cluster_35_42:0.01634671698868298)Node22:0,cluster_38_98:0)Node21:0,cluster_39_63:0.004759017298386593)Node20:0,cluster_47_21:0.06005618158926657)Node19:0,cluster_53_16:0.05102402561932515)Node18:0,cluster_57_70:0.002363267955337904)Node17:0,cluster_67_50:0.004781439262530411)Node16:0,(cluster_68_17:0.00510178612327913,cluster_75_22:0.01445659319959912)Node49:0)Node15:0,cluster_76_57:0.002382404278563086)Node14:0,cluster_81_57:0.007116379360468089)Node13:0,cluster_85_22:0)Node12:0,(cluster_87_25:0.009613297392042376,cluster_93_94:0.004762515983604945)Node55:0)Node11:0,cluster_94_21:0.002384997215140393)Node10:0,cluster_110_44:0.009590982024232551)Node9:0,cluster_124_57:0.007166281060119416)Node8:0,cluster_125_26:0.0133653569168842)Node7:0,cluster_145_20:0.002381757434806499)Node6:0,cluster_147_19:0.002381566160677912)Node5:0,cluster_173_19:0.07186099150445618)Node4:0,cluster_174_26:0.01376005484550069)Node3:0.006303475360448026,cluster_249_28:0.004781580054182663)Node2:0,cluster_273_46:0.01575155443067301)Node1:0,cluster_325_15:0.003159340371928115,cluster_467_20:0.00482749895956679)", 
   "S": "((((((((((((((((((((((((((((((((cluster_2_1170:0.002503367413811207,cluster_3_1146:0)Node31:0,cluster_8_52:0.00252022387769475)Node30:0,cluster_12_30:0)Node29:0,cluster_14_25:0.01851360020791731)Node28:0,cluster_19_26:0.004673385850961052)Node27:0,cluster_20_116:0.003463971967641822)Node26:0,cluster_24_123:0.002503765716712167)Node25:0,cluster_29_98:0.00249137701361673)Node24:0,cluster_33_21:0.005017198181342675)Node23:0.00243835831200561,cluster_35_42:0.003138145047909266)Node22:0,cluster_38_98:0)Node21:0,cluster_39_63:0.007527511767555571)Node20:0,cluster_47_21:0.005284604205302751)Node19:0,cluster_53_16:0.0124600800538624)Node18:0,cluster_57_70:0.002445121210793978)Node17:0,cluster_67_50:0)Node16:0,(cluster_68_17:0.007683031551273607,cluster_75_22:0.005340913419057555)Node49:0.002162163357149092)Node15:0,cluster_76_57:0)Node14:0.002438359914964337,cluster_81_57:0.00250311181492873)Node13:0,cluster_85_22:0.002449041768660092)Node12:0,(cluster_87_25:0.002452201634233624,cluster_93_94:0.005016213729658224)Node55:0)Node11:0,cluster_94_21:0)Node10:0.005011766675532397,cluster_110_44:0)Node9:0,cluster_124_57:0)Node8:0.002455414166202249,cluster_125_26:0.006232362145343461)Node7:0,cluster_145_20:0)Node6:0,cluster_147_19:0.002449043061043686)Node5:0,cluster_173_19:0.0131567140326999)Node4:0,cluster_174_26:0.003245531019992869)Node3:0.005004188505141701,cluster_249_28:0)Node2:0,cluster_273_46:0.009204048976879242)Node1:0,cluster_325_15:0,cluster_467_20:0)"
  }, 
  "omega": 0.7222530568413856
 }, 
 "120-330": {
  "BranchLength": {
   "NS": 0.01735876402256118, 
   "S": 0.003408274892691777
  }, 
  "Diversity": {
   "NS": 0.01850550256998386, 
   "S": 0.0059025891811349
  }, 
  "Tree": {
   "Combined": "(((((((((((cluster_0_331:0,cluster_1_3808:0.00468590929861918)Node10:0,cluster_3_96:0.0145172369515045)Node9:0,cluster_4_80:0.06651850323112143)Node8:0,cluster_5_212:0.009543011069340086)Node7:0.02054352796806451,cluster_6_141:0.05379362940246147)Node6:0,cluster_9_89:0.08134137863259959)Node5:0,cluster_10_124:0.01340652766644482)Node4:0.02054930276169326,cluster_12_370:0.004854971941658634)Node3:0,cluster_15_65:0.07866302554222486)Node2:0,cluster_23_34:0.01420794565149132)Node1:0,cluster_28_35:0.004608374213127212,cluster_32_38:0.09040855072046712)", 
   "NS": "(((((((((((cluster_0_331:0,cluster_1_3808:0)Node10:0,cluster_3_96:0.009784250629176929)Node9:0,cluster_4_80:0.05716482740249642)Node8:0,cluster_5_212:0.004857224130495834)Node7:0.01593729974038184,cluster_6_141:0.04445536521604574)Node6:0,cluster_9_89:0.07627034956589852)Node5:0,cluster_10_124:0.01340652766644482)Node4:0.01594263149037125,cluster_12_370:0.004854971941658634)Node3:0,cluster_15_65:0.07866302554222486)Node2:0,cluster_23_34:0.0048435116368844)Node1:0,cluster_28_35:0,cluster_32_38:0.07307158755682791)", 
   "S": "(((((((((((cluster_0_331:0,cluster_1_3808:0.00468590929861918)Node10:0,cluster_3_96:0.004732986322327573)Node9:0,cluster_4_80:0.009353675828625032)Node8:0,cluster_5_212:0.004685786938844251)Node7:0.004606228227682661,cluster_6_141:0.009338264186415738)Node6:0,cluster_9_89:0.005071029066701086)Node5:0,cluster_10_124:0)Node4:0.004606671271322007,cluster_12_370:0)Node3:0,cluster_15_65:0)Node2:0,cluster_23_34:0.009364434014606919)Node1:0,cluster_28_35:0.004608374213127212,cluster_32_38:0.01733696316363922)"
  }, 
  "omega": 1.33460838839862
 }, 
 "150-360": {
  "BranchLength": {
   "NS": 0.01633270955341814, 
   "S": 0.003437711077637541
  }, 
  "Diversity": {
   "NS": 0.0350432208252211, 
   "S": 0.007773461850628561
  }, 
  "Tree": {
   "Combined": "(((((((((cluster_2_3668:0,cluster_6_202:0.004958094304439155)Node8:0.004957064542031281,cluster_7_320:0)Node7:0.07437969586634573,cluster_8_118:0.02183109492685563)Node6:0,cluster_11_74:0.05001272553284011)Node5:0,cluster_14_66:0.01946255647532521)Node4:0.0502076416196744,cluster_15_361:0.02750740721012922)Node3:0,cluster_16_91:0.02309770250866731)Node2:0,cluster_21_51:0.0674792259262298)Node1:0.0119799646511129,cluster_33_52:0.004925460069912862,cluster_38_34:0.01483935835649423)",