{
 "150-360": {
  "BranchLength": {
   "NS": 0.0009017109265216462, 
   "S": 0.005517915008589399
  }, 
  "Diversity": {
   "NS": 0.002500613154253421, 
   "S": 0.01519198530666327
  }, 
  "Tree": {
   "Combined": "(((((cluster_4_128:0.005513284972730619,cluster_5_143:0)Node4:0.01071912390808178,cluster_8_134:0.004959454854482228)Node3:0,cluster_9_71:0.009933024881456341)Node2:0.005774904605370198,cluster_13_37:0.02391495220852314)Node1:0.00466194452587606,cluster_20_58:0.005139195329701129,cluster_22_109:0)", 
   "NS": "(((((cluster_4_128:0,cluster_5_143:0)Node4:0,cluster_8_134:0.004959454854482228)Node3:0,cluster_9_71:0.00495936533725588)Node2:0,cluster_13_37:0)Node1:0,cluster_20_58:0,cluster_22_109:0)", 
   "S": "(((((cluster_4_128:0.005513284972730619,cluster_5_143:0)Node4:0.01071912390808178,cluster_8_134:0)Node3:0,cluster_9_71:0.004973659544200463)Node2:0.005774904605370198,cluster_13_37:0.02391495220852314)Node1:0.00466194452587606,cluster_20_58:0.005139195329701129,cluster_22_109:0)"
  }, 
  "omega": 0.05004451778533076
 }, 
 "159-552": {
  "BranchLength": {
   "NS": 0.0002828333868004637, 
   "S": 0.003929881135066043
  }, 
  "Diversity": {
   "NS": 0.001069153039735902, 
   "S": 0.02946716581964627
  }, 
  "Tree": {
   "Combined": "((((((((((((((((((((((((((((((((((((((cluster_0_57:0.008825686286484493,cluster_3_12:0.005634846465883168)Node37:0.009245764156844373,cluster_6_26:0)Node36:0,cluster_9_30:0.008511951329039652)Node35:0.002914890289259479,cluster_10_17:0.008631317472319237)Node34:0,cluster_11_26:0.005820862972580933)Node33:0,cluster_13_152:0.002780447662317095)Node32:0,cluster_14_10:0.002936203247722374)Node31:0.008777098985616847,cluster_15_16:0.002732727196289067)Node30:0.002932530832064528,cluster_16_43:0.002791475772831436)Node29:0,cluster_29_11:0)Node28:0.002830730851508942,cluster_31_23:0.002549852185200055)Node27:0.005733383906568413,cluster_32_56:0.01389996523406857)Node26:0,cluster_33_10:0.005710573964183122)Node25:0,cluster_37_24:0.008733076091408306)Node24:0,cluster_38_93:0.008168123749465035)Node23:0,cluster_39_21:0.0110993822329941)Node22:0.002839362550504507,cluster_40_24:0.00867929391141241)Node21:0,cluster_42_145:0.002857920976576439)Node20:0,cluster_45_14:0.008679550129327123)Node19:0,cluster_46_11:0.01145036438300891)Node18:0,cluster_49_16:0.00577463480393875)Node17:0,cluster_53_25:0)Node16:0.002740434394803567,(cluster_55_46:0,cluster_60_101:0.002778231432480166)Node61:0.005769557348849117)Node15:0,cluster_64_11:0.01469392406975151)Node14:0,cluster_66_21:0.005757135547854124)Node13:0,cluster_76_12:0.002902047467868235)Node12:0.008547582563798433,(cluster_77_38:0.005759886954288665,cluster_79_19:0.01483353246432847)Node67:0)Node11:0,cluster_80_17:0.002822492222363122)Node10:0,cluster_81_24:0)Node9:0.00589163239582257,cluster_88_31:0.01183497112366691)Node8:0.008602354050537346,cluster_90_23:0)Node7:0,cluster_109_15:0.002735036648624182)Node6:0,cluster_113_12:0.01098879969795442)Node5:0,cluster_116_12:0.01092098719031144)Node4:0.005610215659287785,cluster_133_11:0.008516813712069599)Node3:0,cluster_148_19:0.01240231177533281)Node2:0,cluster_164_22:0.01690036561956552)Node1:0,cluster_196_15:0.008679546292211737,cluster_207_12:0)", 
   "NS": "((((((((((((((((((((((((((((((((((((((cluster_0_57:0,cluster_3_12:0)Node37:0,cluster_6_26:0)Node36:0,cluster_9_30:0)Node35:0,cluster_10_17:0)Node34:0,cluster_11_26:0)Node33:0,cluster_13_152:0)Node32:0,cluster_14_10:0)Node31:0,cluster_15_16:0)Node30:0,cluster_16_43:0)Node29:0,cluster_29_11:0)Node28:0,cluster_31_23:0.002549852185200055)Node27:0,cluster_32_56:0.002541093490639343)Node26:0,cluster_33_10:0)Node25:0,cluster_37_24:0)Node24:0,cluster_38_93:0.002540610926179443)Node23:0,cluster_39_21:0.002541010607707327)Node22:0,cluster_40_24:0)Node21:0,cluster_42_145:0)Node20:0,cluster_45_14:0)Node19:0,cluster_46_11:0)Node18:0,cluster_49_16:0)Node17:0,cluster_53_25:0)Node16:0,(cluster_55_46:0,cluster_60_101:0)Node61:0)Node15:0,cluster_64_11:0)Node14:0,cluster_66_21:0)Node13:0,cluster_76_12:0)Node12:0,(cluster_77_38:0,cluster_79_19:0)Node67:0)Node11:0,cluster_80_17:0)Node10:0,cluster_81_24:0)Node9:0,cluster_88_31:0.00255387694263482)Node8:0,cluster_90_23:0)Node7:0,cluster_109_15:0)Node6:0,cluster_113_12:0.002540595951077349)Node5:0,cluster_116_12:0.002546345706179304)Node4:0,cluster_133_11:0)Node3:0,cluster_148_19:0.002556487423683401)Node2:0,cluster_164_22:0.002539631097536518)Node1:0,cluster_196_15:0,cluster_207_12:0)", 
   "S": "((((((((((((((((((((((((((((((((((((((cluster_0_57:0.008825686286484493,cluster_3_12:0.005634846465883168)Node37:0.009245764156844373,cluster_6_26:0)Node36:0,cluster_9_30:0.008511951329039652)Node35:0.002914890289259479,cluster_10_17:0.008631317472319237)Node34:0,cluster_11_26:0.005820862972580933)Node33:0,cluster_13_152:0.002780447662317095)Node32:0,cluster_14_10:0.002936203247722374)Node31:0.008777098985616847,cluster_15_16:0.002732727196289067)Node30:0.002932530832064528,cluster_16_43:0.002791475772831436)Node29:0,cluster_29_11:0)Node28:0.002830730851508942,cluster_31_23:0)Node27:0.005733383906568413,cluster_32_56:0.01135887174342923)Node26:0,cluster_33_10:0.005710573964183122)Node25:0,cluster_37_24:0.008733076091408306)Node24:0,cluster_38_93:0.005627512823285593)Node23:0,cluster_39_21:0.008558371625286771)Node22:0.002839362550504507,cluster_40_24:0.00867929391141241)Node21:0,cluster_42_145:0.002857920976576439)Node20:0,cluster_45_14:0.008679550129327123)Node19:0,cluster_46_11:0.01145036438300891)Node18:0,cluster_49_16:0.00577463480393875)Node17:0,cluster_53_25:0)Node16:0.002740434394803567,(cluster_55_46:0,cluster_60_101:0.002778231432480166)Node61:0.005769557348849117)Node15:0,cluster_64_11:0.01469392406975151)Node14:0,cluster_66_21:0.005757135547854124)Node13:0,cluster_76_12:0.002902047467868235)Node12:0.008547582563798433,(cluster_77_38:0.005759886954288665,cluster_79_19:0.01483353246432847)Node67:0)Node11:0,cluster_80_17:0.002822492222363122)Node10:0,cluster_81_24:0)Node9:0.00589163239582257,cluster_88_31:0.009281094181032094)Node8:0.008602354050537346,cluster_90_23:0)Node7:0,cluster_109_15:0.002735036648624182)Node6:0,cluster_113_12:0.00844820374687707)Node5:0,cluster_116_12:0.008374641484132134)Node4:0.005610215659287785,cluster_133_11:0.008516813712069599)Node3:0,cluster_148_19:0.009845824351649409)Node2:0,cluster_164_22:0.01436073452202899)Node1:0,cluster_196_15:0.008679546292211737,cluster_207_12:0)"
  }, 
  "omega": 0.02795336403299629
 }, 
 "180-390": {
  "BranchLength": {
   "NS": 0.0005666256025220795, 
   "S": 0.005405726456549281
  }, 
  "Diversity": {
   "NS": 0.001610377948601163, 
   "S": 0.01302852145145239
  }, 
  "Tree": {
   "Combined": "((((((((cluster_0_255:0.01007444746591301,cluster_5_255:0.005131826647072038)Node7:0,cluster_6_319:0)Node6:0,cluster_9_83:0.01572428941127536)Node5:0,cluster_14_52:0.01007320476487455)Node4:0,cluster_15_43:0.01034449240018131)Node3:0,cluster_21_175:0.01488173564489243)Node2:0,cluster_23_80:0.02527900426577456)Node1:0,cluster_24_68:0.005000311082236553,cluster_117_34:0.005020673321993321)", 
   "NS": "((((((((cluster_0_255:0,cluster_5_255:0)Node7:0,cluster_6_319:0)Node6:0,cluster_9_83:0)Node5:0,cluster_14_52:0)Node4:0,cluster_15_43:0)Node3:0,cluster_21_175:0.004816936035510723)Node2:0,cluster_23_80:0.004815699207364629)Node1:0,cluster_24_68:0,cluster_117_34:0)", 
   "S": "((((((((cluster_0_255:0.01007444746591301,cluster_5_255:0.005131826647072038)Node7:0,cluster_6_319:0)Node6:0,cluster_9_83:0.01572428941127536)Node5:0,cluster_14_52:0.01007320476487455)Node4:0,cluster_15_43:0.01034449240018131)Node3:0,cluster_21_175:0.01006479960938171)Node2:0,cluster_23_80:0.02046330505840993)Node1:0,cluster_24_68:0.005000311082236553,cluster_117_34:0.005020673321993321)"
  }, 
  "omega": 0.03752797182171866
 }, 
 "210-420": {
  "BranchLength": {
   "NS": 0.0004187015196482934, 
   "S": 0.004993520096422604
  }, 
  "Diversity": {
   "NS": 0.00143960026144503, 
   "S": 0.01467949879549752
  },