{
 "117-528": {
  "BranchLength": {
   "NS": 0.008196206317970188, 
   "S": 0.002099274517824514
  }, 
  "Diversity": {
   "NS": 0.03380193547510813, 
   "S": 0.006941876067832031
  }, 
  "Tree": {
   "Combined": "((((((((((((((cluster_1_215:0,cluster_3_49:0.002492517632567926)Node13:0.005014032238986422,cluster_8_18:0.04142707665730284)Node12:0,(cluster_13_21:0.007507047169481751,cluster_16_65:0.007539111521300476)Node17:0)Node11:0,cluster_17_28:0.007623154663035485)Node10:0.03607737929088122,cluster_23_17:0)Node9:0,cluster_25_38:0.002483092480686953)Node8:0,cluster_57_12:0.04422233658093205)Node7:0,cluster_60_10:0.002474873413400861)Node6:0.004324990047209284,cluster_61_10:0.04199494307561551)Node5:0,cluster_64_15:0.04138623559747539)Node4:0.01012169815364444,cluster_65_11:0)Node3:0,cluster_90_10:0.002413767563342698)Node2:0.04430042270699217,cluster_94_25:0.004863075142579317)Node1:0.005172154562450907,cluster_173_10:0.002615353492740468,cluster_184_13:0.005106643919009536)", 
   "NS": "((((((((((((((cluster_1_215:0,cluster_3_49:0.002492517632567926)Node13:0.005014032238986422,cluster_8_18:0.03363703830608992)Node12:0,(cluster_13_21:0.007507047169481751,cluster_16_65:0.007539111521300476)Node17:0)Node11:0,cluster_17_28:0.004972892099825339)Node10:0.02801806240610393,cluster_23_17:0)Node9:0,cluster_25_38:0.002483092480686953)Node8:0,cluster_57_12:0.0313613970446053)Node7:0,cluster_60_10:0.002474873413400861)Node6:0.004324990047209284,cluster_61_10:0.03440684817929111)Node5:0,cluster_64_15:0.03031828118650707)Node4:0.01012169815364444,cluster_65_11:0)Node3:0,cluster_90_10:0)Node2:0.0368835145895748,cluster_94_25:0.004863075142579317)Node1:0.005172154562450907,cluster_173_10:0,cluster_184_13:0.002491769682769989)", 
   "S": "((((((((((((((cluster_1_215:0,cluster_3_49:0)Node13:0,cluster_8_18:0.007790038351212913)Node12:0,(cluster_13_21:0,cluster_16_65:0)Node17:0)Node11:0,cluster_17_28:0.002650262563210148)Node10:0.008059316884777297,cluster_23_17:0)Node9:0,cluster_25_38:0)Node8:0,cluster_57_12:0.01286093953632677)Node7:0,cluster_60_10:0)Node6:0,cluster_61_10:0.007588094896324418)Node5:0,cluster_64_15:0.01106795441096831)Node4:0,cluster_65_11:0)Node3:0,cluster_90_10:0.002413767563342698)Node2:0.00741690811741736,cluster_94_25:0)Node1:0,cluster_173_10:0.002615353492740468,cluster_184_13:0.00261487423623955)"
  }, 
  "omega": 1.11196300542391
 }, 
 "120-330": {
  "BranchLength": {
   "NS": 0.002760501034027719, 
   "S": 0.001987596640391544
  }, 
  "Diversity": {
   "NS": 0.007027618750617225, 
   "S": 0.004292324957306372
  }, 
  "Tree": {
   "Combined": "(((cluster_1_516:0.004838363753821254,cluster_2_100:0)Node2:0.01910620538950085,cluster_5_128:0)Node1:0,cluster_11_45:0.004491587167113927,cluster_14_73:0.004800527410498813)", 
   "NS": "(((cluster_1_516:0.004838363753821254,cluster_2_100:0)Node2:0.009684616073873963,cluster_5_128:0)Node1:0,cluster_11_45:0,cluster_14_73:0.004800527410498813)", 
   "S": "(((cluster_1_516:0,cluster_2_100:0)Node2:0.009421589315626885,cluster_5_128:0)Node1:0,cluster_11_45:0.004491587167113927,cluster_14_73:0)"
  }, 
  "omega": 0.3934810903641023
 }, 
 "150-360": {
  "BranchLength": {
   "NS": 0.004295000975996155, 
   "S": 0.002095250596654747
  }, 
  "Diversity": {
   "NS": 0.01159392772290632, 
   "S": 0.004672538663870591
  }, 
  "Tree": {
   "Combined": "(((cluster_1_487:0.00496605231983703,cluster_2_73:0)Node2:0.03014173816732985,cluster_4_122:0)Node1:0,cluster_9_45:0.004696746712220792,cluster_11_70:0.004927223809168655)", 
   "NS": "(((cluster_1_487:0.00496605231983703,cluster_2_73:0)Node2:0.0201717307029674,cluster_4_122:0)Node1:0,cluster_9_45:0,cluster_11_70:0.004927223809168655)", 
   "S": "(((cluster_1_487:0,cluster_2_73:0)Node2:0.00997000746436244,cluster_4_122:0)Node1:0,cluster_9_45:0.004696746712220792,cluster_11_70:0)"
  }, 
  "omega": 0.5888874997111978
 }, 
 "180-390": {
  "BranchLength": {
   "NS": 0.009978536140521497, 
   "S": 0.003243230793551649
  }, 
  "Diversity": {
   "NS": 0.01852582084189436, 
   "S": 0.006279758647235401
  }, 
  "Tree": {
   "Combined": "((cluster_0_519:0.004928413578957365,cluster_1_92:0)Node1:0.05633140209685597,cluster_6_154:0,cluster_8_63:0.004849018994552362)", 
   "NS": "((cluster_0_519:0.004928413578957365,cluster_1_92:0)Node1:0.04011524812909775,cluster_6_154:0,cluster_8_63:0.004849018994552362)", 
   "S": "((cluster_0_519:0,cluster_1_92:0)Node1:0.01621615396775824,cluster_6_154:0,cluster_8_63:0)"
  }, 
  "omega": 1.029285025802313
 }, 
 "210-420": {
  "BranchLength": {
   "NS": 0.006491899894789722, 
   "S": 0.001944335716736412
  }, 
  "Diversity": {
   "NS": 0.0183102678270545, 
   "S": 0.006606672408537326
  }, 
  "Tree": {
   "Combined": "((((cluster_0_416:0,cluster_1_80:0.004862338264250276)Node3:0,cluster_2_95:0.004877119483366687)Node2:0,cluster_4_32:0.004901310383228656)Node1:0.05648284214392568,cluster_6_63:0,cluster_7_147:0.004802510228963924)", 
   "NS": "((((cluster_0_416:0,cluster_1_80:0.004862338264250276)Node3:0,cluster_2_95:0.004877119483366687)Node2:0,cluster_4_32:0.004901310383228656)Node1:0.03898382069329796,cluster_6_63:0,cluster_7_147:0.004802510228963924)", 
   "S": "((((cluster_0_416:0,cluster_1_80:0)Node3:0,cluster_2_95:0)Node2:0,cluster_4_32:0)Node1:0.01749902145062771,cluster_6_63:0,cluster_7_147:0)"
  }, 
  "omega": 0.9714954354437914
 }, 
 "240-450": {
  "BranchLength": {
   "NS": 0.0201859480700558, 
   "S": 0.005654690498439948
  }, 
  "Diversity": {
   "NS": 0.02950896347402978, 
   "S": 0.008192330378292418
  }, 
  "Tree": {
   "Combined": "(((cluster_1_371:0,cluster_7_123:0.08632557269236819)Node2:0,cluster_9_106:0.004926354240494994)Node1:0.0104124430773568,cluster_10_79:0.004498443568344623,cluster_18_42:0.07472165640090563)", 
   "NS": "(((cluster_1_371:0,cluster_7_123:0.06417489262424474)Node2:0,cluster_9_106:0.004926354240494994)Node1:0.0104124430773568,cluster_10_79:0.004498443568344623,cluster_18_42:0.05728950297994947)", 
   "S": "(((cluster_1_371:0,cluster_7_123:0.02215068006812343)Node2:0,cluster_9_106:0)Node1:0,cluster_10_79:0,cluster_18_42:0.01743215342095621)"
  }, 
  "omega": 1.054195504577201
 }, 
 "270-480": {
  "BranchLength": {
   "NS": 0.008672268809794683, 
   "S": 0.001838313519298053
  }, 
  "Diversity": {
   "NS": 0.005138595117122301, 
   "S": 0.0008899062104789264
  }, 
  "Tree": {
   "Combined": "(cluster_1_313:0,cluster_3_100:0.005126807704330265,cluster_4_40:0.02640493928294795)", 
   "NS": "(cluster_1_313:0,cluster_3_100:0.005126807704330265,cluster_4_40:0.02088999872505378)", 
   "S": "(cluster_1_313:0,cluster_3_100:0,cluster_4_40:0.00551494055789416)"
  }, 
  "omega": 1.423637428744028
 }, 
 "300-510": {
  "BranchLength": {
   "NS": 0.008585712137925292, 
   "S": 0.002004831256751829
  }, 
  "Diversity": {
   "NS": 0.004875821044298433, 
   "S": 0.000895222969807552
  }, 
  "Tree": {
   "Combined": "(cluster_1_316:0,cluster_3_105:0.005074943495512711,cluster_7_37:0.02669668668851864)", 
   "NS": "(cluster_1_316:0,cluster_3_105:0.005074943495512711,cluster_7_37:0.02068219291826317)", 
   "S": "(cluster_1_316:0,cluster_3_105:0,cluster_7_37:0.006014493770255488)"
  }, 
  "omega": 1.180285512094258
 }
}