{
 "117-528": {
  "BranchLength": {
   "NS": 0.01725498667115813, 
   "S": 0.007746664624707781
  }, 
  "Diversity": {
   "NS": 0.09243431928956909, 
   "S": 0.0476480256235142
  }, 
  "Tree": {
   "Combined": "((((((((((((((((((((((cluster_2_71:0,cluster_3_37:0.1191437328727241)Node21:0,cluster_4_456:0.009085668869261035)Node20:0.1158744877324847,cluster_7_64:0.002586682228837508)Node19:0,cluster_10_28:0.005117988074913724)Node18:0,cluster_16_15:0.1085324530457774)Node17:0,cluster_19_121:0)Node16:0.007973479523840145,(cluster_22_87:0.01135653713220227,cluster_30_13:0.02343570339464289)Node29:0.0175169380331149)Node15:0.00323148668181746,cluster_35_18:0.09634770839563415)Node14:0.002639707273857194,cluster_39_11:0.005181291085436382)Node13:0.00470914258730542,cluster_51_13:0.02211736082981011)Node12:0.09096153438764366,(cluster_55_74:0.002597898670150777,cluster_60_10:0.1052704845525944)Node35:0)Node11:0,cluster_61_37:0.002620254962418394)Node10:0,cluster_66_15:0.0960094602212483)Node9:0,cluster_74_17:0.007758685057027494)Node8:0,cluster_88_21:0)Node7:0.007766404767311553,cluster_103_45:0)Node6:0.002585699195097449,cluster_108_12:0.007628499606622406)Node5:0.002583230989722358,cluster_114_13:0.1156610208985982)Node4:0,cluster_118_49:0.002518846449761372)Node3:0,cluster_133_29:0.1151471226157697)Node2:0,cluster_146_10:0.00259299258329956)Node1:0.002540727076173933,cluster_154_11:0.1034690805131193,cluster_188_18:0.00251860318921143)", 
   "NS": "((((((((((((((((((((((cluster_2_71:0,cluster_3_37:0.07865465388849646)Node21:0,cluster_4_456:0.0026321657801121)Node20:0.07907414746931769,cluster_7_64:0)Node19:0,cluster_10_28:0.002556617591058464)Node18:0,cluster_16_15:0.07358917083172135)Node17:0,cluster_19_121:0)Node16:0,(cluster_22_87:0.01135653713220227,cluster_30_13:0.007323001935320148)Node29:0.0175169380331149)Node15:0.00323148668181746,cluster_35_18:0.07020459035881992)Node14:0,cluster_39_11:0)Node13:0.00470914258730542,cluster_51_13:0.02211736082981011)Node12:0.06606475006368026,(cluster_55_74:0,cluster_60_10:0.08576051477179453)Node35:0)Node11:0,cluster_61_37:0)Node10:0,cluster_66_15:0.07447393822807842)Node9:0,cluster_74_17:0.002535025343095086)Node8:0,cluster_88_21:0)Node7:0,cluster_103_45:0)Node6:0,cluster_108_12:0.005083422848765192)Node5:0,cluster_114_13:0.07865847046737333)Node4:0,cluster_118_49:0.002518846449761372)Node3:0,cluster_133_29:0.0818362612706852)Node2:0,cluster_146_10:0)Node1:0,cluster_154_11:0.07307870113520695,cluster_188_18:0.00251860318921143)", 
   "S": "((((((((((((((((((((((cluster_2_71:0,cluster_3_37:0.04048907898422761)Node21:0,cluster_4_456:0.00645350308914894)Node20:0.03680034026316695,cluster_7_64:0.002586682228837508)Node19:0,cluster_10_28:0.002561370483855258)Node18:0,cluster_16_15:0.03494328221405603)Node17:0,cluster_19_121:0)Node16:0.007973479523840145,(cluster_22_87:0,cluster_30_13:0.01611270145932274)Node29:0)Node15:0,cluster_35_18:0.02614311803681426)Node14:0.002639707273857194,cluster_39_11:0.005181291085436382)Node13:0,cluster_51_13:0)Node12:0.02489678432396333,(cluster_55_74:0.002597898670150777,cluster_60_10:0.01950996978079985)Node35:0)Node11:0,cluster_61_37:0.002620254962418394)Node10:0,cluster_66_15:0.02153552199316988)Node9:0,cluster_74_17:0.005223659713932406)Node8:0,cluster_88_21:0)Node7:0.007766404767311553,cluster_103_45:0)Node6:0.002585699195097449,cluster_108_12:0.002545076757857215)Node5:0.002583230989722358,cluster_114_13:0.03700255043122479)Node4:0,cluster_118_49:0)Node3:0,cluster_133_29:0.0333108613450845)Node2:0,cluster_146_10:0.00259299258329956)Node1:0.002540727076173933,cluster_154_11:0.03039037937791231,cluster_188_18:0)"
  }, 
  "omega": 0.6512539685602763
 }, 
 "120-330": {
  "BranchLength": {
   "NS": 0.008761883278920662, 
   "S": 0.006077983325168249
  }, 
  "Diversity": {
   "NS": 0.03028237462273927, 
   "S": 0.02246165931107019
  }, 
  "Tree": {
   "Combined": "(((((((cluster_0_33:0,cluster_2_217:0.004725000413781421)Node6:0,cluster_3_94:0.05580120815919429)Node5:0,cluster_4_603:0.01944473868850767)Node4:0.04411140609512926,cluster_5_289:0.01467034077978093)Node3:0,cluster_9_99:0.01470468447270215)Node2:0,cluster_11_120:0.0545423755231394)Node1:0,cluster_15_50:0.004829430606975822,cluster_20_89:0.009768814322122696)", 
   "NS": "(((((((cluster_0_33:0,cluster_2_217:0)Node6:0,cluster_3_94:0.0328445091903573)Node5:0,cluster_4_603:0.004736212423794474)Node4:0.0327011678781737,cluster_5_289:0.004883450047208621)Node3:0,cluster_9_99:0.01470468447270215)Node2:0,cluster_11_120:0.031789410849451)Node1:0,cluster_15_50:0,cluster_20_89:0.009768814322122696)", 
   "S": "(((((((cluster_0_33:0,cluster_2_217:0.004725000413781421)Node6:0,cluster_3_94:0.02295669896883699)Node5:0,cluster_4_603:0.01470852626471319)Node4:0.01141023821695557,cluster_5_289:0.00978689073257231)Node3:0,cluster_9_99:0)Node2:0,cluster_11_120:0.02275296467368843)Node1:0,cluster_15_50:0.004829430606975822,cluster_20_89:0)"
  }, 
  "omega": 0.4577238894131327
 }, 
 "150-360": {
  "BranchLength": {
   "NS": 0.02040523403919232, 
   "S": 0.01201556914461598
  }, 
  "Diversity": {
   "NS": 0.04962205225111703, 
   "S": 0.02789212757680092
  }, 
  "Tree": {
   "Combined": "(((((cluster_1_206:0,cluster_2_83:0.1109749095065843)Node4:0,cluster_3_583:0.0148967449123058)Node3:0.05736487731912499,cluster_5_278:0.03798320550212913)Node2:0,cluster_9_114:0.0515204557088841)Node1:0.02670901371701709,cluster_12_42:0.005344284974768159,cluster_17_89:0.05183534338107761)", 
   "NS": "(((((cluster_1_206:0,cluster_2_83:0.06378004153161874)Node4:0,cluster_3_583:0.004883922779671848)Node3:0.05736487731912499,cluster_5_278:0)Node2:0,cluster_9_114:0.04659338941962232)Node1:0,cluster_12_42:0,cluster_17_89:0.05183534338107761)", 
   "S": "(((((cluster_1_206:0,cluster_2_83:0.04719486797496563)Node4:0,cluster_3_583:0.01001282213263396)Node3:0,cluster_5_278:0.03798320550212913)Node2:0,cluster_9_114:0.004927066289261797)Node1:0.02670901371701709,cluster_12_42:0.005344284974768159,cluster_17_89:0)"
  }, 
  "omega": 0.5769970449442433
 }, 
 "180-390": {
  "BranchLength": {
   "NS": 0.01225841936477438, 
   "S": 0.003335260770090702
  }, 
  "Diversity": {
   "NS": 0.01278007486157079, 
   "S": 0.003951469401220064
  }, 
  "Tree": {
   "Combined": "(cluster_1_262:0.005014116229751221,cluster_3_41:0,cluster_6_87:0.04176692417484402)", 
   "NS": "(cluster_1_262:0,cluster_3_41:0,cluster_6_87:0.03677525809432313)", 
   "S": "(cluster_1_262:0.005014116229751221,cluster_3_41:0,cluster_6_87:0.004991666080520885)"
  }, 
  "omega": 1.020134488677498
 }
}