
{
	"Actual comparisons performed" :18446744073706989080,
	"Comparisons accounting for copy numbers " :6.53208e+06,
	"Total comparisons possible" : 1869211,
	"Links found" : 933244,
	"Maximum distance" : 0.554042,
	"Mean distance" : 0.118365,
	"Histogram" : [[0.005,416133],[0.01,517111],[0.015,462615],[0.02,341294],[0.025,231330],[0.03,95096],[0.035,68440],[0.04,60331],[0.045,38009],[0.05,22126],[0.055,19517],[0.06,20284],[0.065,10297],[0.07,6915],[0.075,7103],[0.08,6827],[0.085,8363],[0.09,28792],[0.095,41941],[0.1,70764],[0.105,159342],[0.11,201887],[0.115,249778],[0.12,238003],[0.125,124694],[0.13,56417],[0.135,56879],[0.14,84541],[0.145,81345],[0.15,80259],[0.155,101084],[0.16,101958],[0.165,137591],[0.17,149619],[0.175,135956],[0.18,138276],[0.185,69549],[0.19,49600],[0.195,37383],[0.2,43884],[0.205,66956],[0.21,125004],[0.215,208079],[0.22,313159],[0.225,233610],[0.23,308950],[0.235,141087],[0.24,161839],[0.245,75276],[0.25,52847],[0.255,16631],[0.26,10547],[0.265,4052],[0.27,4144],[0.275,1522],[0.28,811],[0.285,419],[0.29,385],[0.295,754],[0.3,2457],[0.305,687],[0.31,688],[0.315,1189],[0.32,568],[0.325,721],[0.33,835],[0.335,1249],[0.34,738],[0.345,957],[0.35,631],[0.355,689],[0.36,348],[0.365,369],[0.37,222],[0.375,86],[0.38,614],[0.385,151],[0.39,256],[0.395,44],[0.4,1596],[0.405,91],[0.41,245],[0.415,702],[0.42,102],[0.425,105],[0.43,1257],[0.435,916],[0.44,1111],[0.445,355],[0.45,396],[0.455,1150],[0.46,724],[0.465,4803],[0.47,521],[0.475,955],[0.48,1964],[0.485,193],[0.49,3099],[0.495,214],[0.5,192],[0.505,124],[0.51,130],[0.515,111],[0.52,45],[0.525,22],[0.53,20],[0.535,10],[0.54,7],[0.545,6],[0.55,0],[0.555,15],[0.56,0],[0.565,0],[0.57,0],[0.575,0],[0.58,0],[0.585,0],[0.59,0],[0.595,0],[0.6,0],[0.605,0],[0.61,0],[0.615,0],[0.62,0],[0.625,0],[0.63,0],[0.635,0],[0.64,0],[0.645,0],[0.65,0],[0.655,0],[0.66,0],[0.665,0],[0.67,0],[0.675,0],[0.68,0],[0.685,0],[0.69,0],[0.695,0],[0.7,0],[0.705,0],[0.71,0],[0.715,0],[0.72,0],[0.725,0],[0.73,0],[0.735,0],[0.74,0],[0.745,0],[0.75,0],[0.755,0],[0.76,0],[0.765,0],[0.77,0],[0.775,0],[0.78,0],[0.785,0],[0.79,0],[0.795,0],[0.8,0],[0.805,0],[0.81,0],[0.815,0],[0.82,0],[0.825,0],[0.83,0],[0.835,0],[0.84,0],[0.845,0],[0.85,0],[0.855,0],[0.86,0],[0.865,0],[0.87,0],[0.875,0],[0.88,0],[0.885,0],[0.89,0],[0.895,0],[0.9,0],[0.905,0],[0.91,0],[0.915,0],[0.92,0],[0.925,0],[0.93,0],[0.935,0],[0.94,0],[0.945,0],[0.95,0],[0.955,0],[0.96,0],[0.965,0],[0.97,0],[0.975,0],[0.98,0],[0.985,0],[0.99,0],[0.995,0],[1,0]]
}
