{
 "117-528": {
  "BranchLength": {
   "NS": 0.01209963557718876, 
   "S": 0.006839983614533779
  }, 
  "Diversity": {
   "NS": 0.05688085188444261, 
   "S": 0.03268558123813341
  }, 
  "Tree": {
   "Combined": "(((((((((((((((((((((((((((((((((((((cluster_0_45:0.01017635157011211,cluster_2_357:0.09650905530880538)Node36:0,cluster_4_1265:0.1118557073752467)Node35:0,cluster_8_1363:0.005025629516220513)Node34:0,cluster_15_319:0.007611412849158938)Node33:0,cluster_23_206:0.09008572318933512)Node32:0.002358975622998402,cluster_26_467:0.009934184235650912)Node31:0,cluster_27_74:0.09617676790808184)Node30:0,cluster_28_53:0.005006321516601795)Node29:0,cluster_31_64:0.1023803663489971)Node28:0.002455510791923138,cluster_32_32:0.005074438303031057)Node27:0,cluster_34_67:0.007625499307685169)Node26:0,cluster_36_30:0.1054188725206503)Node25:0,cluster_40_35:0.07089859598954686)Node24:0,cluster_44_65:0.004998565890491851)Node23:0,cluster_48_83:0.09977273564382096)Node22:0,cluster_50_241:0)Node21:0.004925857154797724,cluster_53_208:0.007615592115875851)Node20:0,cluster_61_117:0)Node19:0,cluster_63_130:0.005075232666980847)Node18:0.00250074117449613,cluster_66_102:0.04245806417551869)Node17:0,cluster_70_90:0.005214565486080643)Node16:0,(cluster_73_110:0.002488860668955347,cluster_74_45:0.002567377962319231)Node59:0)Node15:0,cluster_89_54:0.005126523442019343)Node14:0.00734313099290248,cluster_96_57:0.1006200682627977)Node13:0,cluster_103_47:0.09304377860999347)Node12:0,(cluster_104_48:0.005048288557501925,cluster_113_33:0)Node65:0)Node11:0,cluster_117_126:0.005021895470251273)Node10:0,cluster_124_68:0.1126900244501543)Node9:0.00243229167814167,cluster_125_79:0.005057314527417731)Node8:0.0025030007217776,cluster_131_39:0.002587771155174886)Node7:0.002431334679972978,cluster_138_28:0)Node6:0.09290185498964325,cluster_143_73:0.00804452149974128)Node5:0.005002900320420625,cluster_195_35:0.002563757311250656)Node4:0,cluster_234_34:0.007936900298877834)Node3:0,cluster_257_69:0.004985135269922335)Node2:0.002433453310510346,cluster_344_28:0)Node1:0,cluster_450_31:0.1173068975833522,cluster_496_31:0.004938067720874261)", 
   "NS": "(((((((((((((((((((((((((((((((((((((cluster_0_45:0.005100126335658471,cluster_2_357:0.06271606323057961)Node36:0,cluster_4_1265:0.0746213935428653)Node35:0,cluster_8_1363:0.002519292819741472)Node34:0,cluster_15_319:0.002527509512231479)Node33:0,cluster_23_206:0.06308471743122145)Node32:0.002358975622998402,cluster_26_467:0.005003978453547915)Node31:0,cluster_27_74:0.06592512483570168)Node30:0,cluster_28_53:0)Node29:0,cluster_31_64:0.06549053732118169)Node28:0,cluster_32_32:0.005074438303031057)Node27:0,cluster_34_67:0.005069959575161416)Node26:0,cluster_36_30:0.06841092565614255)Node25:0,cluster_40_35:0.05264318897903966)Node24:0,cluster_44_65:0.002488917756819014)Node23:0,cluster_48_83:0.06571819128470249)Node22:0,cluster_50_241:0)Node21:0.002448520112241587,cluster_53_208:0.005068790300708143)Node20:0,cluster_61_117:0)Node19:0,cluster_63_130:0.002540578214364707)Node18:0,cluster_66_102:0.02074416570461209)Node17:0,cluster_70_90:0)Node16:0,(cluster_73_110:0.002488860668955347,cluster_74_45:0)Node59:0)Node15:0,cluster_89_54:0)Node14:0.004865083156502989,cluster_96_57:0.06790522188844246)Node13:0,cluster_103_47:0.06604864279542899)Node12:0,(cluster_104_48:0.002541381715742778,cluster_113_33:0)Node65:0)Node11:0,cluster_117_126:0.002535176995563668)Node10:0,cluster_124_68:0.07242081836137516)Node9:0.00243229167814167,cluster_125_79:0.002538116326830403)Node8:0,cluster_131_39:0)Node7:0.002431334679972978,cluster_138_28:0)Node6:0.06178768517100128,cluster_143_73:0.002462622310456079)Node5:0,cluster_195_35:0)Node4:0,cluster_234_34:0)Node3:0,cluster_257_69:0.002438121103186347)Node2:0.002433453310510346,cluster_344_28:0)Node1:0,cluster_450_31:0.07604893772237706,cluster_496_31:0.004938067720874261)", 
   "S": "(((((((((((((((((((((((((((((((((((((cluster_0_45:0.00507622523445364,cluster_2_357:0.03379299207822574)Node36:0,cluster_4_1265:0.03723431383238138)Node35:0,cluster_8_1363:0.002506336696479041)Node34:0,cluster_15_319:0.005083903336927463)Node33:0,cluster_23_206:0.02700100575811372)Node32:0,cluster_26_467:0.004930205782102991)Node31:0,cluster_27_74:0.03025164307238018)Node30:0,cluster_28_53:0.005006321516601795)Node29:0,cluster_31_64:0.03688982902781542)Node28:0.002455510791923138,cluster_32_32:0)Node27:0,cluster_34_67:0.002555539732523755)Node26:0,cluster_36_30:0.03700794686450778)Node25:0,cluster_40_35:0.01825540701050719)Node24:0,cluster_44_65:0.002509648133672837)Node23:0,cluster_48_83:0.03405454435911847)Node22:0,cluster_50_241:0)Node21:0.002477337042556137,cluster_53_208:0.002546801815167703)Node20:0,cluster_61_117:0)Node19:0,cluster_63_130:0.002534654452616139)Node18:0.00250074117449613,cluster_66_102:0.0217138984709066)Node17:0,cluster_70_90:0.005214565486080643)Node16:0,(cluster_73_110:0,cluster_74_45:0.002567377962319231)Node59:0)Node15:0,cluster_89_54:0.005126523442019343)Node14:0.002478047836399491,cluster_96_57:0.03271484637435523)Node13:0,cluster_103_47:0.02699513581456446)Node12:0,(cluster_104_48:0.002506906841759146,cluster_113_33:0)Node65:0)Node11:0,cluster_117_126:0.002486718474687602)Node10:0,cluster_124_68:0.04026920608877912)Node9:0,cluster_125_79:0.002519198200587329)Node8:0.0025030007217776,cluster_131_39:0.002587771155174886)Node7:0,cluster_138_28:0)Node6:0.03111416981864196,cluster_143_73:0.005581899189285203)Node5:0.005002900320420625,cluster_195_35:0.002563757311250656)Node4:0,cluster_234_34:0.007936900298877834)Node3:0,cluster_257_69:0.002547014166735989)Node2:0,cluster_344_28:0)Node1:0,cluster_450_31:0.04125795986097508,cluster_496_31:0)"
  }, 
  "omega": 0.5148337832514895
 }, 
 "120-330": {
  "BranchLength": {
   "NS": 0.008763461511226492, 
   "S": 0.00995932896025839
  }, 
  "Diversity": {
   "NS": 0.04672571531739816, 
   "S": 0.051982658575397
  }, 
  "Tree": {
   "Combined": "(((((((((((((((((((cluster_0_60:0.104814554823421,cluster_1_540:0.0104990157705609)Node18:0.00896750135492471,cluster_2_1726:0)Node17:0,cluster_4_96:0.009368551544859414)Node16:0.03967910553346669,(cluster_5_1543:0.004651035043194412,cluster_8_403:0.009388515018578578)Node23:0.04778609985975394)Node15:0,cluster_9_676:0.06416639116543894)Node14:0.02938908957592962,cluster_12_317:0)Node13:0,cluster_15_95:0.00465743757070696)Node12:0.01423283146288646,(cluster_18_78:0.02958686282539513,cluster_20_59:0.02937769659604586)Node29:0)Node11:0.0345034471907261,cluster_21_118:0.04080502009730237)Node10:0,cluster_22_145:0.01446296733298495)Node9:0,cluster_25_119:0.05454682018740744)Node8:0.0238218128354272,cluster_32_149:0)Node7:0,cluster_34_151:0.009776896191806167)Node6:0,cluster_40_114:0.01436573915502325)Node5:0,cluster_43_223:0.009749841283900799)Node4:0,cluster_44_62:0.009451457233284962)Node3:0,cluster_48_99:0.005147331416981685)Node2:0,cluster_54_72:0.08008546143856909)Node1:0,cluster_72_39:0.00945148468684061,cluster_117_39:0.09234702307843283)", 
   "NS": "(((((((((((((((((((cluster_0_60:0.05635842892557937,cluster_1_540:0)Node18:0,cluster_2_1726:0)Node17:0,cluster_4_96:0.004825607337752954)Node16:0,(cluster_5_1543:0,cluster_8_403:0)Node23:0.04778609985975394)Node15:0,cluster_9_676:0.05894435664309369)Node14:0,cluster_12_317:0)Node13:0,cluster_15_95:0)Node12:0,(cluster_18_78:0,cluster_20_59:0.02448526314837042)Node29:0)Node11:0.0345034471907261,cluster_21_118:0.01084539827296105)Node10:0,cluster_22_145:0)Node9:0,cluster_25_119:0.0346127547219946)Node8:0.005264603227107693,cluster_32_149:0)Node7:0,cluster_34_151:0.005147320014086672)Node6:0,cluster_40_114:0)Node5:0,cluster_43_223:0.005108871083088379)Node4:0,cluster_44_62:0)Node3:0,cluster_48_99:0.005147331416981685)Node2:0,cluster_54_72:0.04207658043379694)Node1:0,cluster_72_39:0,cluster_117_39:0.0417227827074457)",