{
 "117-528": {
  "BranchLength": {
   "NS": 0.01435011536198433, 
   "S": 0.007002002621876132
  }, 
  "Diversity": {
   "NS": 0.08026027034021245, 
   "S": 0.04336452997670875
  }, 
  "Tree": {
   "Combined": "(((((((((((((((((((((cluster_9_10:0.01997964287801684,cluster_19_60:0.01558374776855323)Node20:0.002325613081213085,cluster_20_74:0.005505551807456317)Node19:0.01360018026536826,cluster_25_39:0.1141763235780993)Node18:0.03592714628521135,cluster_30_19:0.01682540855448346)Node17:0,cluster_31_10:0.02494884774501432)Node16:0,(cluster_35_25:0.02107626162542559,cluster_43_35:0.008983670892655079)Node27:0)Node15:0.05017998436597463,cluster_50_22:0)Node14:0,cluster_56_57:0.002468105416834297)Node13:0.003144540377335185,cluster_60_81:0.01304791090659058)Node12:0.007954517296105504,(cluster_62_28:0.05873185276411728,cluster_85_24:0.01634114248974326)Node33:0.05067903036390902)Node11:0,cluster_99_15:0.01009626377994453)Node10:0,cluster_123_30:0.002645036016222493)Node9:0.02997389996886641,cluster_129_16:0.07360856976691807)Node8:0,cluster_133_13:0.1287572001787566)Node7:0,cluster_197_10:0.02263654809758135)Node6:0,cluster_218_14:0.06763873038693402)Node5:0,cluster_307_18:0.03525791240310658)Node4:0.01092689546569016,cluster_378_12:0.02590691196786278)Node3:0,cluster_436_10:0.02074737799670616)Node2:0.07852270500628072,cluster_612_12:0)Node1:0,cluster_708_12:0.002534656850359473,cluster_778_16:0.01281735889410596)", 
   "NS": "(((((((((((((((((((((cluster_9_10:0.01720256749453808,cluster_19_60:0.008440438306547862)Node20:0.002325613081213085,cluster_20_74:0.003423359740382255)Node19:0.01360018026536826,cluster_25_39:0.07902197502172993)Node18:0.01570447206891556,cluster_30_19:0.01682540855448346)Node17:0,cluster_31_10:0.008194633093272783)Node16:0,(cluster_35_25:0.008242017039434888,cluster_43_35:0.008683354248864151)Node27:0)Node15:0.03394856719923706,cluster_50_22:0)Node14:0,cluster_56_57:0.002468105416834297)Node13:0,cluster_60_81:0.009033943222720402)Node12:0.005322788715100626,(cluster_62_28:0.04250811464745432,cluster_85_24:0.007853609270574262)Node33:0.03487611884652541)Node11:0,cluster_99_15:0.00989208942708009)Node10:0,cluster_123_30:0)Node9:0.02238388308409265,cluster_129_16:0.05430071943196903)Node8:0,cluster_133_13:0.08926845562964526)Node7:0,cluster_197_10:0.006817257919854092)Node6:0,cluster_218_14:0.05173985387779262)Node5:0,cluster_307_18:0.02194683016512157)Node4:0,cluster_378_12:0.02409946552784384)Node3:0,cluster_436_10:0.01438233993506754)Node2:0.04918401896139749,cluster_612_12:0)Node1:0,cluster_708_12:0.002534656850359473,cluster_778_16:0.01023058496984319)", 
   "S": "(((((((((((((((((((((cluster_9_10:0.002777075383478737,cluster_19_60:0.007143309462005378)Node20:0,cluster_20_74:0.002082192067074062)Node19:0,cluster_25_39:0.03515434855636936)Node18:0.02022267421629579,cluster_30_19:0)Node17:0,cluster_31_10:0.01675421465174154)Node16:0,(cluster_35_25:0.0128342445859907,cluster_43_35:0.0003003166437909325)Node27:0)Node15:0.01623141716673755,cluster_50_22:0)Node14:0,cluster_56_57:0)Node13:0.003144540377335185,cluster_60_81:0.004013967683870183)Node12:0.002631728581004879,(cluster_62_28:0.01622373811666295,cluster_85_24:0.008487533219169001)Node33:0.01580291151738361)Node11:0,cluster_99_15:0.0002041743528644371)Node10:0,cluster_123_30:0.002645036016222493)Node9:0.00759001688477378,cluster_129_16:0.01930785033494901)Node8:0,cluster_133_13:0.03948874454911131)Node7:0,cluster_197_10:0.01581929017772727)Node6:0,cluster_218_14:0.01589887650914137)Node5:0,cluster_307_18:0.01331108223798499)Node4:0.01092689546569016,cluster_378_12:0.001807446440018936)Node3:0,cluster_436_10:0.006365038061638622)Node2:0.02933868604488324,cluster_612_12:0)Node1:0,cluster_708_12:0,cluster_778_16:0.002586773924262774)"
  }, 
  "omega": 0.5760830318367114
 }, 
 "120-330": {
  "BranchLength": {
   "NS": 0.009740097718986361, 
   "S": 0.006571172919366428
  }, 
  "Diversity": {
   "NS": 0.03336859338568238, 
   "S": 0.0231468546927751
  }, 
  "Tree": {
   "Combined": "(((((((((cluster_2_43:0.004756106338388562,cluster_7_88:0.03424079193992652)Node8:0,cluster_8_91:0.004744942231197513)Node7:0.004760484967323365,cluster_18_48:0.004775035848667558)Node6:0,cluster_34_52:0)Node5:0,cluster_35_68:0.004768991900819024)Node4:0.004760532445117312,cluster_39_121:0.02924333890817316)Node3:0,cluster_41_60:0.1010535942285091)Node2:0,cluster_49_78:0)Node1:0.04023177986037247,cluster_57_39:0.02095981268277005,cluster_145_58:0.05561873077743842)", 
   "NS": "(((((((((cluster_2_43:0,cluster_7_88:0.02241370446126238)Node8:0,cluster_8_91:0.004744942231197513)Node7:0,cluster_18_48:0.004775035848667558)Node6:0,cluster_34_52:0)Node5:0,cluster_35_68:0.004768991900819024)Node4:0,cluster_39_121:0.02440102387537617)Node3:0,cluster_41_60:0.06407428732559935)Node2:0,cluster_49_78:0)Node1:0.02158926494747139,cluster_57_39:0.004681559425070163,cluster_145_58:0.03361304664527735)", 
   "S": "(((((((((cluster_2_43:0.004756106338388562,cluster_7_88:0.01182708747866412)Node8:0,cluster_8_91:0)Node7:0.004760484967323365,cluster_18_48:0)Node6:0,cluster_34_52:0)Node5:0,cluster_35_68:0)Node4:0.004760532445117312,cluster_39_121:0.004842315032796983)Node3:0,cluster_41_60:0.03697930690290975)Node2:0,cluster_49_78:0)Node1:0.01864251491290108,cluster_57_39:0.01627825325769989,cluster_145_58:0.02200568413216107)"
  }, 
  "omega": 0.4579116315213797
 }, 
 "150-360": {
  "BranchLength": {
   "NS": 0.01949462988454036, 
   "S": 0.009595624264494031
  }, 
  "Diversity": {
   "NS": 0.0509077343027944, 
   "S": 0.04075532947382498
  }, 
  "Tree": {
   "Combined": "((((((cluster_6_68:0.009807234490988172,cluster_26_37:0.08304648716067871)Node5:0,cluster_31_45:0)Node4:0,cluster_33_50:0.00493175155364838)Node3:0.004872135126196819,cluster_37_81:0.02592945676862911)Node2:0.04508106261251685,cluster_38_59:0.08441799179170344)Node1:0,cluster_53_67:0.04156701152437223,cluster_87_48:0.07852017290871342)", 
   "NS": "((((((cluster_6_68:0.004901044681780387,cluster_26_37:0.0620880240968387)Node5:0,cluster_31_45:0)Node4:0,cluster_33_50:0.00493175155364838)Node3:0,cluster_37_81:0.01857120346634038)Node2:0,cluster_38_59:0.08441799179170344)Node1:0,cluster_53_67:0,cluster_87_48:0.07852017290871342)", 
   "S": "((((((cluster_6_68:0.00490618980920779,cluster_26_37:0.02095846306384)Node5:0,cluster_31_45:0)Node4:0,cluster_33_50:0)Node3:0.004872135126196819,cluster_37_81:0.007358253302288718)Node2:0.04508106261251685,cluster_38_59:0)Node1:0,cluster_53_67:0.04156701152437223,cluster_87_48:0)"
  }, 
  "omega": 0.5082295080481213
 }, 
 "180-390": {
  "BranchLength": {
   "NS": 0.003959630273359407, 
   "S": 0.001755702740015739
  }, 
  "Diversity": {
   "NS": 0.01017726612435418, 
   "S": 0.005285568551276021
  }, 
  "Tree": {
   "Combined": "(((cluster_11_42:0,cluster_12_54:0.004820386554098504)Node2:0.005146346520541473,cluster_13_81:0.02523886418476983)Node1:0,cluster_16_40:0.004801733834216208,cluster_19_62:0)", 
   "NS": "(((cluster_11_42:0,cluster_12_54:0.004820386554098504)Node2:0,cluster_13_81:0.01809529152520114)Node1:0,cluster_16_40:0.004801733834216208,cluster_19_62:0)", 
   "S": "(((cluster_11_42:0,cluster_12_54:0)Node2:0.005146346520541473,cluster_13_81:0.007143572659568698)Node1:0,cluster_16_40:0,cluster_19_62:0)"
  }, 
  "omega": 0.599342471371234
 }, 
 "210-420": {
  "BranchLength": {
   "NS": 0.00310243939819665, 
   "S": 0.002514813293970131
  }, 
  "Diversity": {
   "NS": 0.009672265750379444, 
   "S": 0.006065021194022673
  }, 
  "Tree": {
   "Combined": "((((cluster_3_71:0.004852442645096245,cluster_12_37:0.005135240758876935)Node3:0,cluster_13_56:0.01001146750560806)Node2:0,cluster_14_78:0.02542432728894945)Node1:0,cluster_20_52:0,cluster_39_33:0.005131796030970342)", 
   "NS": "((((cluster_3_71:0.004852442645096245,cluster_12_37:0)Node3:0,cluster_13_56:0.004878149229678151)Node2:0,cluster_14_78:0.01819136270899546)Node1:0,cluster_20_52:0,cluster_39_33:0)",