{
 "117-528": {
  "BranchLength": {
   "NS": 0.01249211776851599, 
   "S": 0.007553864115083185
  }, 
  "Diversity": {
   "NS": 0.1178887912821661, 
   "S": 0.06246503278438797
  }, 
  "Tree": {
   "Combined": "(((((((((((((((((((((((((((((((((((cluster_3_198:0.03667460667661642,cluster_5_702:0.07311964272164172)Node34:0,cluster_10_130:0.02665025279367346)Node33:0,cluster_18_214:0.0484136933620938)Node32:0.002495978400118421,cluster_22_73:0.07004959993168296)Node31:0.02362870111933778,cluster_23_22:0.005128274867241091)Node30:0,cluster_25_43:0)Node29:0.01737348258968368,cluster_32_32:0.01410291902052839)Node28:0.09043384082629295,cluster_34_277:0.003658734447767976)Node27:0.004068429049158578,cluster_35_46:0.00262630235136815)Node26:0,cluster_44_148:0.04960271455428855)Node25:0,cluster_47_60:0.01525812087852194)Node24:0,cluster_54_28:0.002591319020673967)Node23:0.005298999196397019,cluster_63_28:0)Node22:0,cluster_68_45:0.01051870593984556)Node21:0.002597404737060644,cluster_75_41:0.1116434827825079)Node20:0,cluster_79_21:0.002616907850581795)Node19:0,cluster_100_86:0.04242326006508171)Node18:0.00263624761492769,cluster_102_55:0)Node17:0.003002577475547329,cluster_105_46:0.1071544312621704)Node16:0,(cluster_107_24:0.01180162580792132,cluster_113_20:0.0188056794284982)Node55:0.09447563658203333)Node15:0.002832813467253191,cluster_114_23:0.0135996321328004)Node14:0,cluster_123_35:0.01016969633601669)Node13:0,cluster_133_22:0)Node12:0.09492929016243061,(cluster_134_20:0.002544890717760108,cluster_146_49:0)Node61:0.002555750725462361)Node11:0,cluster_187_36:0.01031524728183878)Node10:0,cluster_189_27:0.08333705365260398)Node9:0,cluster_197_68:0.005098493983112147)Node8:0,cluster_203_22:0.0751988023052375)Node7:0,cluster_224_146:0.06173421676275517)Node6:0.002473598706593372,cluster_302_48:0.007669462192136187)Node5:0,cluster_306_20:0.08920710565331358)Node4:0,cluster_350_22:0.002546833980139)Node3:0,cluster_513_20:0.005114431643894214)Node2:0.06283605691361639,cluster_534_21:0.01067036460957617)Node1:0,cluster_577_22:0.002947282550214656,cluster_672_20:0.05881604613992134)", 
   "NS": "(((((((((((((((((((((((((((((((((((cluster_3_198:0.02849157739764098,cluster_5_702:0.05271298938871324)Node34:0,cluster_10_130:0.01574360885445544)Node33:0,cluster_18_214:0.03112946366789805)Node32:0,cluster_22_73:0.05253998086986983)Node31:0.01581538967652806,cluster_23_22:0.002552600427336122)Node30:0,cluster_25_43:0)Node29:0.01063524462761039,cluster_32_32:0)Node28:0.06367383117681681,cluster_34_277:0.001219298154956753)Node27:0.004068429049158578,cluster_35_46:0)Node26:0,cluster_44_148:0.02801774048796854)Node25:0,cluster_47_60:0.01266128658615258)Node24:0,cluster_54_28:0)Node23:0.002693815292437788,cluster_63_28:0)Node22:0,cluster_68_45:0.005378157473887461)Node21:0,cluster_75_41:0.07701608609919579)Node20:0,cluster_79_21:0)Node19:0,cluster_100_86:0.01790448598138662)Node18:0.00263624761492769,cluster_102_55:0)Node17:0.003002577475547329,cluster_105_46:0.07473331323844676)Node16:0,(cluster_107_24:0.01180162580792132,cluster_113_20:0.01023316213104004)Node55:0.0699498376261455)Node15:0,cluster_114_23:0.01100108659043838)Node14:0,cluster_123_35:0.00757831799108516)Node13:0,cluster_133_22:0)Node12:0.06006011390331034,(cluster_134_20:0,cluster_146_49:0)Node61:0.002555750725462361)Node11:0,cluster_187_36:0.005124752479306423)Node10:0,cluster_189_27:0.0480328161002293)Node9:0,cluster_197_68:0.002550456182950553)Node8:0,cluster_203_22:0.03734430988662289)Node7:0,cluster_224_146:0.02649129703541258)Node6:0.002473598706593372,cluster_302_48:0.005130234998725352)Node5:0,cluster_306_20:0.05989049123561219)Node4:0,cluster_350_22:0)Node3:0,cluster_513_20:0.002558941130492486)Node2:0.0311548281338262,cluster_534_21:0.008180208388387407)Node1:0,cluster_577_22:0.002947282550214656,cluster_672_20:0.02922359749398834)", 
   "S": "(((((((((((((((((((((((((((((((((((cluster_3_198:0.008183029278975453,cluster_5_702:0.02040665333292847)Node34:0,cluster_10_130:0.01090664393921803)Node33:0,cluster_18_214:0.01728422969419575)Node32:0.002495978400118421,cluster_22_73:0.01750961906181309)Node31:0.007813311442809731,cluster_23_22:0.002575674439904969)Node30:0,cluster_25_43:0)Node29:0.006738237962073289,cluster_32_32:0.01410291902052839)Node28:0.0267600096494761,cluster_34_277:0.002439436292811222)Node27:0,cluster_35_46:0.00262630235136815)Node26:0,cluster_44_148:0.02158497406632003)Node25:0,cluster_47_60:0.002596834292369359)Node24:0,cluster_54_28:0.002591319020673967)Node23:0.002605183903959232,cluster_63_28:0)Node22:0,cluster_68_45:0.005140548465958099)Node21:0.002597404737060644,cluster_75_41:0.03462739668331203)Node20:0,cluster_79_21:0.002616907850581795)Node19:0,cluster_100_86:0.02451877408369509)Node18:0,cluster_102_55:0)Node17:0,cluster_105_46:0.03242111802372362)Node16:0,(cluster_107_24:0,cluster_113_20:0.008572517297458157)Node55:0.02452579895588779)Node15:0.002832813467253191,cluster_114_23:0.00259854554236203)Node14:0,cluster_123_35:0.002591378344931531)Node13:0,cluster_133_22:0)Node12:0.03486917625912025,(cluster_134_20:0.002544890717760108,cluster_146_49:0)Node61:0)Node11:0,cluster_187_36:0.005190494802532361)Node10:0,cluster_189_27:0.03530423755237471)Node9:0,cluster_197_68:0.002548037800161594)Node8:0,cluster_203_22:0.0378544924186146)Node7:0,cluster_224_146:0.03524291972734261)Node6:0,cluster_302_48:0.002539227193410837)Node5:0,cluster_306_20:0.02931661441770143)Node4:0,cluster_350_22:0.002546833980139)Node3:0,cluster_513_20:0.002555490513401728)Node2:0.03168122877979018,cluster_534_21:0.002490156221188765)Node1:0,cluster_577_22:0,cluster_672_20:0.02959244864593297)"
  }, 
  "omega": 0.4804502248319724
 }, 
 "120-330": {
  "BranchLength": {
   "NS": 0.009521834462916129, 
   "S": 0.008542532086850666
  }, 
  "Diversity": {
   "NS": 0.05110911152195974, 
   "S": 0.05651247680774602
  }, 
  "Tree": {
   "Combined": "((((((((((((((((cluster_0_280:0.06511518404278774,cluster_1_42:0.01050370271630464)Node15:0,cluster_2_880:0.05381721730082384)Node14:0.005662522050304286,cluster_4_390:0)Node13:0,cluster_7_65:0.01894166880244045)Node12:0.04931346449122132,(cluster_13_330:0,cluster_17_53:0.009521200873524635)Node21:0)Node11:0.004687428200631603,cluster_18_337:0.004981087102639521)Node10:0,cluster_19_59:0.009663067394776058)Node9:0.06513438084728053,cluster_20_214:0.004514372872881654)Node8:0,cluster_23_310:0.004874512082716918)Node7:0.0143800661204514,cluster_24_100:0.04978146749161032)Node6:0,cluster_26_227:0)Node5:0.004990956212289089,cluster_35_52:0.05476571897369966)Node4:0,cluster_37_32:0.02877833941788887)Node3:0,cluster_44_32:0.009865004671534158)Node2:0.05990188928177351,cluster_49_54:0.004701258468070927)Node1:0,cluster_158_35:0.004903132663023286,cluster_235_50:0.09345518716316355)", 
   "NS": "((((((((((((((((cluster_0_280:0.04804379123705949,cluster_1_42:0.004843892529800763)Node15:0,cluster_2_880:0.02491616364497026)Node14:0,cluster_4_390:0)Node13:0,cluster_7_65:0.009730556884465036)Node12:0.01972033601974223,(cluster_13_330:0,cluster_17_53:0.004913436743484721)Node21:0)Node11:0,cluster_18_337:0.004981087102639521)Node10:0,cluster_19_59:0.004902000448763808)Node9:0.02985251351107425,cluster_20_214:0)Node8:0,cluster_23_310:0.004874512082716918)Node7:0.009733450341438131,cluster_24_100:0.01972180206145577)Node6:0,cluster_26_227:0)Node5:0,cluster_35_52:0.02548589827234206)Node4:0,cluster_37_32:0.004853370025153693)Node3:0,cluster_44_32:0.004877754008592168)Node2:0.04223511893616383,cluster_49_54:0)Node1:0,cluster_158_35:0.004903132663023286,cluster_235_50:0.06467538968917863)",