{
 "150-360": {
  "BranchLength": {
   "NS": 0, 
   "S": 0
  }, 
  "Diversity": {
   "NS": 0, 
   "S": 0
  }, 
  "Tree": "", 
  "omega": 0
 }, 
 "159-552": {
  "BranchLength": {
   "NS": 0.0004677054848565658, 
   "S": 0.001413311362752014
  }, 
  "Diversity": {
   "NS": 0.0009360338316271328, 
   "S": 0.002500011507948386
  }, 
  "Tree": {
   "Combined": "(((((((((((((((((cluster_0_505:0,cluster_1_39:0.005542759389653869)Node16:0,(cluster_2_18:0.002748338709548043,cluster_3_47:0.002748338670146299)Node19:0)Node15:0,cluster_5_12:0.005339688594204668)Node14:0,cluster_6_16:0.005374845855872963)Node13:0,cluster_8_22:0.002589194509443397)Node12:0,(cluster_9_41:0.005439838506001757,cluster_10_84:0.002703372904089673)Node25:0)Node11:0,cluster_13_10:0.005547285639144843)Node10:0,cluster_14_19:0.002727673724666865)Node9:0,cluster_15_33:0.002750519117703694)Node8:0,cluster_19_32:0.005198371153943155)Node7:0,cluster_22_33:0.002625633077153099)Node6:0,cluster_24_21:0.002748338671522303)Node5:0,cluster_34_22:0)Node4:0,cluster_35_12:0.005547285795053964)Node3:0,cluster_38_15:0.005542759611838776)Node2:0,cluster_43_16:0.002727673813914767)Node1:0,cluster_66_10:0.002754366398338752,cluster_73_10:0.002703372914493728)", 
   "NS": "(((((((((((((((((cluster_0_505:0,cluster_1_39:0)Node16:0,(cluster_2_18:0,cluster_3_47:0)Node19:0)Node15:0,cluster_5_12:0.002589179618518207)Node14:0,cluster_6_16:0.002626485317119491)Node13:0,cluster_8_22:0.002589194509443397)Node12:0,(cluster_9_41:0.002611650233228718,cluster_10_84:0)Node25:0)Node11:0,cluster_13_10:0)Node10:0,cluster_14_19:0)Node9:0,cluster_15_33:0)Node8:0,cluster_19_32:0.005198371153943155)Node7:0,cluster_22_33:0.002625633077153099)Node6:0,cluster_24_21:0)Node5:0,cluster_34_22:0)Node4:0,cluster_35_12:0)Node3:0,cluster_38_15:0)Node2:0,cluster_43_16:0)Node1:0,cluster_66_10:0,cluster_73_10:0)", 
   "S": "(((((((((((((((((cluster_0_505:0,cluster_1_39:0.005542759389653869)Node16:0,(cluster_2_18:0.002748338709548043,cluster_3_47:0.002748338670146299)Node19:0)Node15:0,cluster_5_12:0.00275050897568646)Node14:0,cluster_6_16:0.002748360538753472)Node13:0,cluster_8_22:0)Node12:0,(cluster_9_41:0.002828188272773039,cluster_10_84:0.002703372904089673)Node25:0)Node11:0,cluster_13_10:0.005547285639144843)Node10:0,cluster_14_19:0.002727673724666865)Node9:0,cluster_15_33:0.002750519117703694)Node8:0,cluster_19_32:0)Node7:0,cluster_22_33:0)Node6:0,cluster_24_21:0.002748338671522303)Node5:0,cluster_34_22:0)Node4:0,cluster_35_12:0.005547285795053964)Node3:0,cluster_38_15:0.005542759611838776)Node2:0,cluster_43_16:0.002727673813914767)Node1:0,cluster_66_10:0.002754366398338752,cluster_73_10:0.002703372914493728)"
  }, 
  "omega": 0.1395319778901742
 }, 
 "180-390": {
  "BranchLength": {
   "NS": 0.001391734957728341, 
   "S": 0.001407103434805857
  }, 
  "Diversity": {
   "NS": 0.0007206054014070167, 
   "S": 0.001464741229489828
  }, 
  "Tree": {
   "Combined": "(((cluster_0_656:0,cluster_2_98:0.005004219272273839)Node2:0,cluster_5_46:0.004845504771367157)Node1:0,cluster_13_34:0.009742144704098387,cluster_24_51:0)", 
   "NS": "(((cluster_0_656:0,cluster_2_98:0)Node2:0,cluster_5_46:0)Node1:0,cluster_13_34:0.009742144704098387,cluster_24_51:0)", 
   "S": "(((cluster_0_656:0,cluster_2_98:0.005004219272273839)Node2:0,cluster_5_46:0.004845504771367157)Node1:0,cluster_13_34:0,cluster_24_51:0)"
  }, 
  "omega": 0.3010785887577749
 }, 
 "210-420": {
  "BranchLength": {
   "NS": 0.0004649580018787568, 
   "S": 0.002737946989016931
  }, 
  "Diversity": {
   "NS": 0.0005054949208814169, 
   "S": 0.003077457635678185
  }, 
  "Tree": {
   "Combined": "(((((cluster_0_688:0,cluster_1_61:0.01028446672983693)Node4:0,cluster_3_90:0.005038678421684261)Node3:0,cluster_6_55:0.009992344752018824)Node2:0,cluster_9_39:0.00487778667291334)Node1:0,cluster_10_37:0.005038678323399212,cluster_20_86:0)", 
   "NS": "(((((cluster_0_688:0,cluster_1_61:0)Node4:0,cluster_3_90:0)Node3:0,cluster_6_55:0.005114538020666325)Node2:0,cluster_9_39:0)Node1:0,cluster_10_37:0,cluster_20_86:0)", 
   "S": "(((((cluster_0_688:0,cluster_1_61:0.01028446672983693)Node4:0,cluster_3_90:0.005038678421684261)Node3:0,cluster_6_55:0.0048778067313525)Node2:0,cluster_9_39:0.00487778667291334)Node1:0,cluster_10_37:0.005038678323399212,cluster_20_86:0)"
  }, 
  "omega": 0.0775070690442386
 }, 
 "240-450": {
  "BranchLength": {
   "NS": 0.0009936657252389261, 
   "S": 0.002968560701820797
  }, 
  "Diversity": {
   "NS": 0.0004894016844114264, 
   "S": 0.003013181577276951
  }, 
  "Tree": {
   "Combined": "((cluster_0_280:0,cluster_2_630:0.004798664974247738)Node1:0,cluster_6_52:0.004968328626194631,cluster_9_40:0.01004413853485625)", 
   "NS": "((cluster_0_280:0,cluster_2_630:0)Node1:0,cluster_6_52:0.004968328626194631,cluster_9_40:0)", 
   "S": "((cluster_0_280:0,cluster_2_630:0.004798664974247738)Node1:0,cluster_6_52:0,cluster_9_40:0.01004413853485625)"
  }, 
  "omega": 0.1692154280516075
 }, 
 "270-480": {
  "BranchLength": {
   "NS": 0.0007013957078198086, 
   "S": 0.002140638612101304
  }, 
  "Diversity": {
   "NS": 0.0003114064900696557, 
   "S": 0.00339087668154367
  }, 
  "Tree": {
   "Combined": "(((cluster_0_399:0,cluster_1_469:0.004857612791739377)Node2:0,cluster_5_34:0.00490976995473866)Node1:0,cluster_8_53:0.01012685749296975,cluster_15_83:0)", 
   "NS": "(((cluster_0_399:0,cluster_1_469:0)Node2:0,cluster_5_34:0.00490976995473866)Node1:0,cluster_8_53:0,cluster_15_83:0)", 
   "S": "(((cluster_0_399:0,cluster_1_469:0.004857612791739377)Node2:0,cluster_5_34:0)Node1:0,cluster_8_53:0.01012685749296975,cluster_15_83:0)"
  }, 
  "omega": 0.2066539077752181
 }, 
 "300-510": {
  "BranchLength": {
   "NS": 0.001954217918270401, 
   "S": 0.0009895780117926774
  }, 
  "Diversity": {
   "NS": 0.000684107068639368, 
   "S": 0.0005850387244218545
  }, 
  "Tree": {
   "Combined": "((cluster_0_905:0,cluster_4_36:0.004885544795840596)Node1:0,cluster_5_40:0.004885544795511406,cluster_8_66:0.004947890058963387)", 
   "NS": "((cluster_0_905:0,cluster_4_36:0.004885544795840596)Node1:0,cluster_5_40:0.004885544795511406,cluster_8_66:0)", 
   "S": "((cluster_0_905:0,cluster_4_36:0)Node1:0,cluster_5_40:0,cluster_8_66:0.004947890058963387)"
  }, 
  "omega": 1.072026359665183
 }, 
 "330-540": {
  "BranchLength": {
   "NS": 0.0009661091665889565, 
   "S": 0.002031126570402764
  }, 
  "Diversity": {
   "NS": 0.0003198915223339267, 
   "S": 0.002059641613744724
  }, 
  "Tree": {
   "Combined": "((cluster_0_763:0,cluster_4_36:0.004830545832944783)Node1:0,cluster_5_189:0.00500955102790439,cluster_6_63:0.005146081824109433)", 
   "NS": "((cluster_0_763:0,cluster_4_36:0.004830545832944783)Node1:0,cluster_5_189:0,cluster_6_63:0)", 
   "S": "((cluster_0_763:0,cluster_4_36:0)Node1:0,cluster_5_189:0.00500955102790439,cluster_6_63:0.005146081824109433)"
  }, 
  "omega": 0.2087476514987082
 }
}