{
 "144-564": {
  "BranchLength": {
   "NS": 0.0009330544348430508, 
   "S": 0.002578573666944908
  }, 
  "Diversity": {
   "NS": 0.008386984628357706, 
   "S": 0.02635851430812624
  }, 
  "Tree": {
   "Combined": "((((((((((((((((((((((((((((((((((((((((cluster_0_691:0,cluster_1_99:0.002667500009706779)Node39:0.01009646209309219,cluster_2_17:0.004988302245822704)Node38:0,cluster_4_13:0.002609443334076923)Node37:0,cluster_5_32:0)Node36:0.01559118056118482,cluster_7_196:0)Node35:0,cluster_8_13:0.008066891998048878)Node34:0,cluster_10_151:0.002636278037456204)Node33:0,cluster_11_12:0.00813879521847966)Node32:0,cluster_12_14:0.002650459318802238)Node31:0.005346774097332859,cluster_13_11:0)Node30:0,cluster_14_38:0.01757125301222988)Node29:0,cluster_17_86:0.005329766169124193)Node28:0.005346917647273318,cluster_20_19:0.002662475221046277)Node27:0,cluster_21_13:0.008012257003453111)Node26:0,cluster_24_16:0.002373871230307161)Node25:0,cluster_25_23:0.008038597111487394)Node24:0,cluster_26_12:0.01757114475739422)Node23:0,cluster_28_18:0.002738120266045984)Node22:0.00724015733129285,cluster_42_15:0.002887031485395208)Node21:0.002681706042555453,cluster_44_10:0.02171109498917306)Node20:0.003007060139849177,cluster_59_13:0)Node19:0,cluster_71_17:0.01570955841146529)Node18:0,cluster_73_17:0.002680019061577592)Node17:0,cluster_98_11:0.01010878317561584)Node16:0.01109732901422727,(cluster_165_200:0,cluster_167_83:0.002639180427955809)Node65:0.00267013428490078)Node15:0,cluster_168_351:0)Node14:0.002748172003064705,cluster_169_57:0.002748110629183944)Node13:0.00274806661421804,cluster_171_138:0)Node12:0,(cluster_174_100:0.002684681292003822,cluster_175_89:0.002670134363708286)Node71:0)Node11:0,cluster_176_109:0.00270208499919246)Node10:0,cluster_177_12:0.002423485706112319)Node9:0,cluster_178_12:0.008072979466158529)Node8:0.005417297409004834,cluster_179_22:0.002702655231395212)Node7:0,cluster_180_12:0)Node6:0.00270227521168335,cluster_185_17:0.01092061000937939)Node5:0,cluster_186_16:0.005434693895747307)Node4:0,cluster_193_13:0.005457758948103836)Node3:0,cluster_196_10:0.002735692478990599)Node2:0,cluster_201_10:0.01056942088313102)Node1:0.002784046991853933,cluster_202_14:0.002618724705161758,cluster_215_23:0.00547895411751002)", 
   "NS": "((((((((((((((((((((((((((((((((((((((((cluster_0_691:0,cluster_1_99:0)Node39:0.004779613266925984,cluster_2_17:0.003255147567013319)Node38:0,cluster_4_13:0)Node37:0,cluster_5_32:0)Node36:0.004780191789679494,cluster_7_196:0)Node35:0,cluster_8_13:0)Node34:0,cluster_10_151:0)Node33:0,cluster_11_12:0)Node32:0,cluster_12_14:0)Node31:0,cluster_13_11:0)Node30:0,cluster_14_38:0.01757125301222988)Node29:0,cluster_17_86:0)Node28:0,cluster_20_19:0)Node27:0,cluster_21_13:0)Node26:0,cluster_24_16:0.002373871230307161)Node25:0,cluster_25_23:0)Node24:0,cluster_26_12:0.01757114475739422)Node23:0,cluster_28_18:0)Node22:0.004779955340508041,cluster_42_15:0)Node21:0,cluster_44_10:0.004773212771985585)Node20:0,cluster_59_13:0)Node19:0,cluster_71_17:0.004779005792650209)Node18:0,cluster_73_17:0)Node17:0,cluster_98_11:0.00477425961519169)Node16:0.002453785984411424,(cluster_165_200:0,cluster_167_83:0)Node65:0)Node15:0,cluster_168_351:0)Node14:0,cluster_169_57:0)Node13:0,cluster_171_138:0)Node12:0,(cluster_174_100:0,cluster_175_89:0)Node71:0)Node11:0,cluster_176_109:0)Node10:0,cluster_177_12:0.002423485706112319)Node9:0,cluster_178_12:0)Node8:0,cluster_179_22:0)Node7:0,cluster_180_12:0)Node6:0,cluster_185_17:0)Node5:0,cluster_186_16:0)Node4:0,cluster_193_13:0)Node3:0,cluster_196_10:0)Node2:0,cluster_201_10:0.00499470012724998)Node1:0,cluster_202_14:0,cluster_215_23:0)", 
   "S": "((((((((((((((((((((((((((((((((((((((((cluster_0_691:0,cluster_1_99:0.002667500009706779)Node39:0.005316848826166213,cluster_2_17:0.001733154678809386)Node38:0,cluster_4_13:0.002609443334076923)Node37:0,cluster_5_32:0)Node36:0.01081098877150533,cluster_7_196:0)Node35:0,cluster_8_13:0.008066891998048878)Node34:0,cluster_10_151:0.002636278037456204)Node33:0,cluster_11_12:0.00813879521847966)Node32:0,cluster_12_14:0.002650459318802238)Node31:0.005346774097332859,cluster_13_11:0)Node30:0,cluster_14_38:0)Node29:0,cluster_17_86:0.005329766169124193)Node28:0.005346917647273318,cluster_20_19:0.002662475221046277)Node27:0,cluster_21_13:0.008012257003453111)Node26:0,cluster_24_16:0)Node25:0,cluster_25_23:0.008038597111487394)Node24:0,cluster_26_12:0)Node23:0,cluster_28_18:0.002738120266045984)Node22:0.00246020199078481,cluster_42_15:0.002887031485395208)Node21:0.002681706042555453,cluster_44_10:0.01693788221718748)Node20:0.003007060139849177,cluster_59_13:0)Node19:0,cluster_71_17:0.01093055261881508)Node18:0,cluster_73_17:0.002680019061577592)Node17:0,cluster_98_11:0.005334523560424151)Node16:0.008643543029815844,(cluster_165_200:0,cluster_167_83:0.002639180427955809)Node65:0.00267013428490078)Node15:0,cluster_168_351:0)Node14:0.002748172003064705,cluster_169_57:0.002748110629183944)Node13:0.00274806661421804,cluster_171_138:0)Node12:0,(cluster_174_100:0.002684681292003822,cluster_175_89:0.002670134363708286)Node71:0)Node11:0,cluster_176_109:0.00270208499919246)Node10:0,cluster_177_12:0)Node9:0,cluster_178_12:0.008072979466158529)Node8:0.005417297409004834,cluster_179_22:0.002702655231395212)Node7:0,cluster_180_12:0)Node6:0.00270227521168335,cluster_185_17:0.01092061000937939)Node5:0,cluster_186_16:0.005434693895747307)Node4:0,cluster_193_13:0.005457758948103836)Node3:0,cluster_196_10:0.002735692478990599)Node2:0,cluster_201_10:0.005574720755881033)Node1:0.002784046991853933,cluster_202_14:0.002618724705161758,cluster_215_23:0.00547895411751002)"
  }, 
  "omega": 0.09371797388044374
 }, 
 "150-360": {
  "BranchLength": {
   "NS": 0, 
   "S": 0.003398121997200903
  }, 
  "Diversity": {
   "NS": 0, 
   "S": 0.01276269294067596
  }, 
  "Tree": {
   "Combined": "((((((((cluster_0_927:0.005201989620347874,cluster_2_229:0)Node7:0,cluster_7_158:0)Node6:0,cluster_11_106:0.005202324797353087)Node5:0,cluster_15_33:0)Node4:0.01048433272118229,cluster_33_320:0.01047725392836747)Node3:0,cluster_34_485:0.00520232498527277)Node2:0,cluster_35_222:0.005002968741187928)Node1:0,cluster_37_226:0,cluster_40_34:0.01619687915870393)", 
   "NS": "((((((((cluster_0_927:0,cluster_2_229:0)Node7:0,cluster_7_158:0)Node6:0,cluster_11_106:0)Node5:0,cluster_15_33:0)Node4:0,cluster_33_320:0)Node3:0,cluster_34_485:0)Node2:0,cluster_35_222:0)Node1:0,cluster_37_226:0,cluster_40_34:0)", 
   "S": "((((((((cluster_0_927:0.005201989620347874,cluster_2_229:0)Node7:0,cluster_7_158:0)Node6:0,cluster_11_106:0.005202324797353087)Node5:0,cluster_15_33:0)Node4:0.01048433272118229,cluster_33_320:0.01047725392836747)Node3:0,cluster_34_485:0.00520232498527277)Node2:0,cluster_35_222:0.005002968741187928)Node1:0,cluster_37_226:0,cluster_40_34:0.01619687915870393)"
  }, 
  "omega": 0
 }, 
 "180-390": {
  "BranchLength": {
   "NS": 0.0002844264561742914, 
   "S": 0.004558168567879634
  }, 
  "Diversity": {
   "NS": 0.0001165311532605108, 
   "S": 0.007050717993101244
  }, 
  "Tree": {
   "Combined": "((((((((cluster_0_1688:0.0050164927809714,cluster_2_715:0)Node7:0,cluster_3_39:0.004835249754962953)Node6:0,cluster_5_53:0.01561883448124366)Node5:0,cluster_6_236:0.00488015080287198)Node4:0,cluster_8_36:0.004928280246895459)Node3:0.005112099077695188,cluster_9_64:0.01096132075748813)Node2:0.0051128883641831,cluster_10_292:0)Node1:0,cluster_11_38:0.01580524348745132,cluster_13_37:0.01005355565515354)", 
   "NS": "((((((((cluster_0_1688:0,cluster_2_715:0)Node7:0,cluster_3_39:0.004835249754962953)Node6:0,cluster_5_53:0)Node5:0,cluster_6_236:0)Node4:0,cluster_8_36:0)Node3:0,cluster_9_64:0)Node2:0,cluster_10_292:0)Node1:0,cluster_11_38:0,cluster_13_37:0)",