{
 "150-360": {
  "BranchLength": {
   "NS": 0.001332809258171873, 
   "S": 0.005635264682813985
  }, 
  "Diversity": {
   "NS": 0.0013708534589907, 
   "S": 0.004758224158137924
  }, 
  "Tree": {
   "Combined": "(((((((cluster_0_2332:0,cluster_1_42:0.004981163306490433)Node6:0,cluster_3_77:0.005273556135847002)Node5:0,cluster_4_116:0.01095844033191316)Node4:0,cluster_6_66:0.005406778024181799)Node3:0,cluster_8_34:0.005320950750420617)Node2:0.004999505387662068,cluster_9_125:0.03389682224625781)Node1:0,cluster_11_44:0.02867215164958071,cluster_12_40:0.005011741282434271)", 
   "NS": "(((((((cluster_0_2332:0,cluster_1_42:0.004981163306490433)Node6:0,cluster_3_77:0)Node5:0,cluster_4_116:0)Node4:0,cluster_6_66:0)Node3:0,cluster_8_34:0)Node2:0.004999505387662068,cluster_9_125:0.004999728895991321)Node1:0,cluster_11_44:0,cluster_12_40:0.005011741282434271)", 
   "S": "(((((((cluster_0_2332:0,cluster_1_42:0)Node6:0,cluster_3_77:0.005273556135847002)Node5:0,cluster_4_116:0.01095844033191316)Node4:0,cluster_6_66:0.005406778024181799)Node3:0,cluster_8_34:0.005320950750420617)Node2:0,cluster_9_125:0.02889709335026649)Node1:0,cluster_11_44:0.02867215164958071,cluster_12_40:0)"
  }, 
  "omega": 0.08258284033653863
 }, 
 "159-552": {
  "BranchLength": {
   "NS": 0.0006054322187861524, 
   "S": 0.003315884939957519
  }, 
  "Diversity": {
   "NS": 0.0009735194688070601, 
   "S": 0.02243286734859139
  }, 
  "Tree": {
   "Combined": "(((((((((((((((((((((((((((((((((((((((cluster_0_2304:0.002757125130767782,cluster_1_17:0.01653919803034757)Node38:0,cluster_3_236:0)Node37:0,cluster_4_14:0.01623956489668244)Node36:0.002757125235170891,cluster_5_93:0.002764116567103301)Node35:0,cluster_6_78:0.002507159529026977)Node34:0.01437086780421114,cluster_7_19:0.01058988573666523)Node33:0,cluster_8_16:0.002519463043530894)Node32:0.008370032598459745,cluster_9_77:0.01125262229729749)Node31:0,cluster_11_41:0)Node30:0,cluster_12_46:0.01678981024377513)Node29:0.00269931142733914,cluster_13_63:0.005637847629974352)Node28:0.002825457778100917,cluster_18_13:0.005586301082514986)Node27:0,cluster_19_38:0.002799934498389968)Node26:0,cluster_20_23:0.00276426146168074)Node25:0,cluster_22_12:0.005623986424233969)Node24:0.002800030483509425,cluster_27_30:0.002800859285570426)Node23:0,cluster_28_48:0)Node22:0,cluster_30_41:0.008469863000780831)Node21:0.002799412873517503,cluster_32_136:0.00279065470897863)Node20:0,cluster_33_30:0.002790734374681612)Node19:0,cluster_34_41:0.005277955202727106)Node18:0,cluster_35_16:0.01148356415540581)Node17:0,cluster_36_40:0.002755705980810525)Node16:0,(cluster_38_43:0.002799315344690504,cluster_39_44:0.02264806058707057)Node63:0)Node15:0,cluster_40_17:0.002771088794326998)Node14:0,cluster_41_54:0.005633095942950015)Node13:0,cluster_42_33:0.002509226001203618)Node12:0,(cluster_44_44:0.00276411656762431,cluster_45_72:0.00278354473947698)Node69:0)Node11:0,cluster_48_157:0.02241668084942304)Node10:0,cluster_49_82:0.005523747936589506)Node9:0,cluster_51_37:0.002783544740303056)Node8:0,cluster_57_46:0.002507159500376436)Node7:0,cluster_68_25:0.005600903844123967)Node6:0,cluster_71_18:0.02000638214159692)Node5:0,cluster_80_16:0.01098932975947357)Node4:0,cluster_96_16:0.002764022113875161)Node3:0,cluster_100_16:0.002771004400967456)Node2:0.002572233525723154,cluster_116_29:0.01701108138753552)Node1:0,cluster_154_18:0.01125193451713931,cluster_158_28:0)", 
   "NS": "(((((((((((((((((((((((((((((((((((((((cluster_0_2304:0,cluster_1_17:0.005024482027167934)Node38:0,cluster_3_236:0)Node37:0,cluster_4_14:0.005024671039998788)Node36:0,cluster_5_93:0)Node35:0,cluster_6_78:0.002507159529026977)Node34:0,cluster_7_19:0.005027777951632073)Node33:0,cluster_8_16:0.002519463043530894)Node32:0,cluster_9_77:0)Node31:0,cluster_11_41:0)Node30:0,cluster_12_46:0.002513070571170622)Node29:0,cluster_13_63:0)Node28:0,cluster_18_13:0)Node27:0,cluster_19_38:0)Node26:0,cluster_20_23:0)Node25:0,cluster_22_12:0)Node24:0,cluster_27_30:0)Node23:0,cluster_28_48:0)Node22:0,cluster_30_41:0)Node21:0,cluster_32_136:0)Node20:0,cluster_33_30:0)Node19:0,cluster_34_41:0.002513959679188864)Node18:0,cluster_35_16:0)Node17:0,cluster_36_40:0)Node16:0,(cluster_38_43:0,cluster_39_44:0.005027166369865498)Node63:0)Node15:0,cluster_40_17:0)Node14:0,cluster_41_54:0)Node13:0,cluster_42_33:0.002509226001203618)Node12:0,(cluster_44_44:0,cluster_45_72:0)Node69:0)Node11:0,cluster_48_157:0.005025476080403729)Node10:0,cluster_49_82:0)Node9:0,cluster_51_37:0)Node8:0,cluster_57_46:0.002507159500376436)Node7:0,cluster_68_25:0)Node6:0,cluster_71_18:0.002515866211728214)Node5:0,cluster_80_16:0.002510914952731553)Node4:0,cluster_96_16:0)Node3:0,cluster_100_16:0)Node2:0,cluster_116_29:0.002512373932190351)Node1:0,cluster_154_18:0.002512107269035091,cluster_158_28:0)", 
   "S": "(((((((((((((((((((((((((((((((((((((((cluster_0_2304:0.002757125130767782,cluster_1_17:0.01151471600317964)Node38:0,cluster_3_236:0)Node37:0,cluster_4_14:0.01121489385668366)Node36:0.002757125235170891,cluster_5_93:0.002764116567103301)Node35:0,cluster_6_78:0)Node34:0.01437086780421114,cluster_7_19:0.005562107785033159)Node33:0,cluster_8_16:0)Node32:0.008370032598459745,cluster_9_77:0.01125262229729749)Node31:0,cluster_11_41:0)Node30:0,cluster_12_46:0.0142767396726045)Node29:0.00269931142733914,cluster_13_63:0.005637847629974352)Node28:0.002825457778100917,cluster_18_13:0.005586301082514986)Node27:0,cluster_19_38:0.002799934498389968)Node26:0,cluster_20_23:0.00276426146168074)Node25:0,cluster_22_12:0.005623986424233969)Node24:0.002800030483509425,cluster_27_30:0.002800859285570426)Node23:0,cluster_28_48:0)Node22:0,cluster_30_41:0.008469863000780831)Node21:0.002799412873517503,cluster_32_136:0.00279065470897863)Node20:0,cluster_33_30:0.002790734374681612)Node19:0,cluster_34_41:0.002763995523538239)Node18:0,cluster_35_16:0.01148356415540581)Node17:0,cluster_36_40:0.002755705980810525)Node16:0,(cluster_38_43:0.002799315344690504,cluster_39_44:0.01762089421720509)Node63:0)Node15:0,cluster_40_17:0.002771088794326998)Node14:0,cluster_41_54:0.005633095942950015)Node13:0,cluster_42_33:0)Node12:0,(cluster_44_44:0.00276411656762431,cluster_45_72:0.00278354473947698)Node69:0)Node11:0,cluster_48_157:0.01739120476901933)Node10:0,cluster_49_82:0.005523747936589506)Node9:0,cluster_51_37:0.002783544740303056)Node8:0,cluster_57_46:0)Node7:0,cluster_68_25:0.005600903844123967)Node6:0,cluster_71_18:0.01749051592986873)Node5:0,cluster_80_16:0.008478414806742019)Node4:0,cluster_96_16:0.002764022113875161)Node3:0,cluster_100_16:0.002771004400967456)Node2:0.002572233525723154,cluster_116_29:0.01449870745534517)Node1:0,cluster_154_18:0.008739827248104223,cluster_158_28:0)"
  }, 
  "omega": 0.06946348135316767
 }, 
 "180-390": {
  "BranchLength": {
   "NS": 0.0009777398246561388, 
   "S": 0.0049978969108412
  }, 
  "Diversity": {
   "NS": 0.00122197798421916, 
   "S": 0.007538749281729817
  }, 
  "Tree": {
   "Combined": "(((((((((((((cluster_0_2994:0,cluster_2_85:0.004706788697311361)Node12:0,(cluster_4_137:0.004941867472596142,cluster_8_64:0.004941867472672565)Node15:0)Node11:0,cluster_10_161:0.01026210329032232)Node10:0,cluster_12_42:0.005075419154904477)Node9:0,cluster_16_42:0.004963601918625062)Node8:0,cluster_17_85:0.005075419157551605)Node7:0.004941857781982833,cluster_21_172:0.03062518262835004)Node6:0,cluster_22_143:0.01012861010657272)Node5:0,cluster_23_40:0.004739882259876457)Node4:0,cluster_25_40:0.02620469038771791)Node3:0,cluster_27_50:0.01008111413199272)Node2:0.02093437802586201,cluster_30_43:0)Node1:0,cluster_48_50:0.004735668566058874,cluster_74_44:0.02093501427702571)",