
{
	"Actual comparisons performed" :776826,
	"Comparisons accounting for copy numbers " :2.03177e+06,
	"Total comparisons possible" : 1288815,
	"Links found" : 296337,
	"Maximum distance" : 0.423984,
	"Mean distance" : 0.0785126,
	"Histogram" : [[0.005,119827],[0.01,176510],[0.015,132817],[0.02,94525],[0.025,59758],[0.03,49678],[0.035,72131],[0.04,83149],[0.045,64374],[0.05,45442],[0.055,32934],[0.06,24568],[0.065,22721],[0.07,22589],[0.075,17144],[0.08,14139],[0.085,12425],[0.09,16202],[0.095,24320],[0.1,71326],[0.105,106862],[0.11,104417],[0.115,92814],[0.12,80011],[0.125,74813],[0.13,58232],[0.135,43478],[0.14,39896],[0.145,20976],[0.15,37573],[0.155,17933],[0.16,15913],[0.165,11416],[0.17,8152],[0.175,8546],[0.18,8224],[0.185,8683],[0.19,16217],[0.195,12283],[0.2,18493],[0.205,11473],[0.21,13696],[0.215,11185],[0.22,7649],[0.225,7429],[0.23,4695],[0.235,4012],[0.24,3175],[0.245,2415],[0.25,1845],[0.255,2373],[0.26,1313],[0.265,1586],[0.27,1555],[0.275,1124],[0.28,1405],[0.285,1067],[0.29,1217],[0.295,1353],[0.3,1510],[0.305,1086],[0.31,886],[0.315,1002],[0.32,905],[0.325,959],[0.33,495],[0.335,476],[0.34,539],[0.345,412],[0.35,353],[0.355,248],[0.36,279],[0.365,151],[0.37,145],[0.375,54],[0.38,41],[0.385,43],[0.39,31],[0.395,22],[0.4,8],[0.405,20],[0.41,24],[0.415,3],[0.42,0],[0.425,2],[0.43,0],[0.435,0],[0.44,0],[0.445,0],[0.45,0],[0.455,0],[0.46,0],[0.465,0],[0.47,0],[0.475,0],[0.48,0],[0.485,0],[0.49,0],[0.495,0],[0.5,0],[0.505,0],[0.51,0],[0.515,0],[0.52,0],[0.525,0],[0.53,0],[0.535,0],[0.54,0],[0.545,0],[0.55,0],[0.555,0],[0.56,0],[0.565,0],[0.57,0],[0.575,0],[0.58,0],[0.585,0],[0.59,0],[0.595,0],[0.6,0],[0.605,0],[0.61,0],[0.615,0],[0.62,0],[0.625,0],[0.63,0],[0.635,0],[0.64,0],[0.645,0],[0.65,0],[0.655,0],[0.66,0],[0.665,0],[0.67,0],[0.675,0],[0.68,0],[0.685,0],[0.69,0],[0.695,0],[0.7,0],[0.705,0],[0.71,0],[0.715,0],[0.72,0],[0.725,0],[0.73,0],[0.735,0],[0.74,0],[0.745,0],[0.75,0],[0.755,0],[0.76,0],[0.765,0],[0.77,0],[0.775,0],[0.78,0],[0.785,0],[0.79,0],[0.795,0],[0.8,0],[0.805,0],[0.81,0],[0.815,0],[0.82,0],[0.825,0],[0.83,0],[0.835,0],[0.84,0],[0.845,0],[0.85,0],[0.855,0],[0.86,0],[0.865,0],[0.87,0],[0.875,0],[0.88,0],[0.885,0],[0.89,0],[0.895,0],[0.9,0],[0.905,0],[0.91,0],[0.915,0],[0.92,0],[0.925,0],[0.93,0],[0.935,0],[0.94,0],[0.945,0],[0.95,0],[0.955,0],[0.96,0],[0.965,0],[0.97,0],[0.975,0],[0.98,0],[0.985,0],[0.99,0],[0.995,0],[1,0]]
}
