{
 "150-360": {
  "BranchLength": {
   "NS": 0.003245048963887065, 
   "S": 0.001227067890616176
  }, 
  "Diversity": {
   "NS": 0.008063582151383319, 
   "S": 0.001189085304931151
  }, 
  "Tree": {
   "Combined": "((((cluster_0_135:0,cluster_2_617:0.009757951186722838)Node3:0,cluster_3_50:0.005511382375520401)Node2:0.004877476139966404,cluster_4_93:0.004871627156802917)Node1:0.004832647969307671,cluster_5_63:0.005532228640025181,cluster_19_32:0.004865738222183756)", 
   "NS": "((((cluster_0_135:0,cluster_2_617:0.009757951186722838)Node3:0,cluster_3_50:0)Node2:0.004877476139966404,cluster_4_93:0.004871627156802917)Node1:0.004832647969307671,cluster_5_63:0,cluster_19_32:0.004865738222183756)", 
   "S": "((((cluster_0_135:0,cluster_2_617:0)Node3:0,cluster_3_50:0.005511382375520401)Node2:0,cluster_4_93:0)Node1:0,cluster_5_63:0.005532228640025181,cluster_19_32:0)"
  }, 
  "omega": 0.6786520702198652
 }, 
 "159-552": {
  "BranchLength": {
   "NS": 0.0012453573532057, 
   "S": 0.001029736199387023
  }, 
  "Diversity": {
   "NS": 0.007992936870910407, 
   "S": 0.002594979259307633
  }, 
  "Tree": {
   "Combined": "((((((((((((((((((((((((((((((((cluster_0_475:0.002709883003290665,cluster_1_142:0.002715749281217249)Node31:0.005057051908446802,cluster_2_100:0.002720587147549735)Node30:0,cluster_3_149:0.005046108501279302)Node29:0,cluster_4_759:0)Node28:0,cluster_5_338:0.005056514801669798)Node27:0,cluster_7_86:0.002726494534425882)Node26:0,cluster_8_19:0.00546266139379156)Node25:0,cluster_10_27:0.00778013987313679)Node24:0,cluster_13_10:0)Node23:0,cluster_14_30:0.002517993019102912)Node22:0.005056514804792257,cluster_15_121:0.005453260290654801)Node21:0,cluster_16_10:0.002748781009511847)Node20:0,cluster_17_96:0.005232304707736058)Node19:0.005057046725630364,cluster_21_17:0.002739749565665027)Node18:0,cluster_22_18:0.007787729982807689)Node17:0,cluster_23_29:0.002717584062044574)Node16:0,(cluster_24_23:0.00509338223578766,cluster_28_15:0.002717796221028854)Node49:0)Node15:0,cluster_31_20:0.002739538325924866)Node14:0,cluster_32_15:0.007790070863720011)Node13:0,cluster_35_25:0.002526851114186567)Node12:0,(cluster_43_19:0.002740371548526381,cluster_47_16:0.002768111880299802)Node55:0.005046644378472036)Node11:0,cluster_48_47:0.002519614417803042)Node10:0,cluster_49_104:0.002521968269314545)Node9:0,cluster_52_16:0.002777339662883181)Node8:0,cluster_53_27:0.007785381451499147)Node7:0,cluster_55_27:0.002522158924785436)Node6:0.00252196826800497,cluster_57_14:0.005259154093447092)Node5:0,cluster_58_15:0.005057359601298574)Node4:0,cluster_63_14:0.005474899619508697)Node3:0,cluster_86_11:0.005281520789812941)Node2:0,cluster_90_10:0)Node1:0,cluster_101_14:0.002726308729133572,cluster_105_11:0.002524860120707174)", 
   "NS": "((((((((((((((((((((((((((((((((cluster_0_475:0,cluster_1_142:0)Node31:0.005057051908446802,cluster_2_100:0)Node30:0,cluster_3_149:0.005046108501279302)Node29:0,cluster_4_759:0)Node28:0,cluster_5_338:0.005056514801669798)Node27:0,cluster_7_86:0)Node26:0,cluster_8_19:0)Node25:0,cluster_10_27:0.005063180474306441)Node24:0,cluster_13_10:0)Node23:0,cluster_14_30:0.002517993019102912)Node22:0.005056514804792257,cluster_15_121:0)Node21:0,cluster_16_10:0)Node20:0,cluster_17_96:0.002528178691291639)Node19:0.005057046725630364,cluster_21_17:0)Node18:0,cluster_22_18:0.005051256920283906)Node17:0,cluster_23_29:0)Node16:0,(cluster_24_23:0.00509338223578766,cluster_28_15:0)Node49:0)Node15:0,cluster_31_20:0)Node14:0,cluster_32_15:0.005054002455334028)Node13:0,cluster_35_25:0.002526851114186567)Node12:0,(cluster_43_19:0,cluster_47_16:0)Node55:0.005046644378472036)Node11:0,cluster_48_47:0.002519614417803042)Node10:0,cluster_49_104:0.002521968269314545)Node9:0,cluster_52_16:0)Node8:0,cluster_53_27:0.005062283656070844)Node7:0,cluster_55_27:0.002522158924785436)Node6:0.00252196826800497,cluster_57_14:0.002522744309021608)Node5:0,cluster_58_15:0.005057359601298574)Node4:0,cluster_63_14:0)Node3:0,cluster_86_11:0.002521973773603397)Node2:0,cluster_90_10:0)Node1:0,cluster_101_14:0,cluster_105_11:0.002524860120707174)", 
   "S": "((((((((((((((((((((((((((((((((cluster_0_475:0.002709883003290665,cluster_1_142:0.002715749281217249)Node31:0,cluster_2_100:0.002720587147549735)Node30:0,cluster_3_149:0)Node29:0,cluster_4_759:0)Node28:0,cluster_5_338:0)Node27:0,cluster_7_86:0.002726494534425882)Node26:0,cluster_8_19:0.00546266139379156)Node25:0,cluster_10_27:0.002716959398830352)Node24:0,cluster_13_10:0)Node23:0,cluster_14_30:0)Node22:0,cluster_15_121:0.005453260290654801)Node21:0,cluster_16_10:0.002748781009511847)Node20:0,cluster_17_96:0.002704126016444422)Node19:0,cluster_21_17:0.002739749565665027)Node18:0,cluster_22_18:0.002736473062523781)Node17:0,cluster_23_29:0.002717584062044574)Node16:0,(cluster_24_23:0,cluster_28_15:0.002717796221028854)Node49:0)Node15:0,cluster_31_20:0.002739538325924866)Node14:0,cluster_32_15:0.002736068408385981)Node13:0,cluster_35_25:0)Node12:0,(cluster_43_19:0.002740371548526381,cluster_47_16:0.002768111880299802)Node55:0)Node11:0,cluster_48_47:0)Node10:0,cluster_49_104:0)Node9:0,cluster_52_16:0.002777339662883181)Node8:0,cluster_53_27:0.002723097795428301)Node7:0,cluster_55_27:0)Node6:0,cluster_57_14:0.002736409784425483)Node5:0,cluster_58_15:0)Node4:0,cluster_63_14:0.005474899619508697)Node3:0,cluster_86_11:0.002759547016209543)Node2:0,cluster_90_10:0)Node1:0,cluster_101_14:0.002726308729133572,cluster_105_11:0)"
  }, 
  "omega": 0.3721096446723883
 }, 
 "180-390": {
  "BranchLength": {
   "NS": 0.002836717247983883, 
   "S": 0.001463654409633061
  }, 
  "Diversity": {
   "NS": 0.009539147986725947, 
   "S": 0.004214894681468529
  }, 
  "Tree": {
   "Combined": "((((((((((((cluster_0_598:0.005175864183472039,cluster_1_168:0.00518306009780057)Node11:0.009478032921577379,cluster_2_82:0.005229399017247708)Node10:0,cluster_3_149:0.009426007185605026)Node9:0,cluster_4_808:0)Node8:0,cluster_5_355:0.009478029825218738)Node7:0,cluster_6_89:0.005236194896107469)Node6:0,cluster_12_32:0.004691082378572726)Node5:0,cluster_13_120:0.02004603094810313)Node4:0,cluster_38_53:0.004698330301967328)Node3:0,cluster_39_39:0.004710743314509899)Node2:0.004713372069345858,cluster_42_32:0)Node1:0.009492787550015053,cluster_44_41:0.009950356750880679,cluster_45_36:0)", 
   "NS": "((((((((((((cluster_0_598:0,cluster_1_168:0)Node11:0.009478032921577379,cluster_2_82:0)Node10:0,cluster_3_149:0.009426007185605026)Node9:0,cluster_4_808:0)Node8:0,cluster_5_355:0.009478029825218738)Node7:0,cluster_6_89:0)Node6:0,cluster_12_32:0.004691082378572726)Node5:0,cluster_13_120:0.009501443028910947)Node4:0,cluster_38_53:0.004698330301967328)Node3:0,cluster_39_39:0.004710743314509899)Node2:0.004713372069345858,cluster_42_32:0)Node1:0.009492787550015053,cluster_44_41:0.004728102623874124,cluster_45_36:0)", 
   "S": "((((((((((((cluster_0_598:0.005175864183472039,cluster_1_168:0.00518306009780057)Node11:0,cluster_2_82:0.005229399017247708)Node10:0,cluster_3_149:0)Node9:0,cluster_4_808:0)Node8:0,cluster_5_355:0)Node7:0,cluster_6_89:0.005236194896107469)Node6:0,cluster_12_32:0)Node5:0,cluster_13_120:0.01054458791919218)Node4:0,cluster_38_53:0)Node3:0,cluster_39_39:0)Node2:0,cluster_42_32:0)Node1:0,cluster_44_41:0.005222254127006556,cluster_45_36:0)"
  }, 
  "omega": 0.5550345665476459
 }, 
 "210-420": {
  "BranchLength": {
   "NS": 0.002509996944653335, 
   "S": 0.0007974288985731065
  }, 
  "Diversity": {
   "NS": 0.006815099487857511, 
   "S": 0.001904756133988853
  }, 
  "Tree": {
   "Combined": "(((((((((cluster_0_796:0,cluster_1_575:0.005013055047789473)Node8:0.009551882050672152,cluster_2_1028:0)Node7:0,cluster_3_188:0.009536336244130349)Node6:0,cluster_5_64:0.004733285876554662)Node5:0,cluster_6_33:0)Node4:0,cluster_7_38:0.004742814005917427)Node3:0,cluster_9_33:0.005078093026565911)Node2:0,cluster_10_41:0.009592404599918404)Node1:0,cluster_14_34:0.004770562709939084,cluster_26_55:0.009822657459814928)",