{
 "117-528": {
  "BranchLength": {
   "NS": 0.001959420937924842, 
   "S": 0.0006480297175004134
  }, 
  "Diversity": {
   "NS": 0.002583387418050207, 
   "S": 0.001089800520059439
  }, 
  "Tree": {
   "Combined": "(((((((((((((((((((((((((((cluster_2_22037:0,cluster_3_183:0.007393710911704591)Node26:0,cluster_4_135:0.005031064593945972)Node25:0,cluster_6_328:0.002465835735995165)Node24:0,cluster_7_111:0.00501281822800852)Node23:0,cluster_12_255:0.002453016192718256)Node22:0,cluster_13_365:0.01496601443660446)Node21:0,cluster_14_208:0.002532624598416055)Node20:0,cluster_15_238:0.00500449128241416)Node19:0,cluster_16_2299:0.01003376116241797)Node18:0,cluster_17_105:0.002456384559712358)Node17:0,cluster_18_171:0.007362403902459555)Node16:0,(cluster_19_175:0.002447511081197124,cluster_20_87:0)Node39:0)Node15:0,cluster_24_164:0.01002746116987094)Node14:0,cluster_28_768:0.00245217058176226)Node13:0,cluster_32_408:0.00502818779832814)Node12:0,(cluster_44_155:0.002454194028042471,cluster_45_148:0.004909543700110493)Node45:0)Node11:0,cluster_47_105:0.002580352588259302)Node10:0,cluster_49_199:0.002546940489711296)Node9:0,cluster_50_138:0.002452515198123649)Node8:0,cluster_64_243:0.01226681577384131)Node7:0,cluster_65_171:0.004912783895977958)Node6:0,cluster_81_122:0)Node5:0.004876033595073099,cluster_99_109:0.002455512776420054)Node4:0,cluster_115_223:0.004899171655186416)Node3:0,cluster_303_89:0.01248984969403662)Node2:0,cluster_308_128:0)Node1:0.002425452623822616,cluster_344_182:0.00745063653410739,cluster_411_213:0.00245232988182182)", 
   "NS": "(((((((((((((((((((((((((((cluster_2_22037:0,cluster_3_183:0.007393710911704591)Node26:0,cluster_4_135:0.002460427665269922)Node25:0,cluster_6_328:0.002465835735995165)Node24:0,cluster_7_111:0.002452320979318598)Node23:0,cluster_12_255:0.002453016192718256)Node22:0,cluster_13_365:0.009884485228824867)Node21:0,cluster_14_208:0)Node20:0,cluster_15_238:0.002457548598076861)Node19:0,cluster_16_2299:0.005507306601156805)Node18:0,cluster_17_105:0.002456384559712358)Node17:0,cluster_18_171:0.007362403902459555)Node16:0,(cluster_19_175:0.002447511081197124,cluster_20_87:0)Node39:0)Node15:0,cluster_24_164:0.006042338311379292)Node14:0,cluster_28_768:0.00245217058176226)Node13:0,cluster_32_408:0.002454586645222221)Node12:0,(cluster_44_155:0.002454194028042471,cluster_45_148:0.004909543700110493)Node45:0)Node11:0,cluster_47_105:0)Node10:0,cluster_49_199:0)Node9:0,cluster_50_138:0.002452515198123649)Node8:0,cluster_64_243:0.01226681577384131)Node7:0,cluster_65_171:0.004912783895977958)Node6:0,cluster_81_122:0)Node5:0.004876033595073099,cluster_99_109:0.002455512776420054)Node4:0,cluster_115_223:0.004899171655186416)Node3:0,cluster_303_89:0.008270761038880787)Node2:0,cluster_308_128:0)Node1:0.002425452623822616,cluster_344_182:0.00494067417546709,cluster_411_213:0.00245232988182182)", 
   "S": "(((((((((((((((((((((((((((cluster_2_22037:0,cluster_3_183:0)Node26:0,cluster_4_135:0.002570636928676048)Node25:0,cluster_6_328:0)Node24:0,cluster_7_111:0.002560497248689923)Node23:0,cluster_12_255:0)Node22:0,cluster_13_365:0.005081529207779592)Node21:0,cluster_14_208:0.002532624598416055)Node20:0,cluster_15_238:0.002546942684337297)Node19:0,cluster_16_2299:0.004526454561261163)Node18:0,cluster_17_105:0)Node17:0,cluster_18_171:0)Node16:0,(cluster_19_175:0,cluster_20_87:0)Node39:0)Node15:0,cluster_24_164:0.00398512285849165)Node14:0,cluster_28_768:0)Node13:0,cluster_32_408:0.002573601153105919)Node12:0,(cluster_44_155:0,cluster_45_148:0)Node45:0)Node11:0,cluster_47_105:0.002580352588259302)Node10:0,cluster_49_199:0.002546940489711296)Node9:0,cluster_50_138:0)Node8:0,cluster_64_243:0)Node7:0,cluster_65_171:0)Node6:0,cluster_81_122:0)Node5:0,cluster_99_109:0)Node4:0,cluster_115_223:0)Node3:0,cluster_303_89:0.004219088655155841)Node2:0,cluster_308_128:0)Node1:0,cluster_344_182:0.0025099623586403,cluster_411_213:0)"
  }, 
  "omega": 0.8581403397893341
 }, 
 "120-330": {
  "BranchLength": {
   "NS": 0.001762695163447759, 
   "S": 0.0006707470073938727
  }, 
  "Diversity": {
   "NS": 0.001042151667946829, 
   "S": 0.0004171364519173912
  }, 
  "Tree": {
   "Combined": "((((((((((((((((((cluster_0_208:0.004791155838976506,cluster_1_30308:0)Node17:0,cluster_2_79:0.009708715996548841)Node16:0,(cluster_4_536:0.01429015607283306,cluster_5_298:0.004578255489635812)Node21:0)Node15:0,cluster_6_386:0.009383170995956256)Node14:0,cluster_7_245:0.004804708330896246)Node13:0,cluster_8_254:0)Node12:0,(cluster_9_98:0.004792702494072248,cluster_10_56:0)Node27:0)Node11:0,cluster_11_1025:0.004796100525682715)Node10:0,cluster_12_271:0.004593475125273931)Node9:0,cluster_14_47:0.009383590477813801)Node8:0,cluster_15_179:0.009669231049345575)Node7:0,cluster_22_59:0)Node6:0,cluster_26_38:0)Node5:0,cluster_28_47:0)Node4:0,cluster_32_45:0.004579738472597062)Node3:0,cluster_36_74:0.004790247189845814)Node2:0,cluster_44_33:0.004807590568588018)Node1:0,cluster_48_74:0.004802290376441015,cluster_66_50:0)", 
   "NS": "((((((((((((((((((cluster_0_208:0.004791155838976506,cluster_1_30308:0)Node17:0,cluster_2_79:0.009708715996548841)Node16:0,(cluster_4_536:0.009711885534833074,cluster_5_298:0)Node21:0)Node15:0,cluster_6_386:0.004791164270371941)Node14:0,cluster_7_245:0.004804708330896246)Node13:0,cluster_8_254:0)Node12:0,(cluster_9_98:0.004792702494072248,cluster_10_56:0)Node27:0)Node11:0,cluster_11_1025:0.004796100525682715)Node10:0,cluster_12_271:0)Node9:0,cluster_14_47:0.004804709525756121)Node8:0,cluster_15_179:0.009669231049345575)Node7:0,cluster_22_59:0)Node6:0,cluster_26_38:0)Node5:0,cluster_28_47:0)Node4:0,cluster_32_45:0)Node3:0,cluster_36_74:0.004790247189845814)Node2:0,cluster_44_33:0.004807590568588018)Node1:0,cluster_48_74:0.004802290376441015,cluster_66_50:0)", 
   "S": "((((((((((((((((((cluster_0_208:0,cluster_1_30308:0)Node17:0,cluster_2_79:0)Node16:0,(cluster_4_536:0.004578270537999992,cluster_5_298:0.004578255489635812)Node21:0)Node15:0,cluster_6_386:0.00459200672558431)Node14:0,cluster_7_245:0)Node13:0,cluster_8_254:0)Node12:0,(cluster_9_98:0,cluster_10_56:0)Node27:0)Node11:0,cluster_11_1025:0)Node10:0,cluster_12_271:0.004593475125273931)Node9:0,cluster_14_47:0.004578880952057678)Node8:0,cluster_15_179:0)Node7:0,cluster_22_59:0)Node6:0,cluster_26_38:0)Node5:0,cluster_28_47:0)Node4:0,cluster_32_45:0.004579738472597062)Node3:0,cluster_36_74:0)Node2:0,cluster_44_33:0)Node1:0,cluster_48_74:0,cluster_66_50:0)"
  }, 
  "omega": 0.8209846860258501
 }, 
 "150-360": {
  "BranchLength": {
   "NS": 0.001889509737582082, 
   "S": 0.0009774972824834166
  }, 
  "Diversity": {
   "NS": 0.00196521859575349, 
   "S": 0.0002452615134782612
  }, 
  "Tree": {
   "Combined": "(((((((((((((cluster_0_28120:0.001994524579859621,cluster_2_104:0.004772597013714023)Node12:7.847926762238339e-05,(cluster_3_114:0.0149692270392815,cluster_4_302:0.004712246201746774)Node15:0)Node11:0.002843816751836691,cluster_5_252:0.004926737216209)Node10:0,cluster_6_178:0)Node9:0,cluster_7_101:0.004931974935827347)Node8:0,cluster_8_3025:0)Node7:0,cluster_9_1063:0.004964272270830462)Node6:0,cluster_10_280:0.004720800135495508)Node5:0,cluster_11_43:0.00968699692870479)Node4:0,cluster_12_184:0.009981369683070663)Node3:0,cluster_19_49:0)Node2:0,cluster_22_44:0.00466002382711533)Node1:0,cluster_30_33:0.004962276948234866,cluster_33_75:0.004937860782350516)", 
   "NS": "(((((((((((((cluster_0_28120:0.001994524579859621,cluster_2_104:0)Node12:7.847926762238339e-05,(cluster_3_114:0.01019932458447334,cluster_4_302:0)Node15:0)Node11:0.002843816751836691,cluster_5_252:0.004926737216209)Node10:0,cluster_6_178:0)Node9:0,cluster_7_101:0.004931974935827347)Node8:0,cluster_8_3025:0)Node7:0,cluster_9_1063:0.004964272270830462)Node6:0,cluster_10_280:0)Node5:0,cluster_11_43:0.004975145369565506)Node4:0,cluster_12_184:0.009981369683070663)Node3:0,cluster_19_49:0)Node2:0,cluster_22_44:0)Node1:0,cluster_30_33:0.004962276948234866,cluster_33_75:0.004937860782350516)",