{
 "117-528": {
  "BranchLength": {
   "NS": 0.0027408737138638, 
   "S": 0.002606268106746772
  }, 
  "Diversity": {
   "NS": 0.009570049153671855, 
   "S": 0.02264429495259854
  }, 
  "Tree": {
   "Combined": "(((((((((((((((((((((((((((((((((((((((((((cluster_0_26:0.01009083509845799,cluster_7_57:0)Node42:0,cluster_9_294:0.002612174067544236)Node41:0.005147335912315728,cluster_12_48:0)Node40:0.002520458030429613,cluster_22_10:0.0125703100388981)Node39:0,cluster_23_13:0.01019493030529661)Node38:0,cluster_26_63:0)Node37:0.005144488260261361,cluster_35_22:0)Node36:0.007755969044037958,cluster_40_39:0)Node35:0,cluster_43_11:0.007492877818696431)Node34:0.00525727108436841,cluster_47_12:0.01515035660455595)Node33:0,cluster_54_28:0.01034368603558656)Node32:0,cluster_56_11:0.005104625130114076)Node31:0,cluster_61_56:0.01776989938848897)Node30:0,cluster_64_17:0.02835881308088695)Node29:0,cluster_65_15:0.01307962658294509)Node28:0,cluster_74_30:0.03848066946995519)Node27:0,cluster_81_18:0.01563168447842432)Node26:0,cluster_84_22:0.01005935916768535)Node25:0.002447165110973016,cluster_89_85:0)Node24:0.002572960347302894,cluster_93_32:0.005253259471798795)Node23:0,cluster_104_11:0.007706520413668035)Node22:0,cluster_118_17:0)Node21:0.007978990005248354,cluster_119_10:0.005300938574847196)Node20:0,cluster_124_13:0.005369239547815137)Node19:0,cluster_132_14:0.01629137490748111)Node18:0,cluster_138_13:0.002626559853430939)Node17:0,cluster_139_33:0.01337933504752398)Node16:0,(cluster_145_10:0.01030512145391514,cluster_162_25:0.002626909499462506)Node71:0)Node15:0,cluster_170_10:0.01260852931089849)Node14:0,cluster_176_17:0.007984755862279435)Node13:0,cluster_185_12:0.002487361042354016)Node12:0,(cluster_192_12:0.002609955851303005,cluster_193_10:0.002687088731879893)Node77:0)Node11:0.002450727079474255,cluster_200_17:0.005257276004921849)Node10:0,cluster_205_10:0.02033934302299026)Node9:0,cluster_247_16:0.002498500982401157)Node8:0,cluster_252_15:0.01772087173620741)Node7:0,cluster_280_28:0.01298575609233981)Node6:0.005257465190666079,cluster_290_12:0.01263638297211414)Node5:0.002457387080538029,cluster_302_13:0.002491770759359758)Node4:0,cluster_326_16:0.007773439838374082)Node3:0,cluster_366_11:0.01011521143415063)Node2:0,cluster_385_11:0.03889710795961198)Node1:0.002477035645711566,cluster_398_10:0.002510202632807457,cluster_490_13:0.007719992612762793)", 
   "NS": "(((((((((((((((((((((((((((((((((((((((((((cluster_0_26:0.007484811510902664,cluster_7_57:0)Node42:0,cluster_9_294:0)Node41:0,cluster_12_48:0)Node40:0,cluster_22_10:0.007487143097407091)Node39:0,cluster_23_13:0.005053135100603906)Node38:0,cluster_26_63:0)Node37:0,cluster_35_22:0)Node36:0.002471595344023024,cluster_40_39:0)Node35:0,cluster_43_11:0.007492877818696431)Node34:0,cluster_47_12:0.007469420116837051)Node33:0,cluster_54_28:0.002470456701635334)Node32:0,cluster_56_11:0.002491565777884053)Node31:0,cluster_61_56:0.007462851903405651)Node30:0,cluster_64_17:0.02028400651367778)Node29:0,cluster_65_15:0.004971498943516371)Node28:0,cluster_74_30:0.03047168237989621)Node27:0,cluster_81_18:0.00500005452443238)Node26:0,cluster_84_22:0.007524411074098806)Node25:0.002447165110973016,cluster_89_85:0)Node24:0,cluster_93_32:0)Node23:0,cluster_104_11:0)Node22:0,cluster_118_17:0)Node21:0,cluster_119_10:0)Node20:0,cluster_124_13:0)Node19:0,cluster_132_14:0.00249712434523115)Node18:0,cluster_138_13:0)Node17:0,cluster_139_33:0)Node16:0,(cluster_145_10:0.005016476979531722,cluster_162_25:0)Node71:0)Node15:0,cluster_170_10:0.01000534758722922)Node14:0,cluster_176_17:0)Node13:0,cluster_185_12:0.002487361042354016)Node12:0,(cluster_192_12:0,cluster_193_10:0)Node77:0)Node11:0.002450727079474255,cluster_200_17:0)Node10:0,cluster_205_10:0.01771919476269205)Node9:0,cluster_247_16:0.002498500982401157)Node8:0,cluster_252_15:0.01772087173620741)Node7:0,cluster_280_28:0.005037975543348912)Node6:0,cluster_290_12:0.007540370496758667)Node5:0.002457387080538029,cluster_302_13:0.002491770759359758)Node4:0,cluster_326_16:0.002494022305522627)Node3:0,cluster_366_11:0.01011521143415063)Node2:0,cluster_385_11:0.03084477235829357)Node1:0.002477035645711566,cluster_398_10:0.002510202632807457,cluster_490_13:0.002472479272003872)", 
   "S": "(((((((((((((((((((((((((((((((((((((((((((cluster_0_26:0.002606023587555328,cluster_7_57:0)Node42:0,cluster_9_294:0.002612174067544236)Node41:0.005147335912315728,cluster_12_48:0)Node40:0.002520458030429613,cluster_22_10:0.005083166941491005)Node39:0,cluster_23_13:0.005141795204692706)Node38:0,cluster_26_63:0)Node37:0.005144488260261361,cluster_35_22:0)Node36:0.005284373700014932,cluster_40_39:0)Node35:0,cluster_43_11:0)Node34:0.00525727108436841,cluster_47_12:0.007680936487718895)Node33:0,cluster_54_28:0.007873229333951225)Node32:0,cluster_56_11:0.002613059352230024)Node31:0,cluster_61_56:0.01030704748508332)Node30:0,cluster_64_17:0.008074806567209165)Node29:0,cluster_65_15:0.008108127639428713)Node28:0,cluster_74_30:0.008008987090058992)Node27:0,cluster_81_18:0.01063162995399194)Node26:0,cluster_84_22:0.002534948093586542)Node25:0,cluster_89_85:0)Node24:0.002572960347302894,cluster_93_32:0.005253259471798795)Node23:0,cluster_104_11:0.007706520413668035)Node22:0,cluster_118_17:0)Node21:0.007978990005248354,cluster_119_10:0.005300938574847196)Node20:0,cluster_124_13:0.005369239547815137)Node19:0,cluster_132_14:0.01379425056224996)Node18:0,cluster_138_13:0.002626559853430939)Node17:0,cluster_139_33:0.01337933504752398)Node16:0,(cluster_145_10:0.005288644474383419,cluster_162_25:0.002626909499462506)Node71:0)Node15:0,cluster_170_10:0.002603181723669276)Node14:0,cluster_176_17:0.007984755862279435)Node13:0,cluster_185_12:0)Node12:0,(cluster_192_12:0.002609955851303005,cluster_193_10:0.002687088731879893)Node77:0)Node11:0,cluster_200_17:0.005257276004921849)Node10:0,cluster_205_10:0.002620148260298208)Node9:0,cluster_247_16:0)Node8:0,cluster_252_15:0)Node7:0,cluster_280_28:0.007947780548990901)Node6:0.005257465190666079,cluster_290_12:0.005096012475355464)Node5:0,cluster_302_13:0)Node4:0,cluster_326_16:0.005279417532851456)Node3:0,cluster_366_11:0)Node2:0,cluster_385_11:0.008052335601318399)Node1:0,cluster_398_10:0,cluster_490_13:0.005247513340758923)"
  }, 
  "omega": 0.2679494117512713
 }, 
 "120-330": {
  "BranchLength": {
   "NS": 0.0002636616750462405, 
   "S": 0.005263119008160706
  }, 
  "Diversity": {
   "NS": 0.0004492380766511112, 
   "S": 0.02622999261652781
  }, 
  "Tree": {
   "Combined": "((((((((((((((((cluster_0_796:0.0145042781088723,cluster_1_160:0.004475885120383907)Node15:0,(cluster_3_137:0.009317259906438955,cluster_5_341:0.004557042714139782)Node18:0)Node14:0,cluster_7_120:0)Node13:0.004490866258960794,cluster_9_124:0.004519481445991695)Node12:0.004066651322014715,(cluster_11_78:0.009785889417644519,cluster_14_45:0.01908780416033882)Node23:0)Node11:0,cluster_21_79:0.005043267217058807)Node10:0,cluster_23_54:0.02934144473387275)Node9:0,cluster_24_42:0.009708620418214702)Node8:0.004085296183690418,cluster_25_74:0.009261940320861143)Node7:0,cluster_28_129:0.00890563364608141)Node6:0.004556361871992285,cluster_34_117:0)Node5:0.0146929793546232,cluster_37_40:0.005003384436787069)Node4:0,cluster_38_74:0.009878919457869765)Node3:0,cluster_40_119:0.004840668122491517)Node2:0.005118193192921128,cluster_43_89:0.005201836689520889)Node1:0.004804782638009876,cluster_44_51:0.004404259523628912,cluster_90_43:0.00483813901624768)", 
   "NS": "((((((((((((((((cluster_0_796:0,cluster_1_160:0)Node15:0,(cluster_3_137:0,cluster_5_341:0)Node18:0)Node14:0,cluster_7_120:0)Node13:0,cluster_9_124:0)Node12:0,(cluster_11_78:0,cluster_14_45:0)Node23:0)Node11:0,cluster_21_79:0)Node10:0,cluster_23_54:0.004894269857804018)Node9:0,cluster_24_42:0)Node8:0,cluster_25_74:0)Node7:0,cluster_28_129:0)Node6:0,cluster_34_117:0)Node5:0,cluster_37_40:0)Node4:0,cluster_38_74:0.004861212118906881)Node3:0,cluster_40_119:0)Node2:0,cluster_43_89:0)Node1:0,cluster_44_51:0,cluster_90_43:0)",