{
 "150-360": {
  "BranchLength": {
   "NS": 0, 
   "S": 0.007282774221023545
  }, 
  "Diversity": {
   "NS": 0, 
   "S": 0.009475910379080589
  }, 
  "Tree": {
   "Combined": "(cluster_0_137:0.005115268765971989,cluster_1_68:0.005528566837473404,cluster_4_197:0.01120448705962524)", 
   "NS": "(cluster_0_137:0,cluster_1_68:0,cluster_4_197:0)", 
   "S": "(cluster_0_137:0.005115268765971989,cluster_1_68:0.005528566837473404,cluster_4_197:0.01120448705962524)"
  }, 
  "omega": 0
 }, 
 "159-552": {
  "BranchLength": {
   "NS": 0.0007125736094643347, 
   "S": 0.004028405081148887
  }, 
  "Diversity": {
   "NS": 0.001656326936946097, 
   "S": 0.01779481799438535
  }, 
  "Tree": {
   "Combined": "((((((((((((cluster_0_183:0.002794544672673335,cluster_1_82:0.01662121716359384)Node11:0,cluster_2_22:0)Node10:0,cluster_3_24:0.02303224142682133)Node9:0,cluster_4_237:0.01456385513668728)Node8:0.002794752452718055,cluster_6_10:0.002541385643096802)Node7:0,cluster_12_15:0.002760080968967177)Node6:0.01442234166078083,cluster_13_10:0)Node5:0.002781086551479664,cluster_15_10:0.002539221561095393)Node4:0,cluster_17_16:0.005314115522092321)Node3:0,cluster_20_19:0.002770880066262305)Node2:0,cluster_32_13:0.02004698438912818)Node1:0,cluster_39_12:0.002770880030241515,cluster_49_10:0.002770880019692501)", 
   "NS": "((((((((((((cluster_0_183:0,cluster_1_82:0.005112884812308051)Node11:0,cluster_2_22:0)Node10:0,cluster_3_24:0.002539589926382339)Node9:0,cluster_4_237:0)Node8:0,cluster_6_10:0.002541385643096802)Node7:0,cluster_12_15:0)Node6:0,cluster_13_10:0)Node5:0,cluster_15_10:0.002539221561095393)Node4:0,cluster_17_16:0.002543484926022156)Node3:0,cluster_20_19:0)Node2:0,cluster_32_13:0.002537773367703626)Node1:0,cluster_39_12:0,cluster_49_10:0)", 
   "S": "((((((((((((cluster_0_183:0.002794544672673335,cluster_1_82:0.01150833235128579)Node11:0,cluster_2_22:0)Node10:0,cluster_3_24:0.02049265150043899)Node9:0,cluster_4_237:0.01456385513668728)Node8:0.002794752452718055,cluster_6_10:0)Node7:0,cluster_12_15:0.002760080968967177)Node6:0.01442234166078083,cluster_13_10:0)Node5:0.002781086551479664,cluster_15_10:0)Node4:0,cluster_17_16:0.002770630596070167)Node3:0,cluster_20_19:0.002770880066262305)Node2:0,cluster_32_13:0.01750921102142456)Node1:0,cluster_39_12:0.002770880030241515,cluster_49_10:0.002770880019692501)"
  }, 
  "omega": 0.06478757594966797
 }, 
 "180-390": {
  "BranchLength": {
   "NS": 0, 
   "S": 0.008699226120695252
  }, 
  "Diversity": {
   "NS": 0, 
   "S": 0.01179268504716429
  }, 
  "Tree": {
   "Combined": "(cluster_0_195:0.004907945679031963,cluster_1_107:0.005210594076116042,cluster_4_262:0.01597913860693775)", 
   "NS": "(cluster_0_195:0,cluster_1_107:0,cluster_4_262:0)", 
   "S": "(cluster_0_195:0.004907945679031963,cluster_1_107:0.005210594076116042,cluster_4_262:0.01597913860693775)"
  }, 
  "omega": 0
 }, 
 "210-420": {
  "BranchLength": {
   "NS": 0, 
   "S": 0.00865833912778681
  }, 
  "Diversity": {
   "NS": 0, 
   "S": 0.01170456635238527
  }, 
  "Tree": {
   "Combined": "(cluster_0_207:0.004880817114928822,cluster_1_104:0.005235099019651208,cluster_4_258:0.0158591012487804)", 
   "NS": "(cluster_0_207:0,cluster_1_104:0,cluster_4_258:0)", 
   "S": "(cluster_0_207:0.004880817114928822,cluster_1_104:0.005235099019651208,cluster_4_258:0.0158591012487804)"
  }, 
  "omega": 0
 }, 
 "240-450": {
  "BranchLength": {
   "NS": 0, 
   "S": 0.01021197345957437
  }, 
  "Diversity": {
   "NS": 0, 
   "S": 0.0128394803695524
  }, 
  "Tree": {
   "Combined": "(cluster_0_216:0.004993473629237703,cluster_1_94:0.01020728228131795,cluster_3_261:0.01543516446816746)", 
   "NS": "(cluster_0_216:0,cluster_1_94:0,cluster_3_261:0)", 
   "S": "(cluster_0_216:0.004993473629237703,cluster_1_94:0.01020728228131795,cluster_3_261:0.01543516446816746)"
  }, 
  "omega": 0
 }, 
 "270-480": {
  "BranchLength": {
   "NS": 0, 
   "S": 0.01231349896159257
  }, 
  "Diversity": {
   "NS": 0, 
   "S": 0.01570768672108558
  }, 
  "Tree": {
   "Combined": "(cluster_0_222:0.0106457075642626,cluster_1_91:0.01059337116551027,cluster_3_257:0.01570141815500483)", 
   "NS": "(cluster_0_222:0,cluster_1_91:0,cluster_3_257:0)", 
   "S": "(cluster_0_222:0.0106457075642626,cluster_1_91:0.01059337116551027,cluster_3_257:0.01570141815500483)"
  }, 
  "omega": 0
 }, 
 "300-510": {
  "BranchLength": {
   "NS": 0.003132136552475349, 
   "S": 0.01100844824350226
  }, 
  "Diversity": {
   "NS": 0.002575892492840933, 
   "S": 0.01505822604325217
  }, 
  "Tree": {
   "Combined": "(cluster_0_236:0.01139099195767877,cluster_1_98:0.01431259560030959,cluster_3_265:0.01671816682994448)", 
   "NS": "(cluster_0_236:0,cluster_1_98:0.009396409657426046,cluster_3_265:0)", 
   "S": "(cluster_0_236:0.01139099195767877,cluster_1_98:0.004916185942883547,cluster_3_265:0.01671816682994448)"
  }, 
  "omega": 0.09190827753507132
 }, 
 "330-540": {
  "BranchLength": {
   "NS": 0.003131005188699257, 
   "S": 0.009290729323200858
  }, 
  "Diversity": {
   "NS": 0.002555233142745022, 
   "S": 0.01242974339917573
  }, 
  "Tree": {
   "Combined": "(cluster_0_247:0.01165308032286163,cluster_1_106:0.01438971065167298,cluster_3_301:0.01122241256116573)", 
   "NS": "(cluster_0_247:0,cluster_1_106:0.009393015566097772,cluster_3_301:0)", 
   "S": "(cluster_0_247:0.01165308032286163,cluster_1_106:0.004996695085575206,cluster_3_301:0.01122241256116573)"
  }, 
  "omega": 0.1069575030254997
 }
}