{
 "120-330": {
  "BranchLength": {
   "NS": 0, 
   "S": 0
  }, 
  "Diversity": {
   "NS": 0, 
   "S": 0
  }, 
  "Tree": {
   "Combined": "(cluster_1_52:0)", 
   "NS": "(cluster_1_52:0)", 
   "S": "(cluster_1_52:0)"
  }, 
  "omega": 0.9228853344417433
 }, 
 "150-360": {
  "BranchLength": {
   "NS": 0, 
   "S": 0
  }, 
  "Diversity": {
   "NS": 0, 
   "S": 0
  }, 
  "Tree": "", 
  "omega": 0
 }, 
 "180-390": {
  "BranchLength": {
   "NS": 0, 
   "S": 0.003387644541820522
  }, 
  "Diversity": {
   "NS": 0, 
   "S": 0.001901484064926943
  }, 
  "Tree": {
   "Combined": "(((cluster_0_11964:0,cluster_1_210:0.005895795619201463)Node2:0,cluster_2_1160:0.005895795440526204)Node1:0,cluster_6_758:0.005895795320708715,cluster_7_335:0.006026125412307268)", 
   "NS": "(((cluster_0_11964:0,cluster_1_210:0)Node2:0,cluster_2_1160:0)Node1:0,cluster_6_758:0,cluster_7_335:0)", 
   "S": "(((cluster_0_11964:0,cluster_1_210:0.005895795619201463)Node2:0,cluster_2_1160:0.005895795440526204)Node1:0,cluster_6_758:0.005895795320708715,cluster_7_335:0.006026125412307268)"
  }, 
  "omega": 0
 }, 
 "180-657": {
  "BranchLength": {
   "NS": 0, 
   "S": 0.002467334658845633
  }, 
  "Diversity": {
   "NS": 0, 
   "S": 0.008291766550260623
  }, 
  "Tree": {
   "Combined": "(((((((((((((((((((((((((((((((((((((((cluster_0_9597:0.004237481410954339,cluster_1_126:0.0028997037628844)Node38:0,cluster_2_868:0.009155477266262731)Node37:0,cluster_3_17:0.005374336367806994)Node36:0,cluster_5_11:0.005262765098289115)Node35:0.001855431665678341,cluster_9_620:0.009353492893083119)Node34:0,cluster_10_291:0.009811836666328375)Node33:0.002383410946990971,cluster_12_12:0.002353360478583739)Node32:0,cluster_13_257:0)Node31:0,cluster_14_27:0.002352260436847994)Node30:0,cluster_16_47:0.004760701148249118)Node29:0.00235938179290419,cluster_20_54:0.002365894456940406)Node28:0,cluster_21_26:0.004760760540185597)Node27:0,cluster_22_20:0.004771254721450632)Node26:0,cluster_23_198:0.00477105039116153)Node25:0,cluster_24_13:0.004729476622930008)Node24:0,cluster_25_11:0)Node23:0,cluster_26_14:0.004736636286078086)Node22:0.004785410647451293,cluster_29_136:0.002393645563490092)Node21:0,cluster_30_48:0.004884623468650614)Node20:0,cluster_32_201:0)Node19:0.004807335021297718,cluster_34_13:0.009762903652453784)Node18:0,cluster_35_72:0.004817075657023493)Node17:0,cluster_36_130:0.002368327121435368)Node16:0,(cluster_37_13:0.009463468922793752,cluster_38_173:0.004336293977836285)Node63:0.004048274783608297)Node15:0,cluster_41_34:0.00493210897188568)Node14:0,cluster_42_99:0.002384842628335115)Node13:0,cluster_48_26:0.00720909359295777)Node12:0,(cluster_50_39:0.004818344790423694,cluster_51_34:0.002368327126567559)Node69:0)Node11:0,cluster_54_46:0.002369552581077745)Node10:0,cluster_55_13:0.009774736667991588)Node9:0,cluster_59_11:0.004757288936983036)Node8:0,cluster_61_85:0.002398162715404733)Node7:0,cluster_67_20:0)Node6:0,cluster_68_27:0.00478950417306054)Node5:0,cluster_73_22:0)Node4:0,cluster_75_16:0.004769690577134383)Node3:0,cluster_78_13:0.002384842630021171)Node2:0,cluster_86_17:0.004754617770694597)Node1:0.00236890511831017,cluster_90_17:0,cluster_91_10:0.004746686633689378)", 
   "NS": "(((((((((((((((((((((((((((((((((((((((cluster_0_9597:0,cluster_1_126:0)Node38:0,cluster_2_868:0)Node37:0,cluster_3_17:0)Node36:0,cluster_5_11:0)Node35:0,cluster_9_620:0)Node34:0,cluster_10_291:0)Node33:0,cluster_12_12:0)Node32:0,cluster_13_257:0)Node31:0,cluster_14_27:0)Node30:0,cluster_16_47:0)Node29:0,cluster_20_54:0)Node28:0,cluster_21_26:0)Node27:0,cluster_22_20:0)Node26:0,cluster_23_198:0)Node25:0,cluster_24_13:0)Node24:0,cluster_25_11:0)Node23:0,cluster_26_14:0)Node22:0,cluster_29_136:0)Node21:0,cluster_30_48:0)Node20:0,cluster_32_201:0)Node19:0,cluster_34_13:0)Node18:0,cluster_35_72:0)Node17:0,cluster_36_130:0)Node16:0,(cluster_37_13:0,cluster_38_173:0)Node63:0)Node15:0,cluster_41_34:0)Node14:0,cluster_42_99:0)Node13:0,cluster_48_26:0)Node12:0,(cluster_50_39:0,cluster_51_34:0)Node69:0)Node11:0,cluster_54_46:0)Node10:0,cluster_55_13:0)Node9:0,cluster_59_11:0)Node8:0,cluster_61_85:0)Node7:0,cluster_67_20:0)Node6:0,cluster_68_27:0)Node5:0,cluster_73_22:0)Node4:0,cluster_75_16:0)Node3:0,cluster_78_13:0)Node2:0,cluster_86_17:0)Node1:0,cluster_90_17:0,cluster_91_10:0)", 
   "S": "(((((((((((((((((((((((((((((((((((((((cluster_0_9597:0.004237481410954339,cluster_1_126:0.0028997037628844)Node38:0,cluster_2_868:0.009155477266262731)Node37:0,cluster_3_17:0.005374336367806994)Node36:0,cluster_5_11:0.005262765098289115)Node35:0.001855431665678341,cluster_9_620:0.009353492893083119)Node34:0,cluster_10_291:0.009811836666328375)Node33:0.002383410946990971,cluster_12_12:0.002353360478583739)Node32:0,cluster_13_257:0)Node31:0,cluster_14_27:0.002352260436847994)Node30:0,cluster_16_47:0.004760701148249118)Node29:0.00235938179290419,cluster_20_54:0.002365894456940406)Node28:0,cluster_21_26:0.004760760540185597)Node27:0,cluster_22_20:0.004771254721450632)Node26:0,cluster_23_198:0.00477105039116153)Node25:0,cluster_24_13:0.004729476622930008)Node24:0,cluster_25_11:0)Node23:0,cluster_26_14:0.004736636286078086)Node22:0.004785410647451293,cluster_29_136:0.002393645563490092)Node21:0,cluster_30_48:0.004884623468650614)Node20:0,cluster_32_201:0)Node19:0.004807335021297718,cluster_34_13:0.009762903652453784)Node18:0,cluster_35_72:0.004817075657023493)Node17:0,cluster_36_130:0.002368327121435368)Node16:0,(cluster_37_13:0.009463468922793752,cluster_38_173:0.004336293977836285)Node63:0.004048274783608297)Node15:0,cluster_41_34:0.00493210897188568)Node14:0,cluster_42_99:0.002384842628335115)Node13:0,cluster_48_26:0.00720909359295777)Node12:0,(cluster_50_39:0.004818344790423694,cluster_51_34:0.002368327126567559)Node69:0)Node11:0,cluster_54_46:0.002369552581077745)Node10:0,cluster_55_13:0.009774736667991588)Node9:0,cluster_59_11:0.004757288936983036)Node8:0,cluster_61_85:0.002398162715404733)Node7:0,cluster_67_20:0)Node6:0,cluster_68_27:0.00478950417306054)Node5:0,cluster_73_22:0)Node4:0,cluster_75_16:0.004769690577134383)Node3:0,cluster_78_13:0.002384842630021171)Node2:0,cluster_86_17:0.004754617770694597)Node1:0.00236890511831017,cluster_90_17:0,cluster_91_10:0.004746686633689378)"
  }, 
  "omega": 0
 }, 
 "210-420": {
  "BranchLength": {
   "NS": 0, 
   "S": 0.003261097611268365
  }, 
  "Diversity": {
   "NS": 0, 
   "S": 0.001826759111238542
  }, 
  "Tree": {
   "Combined": "(((cluster_0_11648:0,cluster_1_1136:0.00564088811688258)Node2:0,cluster_2_329:0.005772953715677673)Node1:0,cluster_3_753:0.005640887864133393,cluster_4_188:0.005772953582184906)", 
   "NS": "(((cluster_0_11648:0,cluster_1_1136:0)Node2:0,cluster_2_329:0)Node1:0,cluster_3_753:0,cluster_4_188:0)", 
   "S": "(((cluster_0_11648:0,cluster_1_1136:0.00564088811688258)Node2:0,cluster_2_329:0.005772953715677673)Node1:0,cluster_3_753:0.005640887864133393,cluster_4_188:0.005772953582184906)"
  }, 
  "omega": 0
 }, 
 "240-450": {
  "BranchLength": {
   "NS": 0, 
   "S": 0.003519617942247648
  }, 
  "Diversity": {
   "NS": 0, 
   "S": 0.003190817962997969
  }, 
  "Tree": {
   "Combined": "(cluster_0_66:0.005240350836645733,cluster_1_337:0,cluster_3_146:0.005318502990097211)", 
   "NS": "(cluster_0_66:0,cluster_1_337:0,cluster_3_146:0)", 
   "S": "(cluster_0_66:0.005240350836645733,cluster_1_337:0,cluster_3_146:0.005318502990097211)"
  }, 
  "omega": 0
 }, 
 "270-480": {
  "BranchLength": {
   "NS": 0, 
   "S": 0.003593689077268215
  }, 
  "Diversity": {
   "NS": 0, 
   "S": 0.003296828787691145
  }, 
  "Tree": {
   "Combined": "(cluster_0_315:0,cluster_3_137:0.005423414876743853,cluster_4_65:0.005357652355060794)", 
   "NS": "(cluster_0_315:0,cluster_3_137:0,cluster_4_65:0)", 
   "S": "(cluster_0_315:0,cluster_3_137:0.005423414876743853,cluster_4_65:0.005357652355060794)"
  }, 
  "omega": 0
 }, 
 "300-510": {
  "BranchLength": {
   "NS": 0, 
   "S": 0.005885429257383413
  }, 
  "Diversity": {
   "NS": 0, 
   "S": 0
  },