{
 "117-528": {
  "BranchLength": {
   "NS": 0.01317774764247693, 
   "S": 0.001542130695286864
  }, 
  "Diversity": {
   "NS": 0.1396839887957545, 
   "S": 0.01066230782789847
  }, 
  "Tree": {
   "Combined": "((((((((((((((((((((((((((((((((((((((((((cluster_0_19:0.0327854627281633,cluster_1_1458:0.004582875491038117)Node41:0.010367739694882,cluster_2_167:0)Node40:0.03556834700682459,cluster_3_184:0)Node39:0,cluster_7_23:0.007435229878441081)Node38:0,cluster_9_54:0.08189084926981917)Node37:0.001404639481030087,cluster_11_146:0.016256145964448)Node36:0,cluster_14_122:0.006238387160802256)Node35:0.08424973664499842,cluster_18_205:0.005173664769177554)Node34:0,cluster_19_433:0)Node33:0.00995912489420565,cluster_20_247:0.07435462192544219)Node32:0,cluster_22_22:0.005146603139042005)Node31:0,cluster_24_44:0.04693211626663221)Node30:0,cluster_25_33:0)Node29:0.01505047909410413,cluster_30_20:0.005222527284066191)Node28:0,cluster_32_54:0)Node27:0.004766865108689847,cluster_38_37:0.01588681292777742)Node26:0.03901670130211253,cluster_41_22:0.03717409953552277)Node25:0.005739227896880228,cluster_47_22:0.002556513853368452)Node24:0,cluster_53_27:0.005083731577133404)Node23:0,cluster_59_42:0.01021247878561336)Node22:0.04763162526392766,cluster_96_33:0.007979378390464689)Node21:0.001554415275464616,cluster_100_68:0.00818931232756537)Node20:0,cluster_116_29:0.003227397561761117)Node19:0.04095247877479229,cluster_118_53:0.03931851380301598)Node18:0,cluster_121_18:0.01276905306386532)Node17:0,cluster_130_88:0.04748543079226632)Node16:0,(cluster_135_41:0.01540230213714369,cluster_140_21:0.007669999586776291)Node69:0.002458434398469766)Node15:0,cluster_142_24:0.04817299954069264)Node14:0,cluster_183_19:0.03133999170818848)Node13:0,cluster_192_43:0.03373792363043662)Node12:0,(cluster_194_35:0.01936587780983599,cluster_202_32:0.002537506123754664)Node75:0.01116293579017858)Node11:0,cluster_205_19:0.05283976498486963)Node10:0.002566400992829933,cluster_206_45:0.01800201924470964)Node9:0.005242588810821784,cluster_227_24:0.03419159736797343)Node8:0,cluster_231_21:0.03419517611632349)Node7:0.01046938359066447,cluster_232_44:0.01011991262910381)Node6:0.03999547351541276,cluster_244_18:0)Node5:0,cluster_256_18:0.01416517346737939)Node4:0.004161049349250708,cluster_257_17:0.01923200785318067)Node3:0.04621879062531864,cluster_260_17:0.05118470095069119)Node2:0.005545287908231937,cluster_261_21:0.002519436950700453)Node1:0,cluster_337_27:0.0101858741656772,cluster_457_29:0.005223975879023921)", 
   "NS": "((((((((((((((((((((((((((((((((((((((((((cluster_0_19:0.0327854627281633,cluster_1_1458:0.004582875491038117)Node41:0.010367739694882,cluster_2_167:0)Node40:0.03556834700682459,cluster_3_184:0)Node39:0,cluster_7_23:0.007435229878441081)Node38:0,cluster_9_54:0.07605159648227686)Node37:0.001404639481030087,cluster_11_146:0.016256145964448)Node36:0,cluster_14_122:0.003622548360600097)Node35:0.0786463403905623,cluster_18_205:0.002482145342116096)Node34:0,cluster_19_433:0)Node33:0.00995912489420565,cluster_20_247:0.06893183957736619)Node32:0,cluster_22_22:0.002521852507332739)Node31:0,cluster_24_44:0.03652656066690644)Node30:0,cluster_25_33:0)Node29:0.01505047909410413,cluster_30_20:0.002524136834479098)Node28:0,cluster_32_54:0)Node27:0.004766865108689847,cluster_38_37:0.01153498637822044)Node26:0.03375500419228135,cluster_41_22:0.03422733456674798)Node25:0.005739227896880228,cluster_47_22:0)Node24:0,cluster_53_27:0.005083731577133404)Node23:0,cluster_59_42:0.005048749891203574)Node22:0.04487858071879947,cluster_96_33:0.00529485145783913)Node21:0.001554415275464616,cluster_100_68:0.005720372548092459)Node20:0,cluster_116_29:0.003227397561761117)Node19:0.03812892875986389,cluster_118_53:0.03408663617861213)Node18:0,cluster_121_18:0.01276905306386532)Node17:0,cluster_130_88:0.04454814070435251)Node16:0,(cluster_135_41:0.01281203994513906,cluster_140_21:0.005113755804743896)Node69:0.002458434398469766)Node15:0,cluster_142_24:0.04520353914176795)Node14:0,cluster_183_19:0.02866244478320021)Node13:0,cluster_192_43:0.03373792363043662)Node12:0,(cluster_194_35:0.01408346147930797,cluster_202_32:0.002537506123754664)Node75:0.01116293579017858)Node11:0,cluster_205_19:0.05004431642478829)Node10:0,cluster_206_45:0.01800201924470964)Node9:0,cluster_227_24:0.03419159736797343)Node8:0,cluster_231_21:0.03419517611632349)Node7:0,cluster_232_44:0.007618260770684763)Node6:0.03999547351541276,cluster_244_18:0)Node5:0,cluster_256_18:0.01166122765539797)Node4:0.004161049349250708,cluster_257_17:0.01664826908779764)Node3:0.0426367896852386,cluster_260_17:0.04456138056667736)Node2:0.005545287908231937,cluster_261_21:0.002519436950700453)Node1:0,cluster_337_27:0.0101858741656772,cluster_457_29:0)", 
   "S": "((((((((((((((((((((((((((((((((((((((((((cluster_0_19:0,cluster_1_1458:0)Node41:0,cluster_2_167:0)Node40:0,cluster_3_184:0)Node39:0,cluster_7_23:0)Node38:0,cluster_9_54:0.005839252787542302)Node37:0,cluster_11_146:0)Node36:0,cluster_14_122:0.00261583880020216)Node35:0.005603396254436135,cluster_18_205:0.002691519427061459)Node34:0,cluster_19_433:0)Node33:0,cluster_20_247:0.005422782348075982)Node32:0,cluster_22_22:0.002624750631709269)Node31:0,cluster_24_44:0.01040555559972575)Node30:0,cluster_25_33:0)Node29:0,cluster_30_20:0.00269839044958709)Node28:0,cluster_32_54:0)Node27:0,cluster_38_37:0.004351826549556984)Node26:0.005261697109831181,cluster_41_22:0.002946764968774808)Node25:0,cluster_47_22:0.002556513853368452)Node24:0,cluster_53_27:0)Node23:0,cluster_59_42:0.005163728894409788)Node22:0.002753044545128192,cluster_96_33:0.002684526932625559)Node21:0,cluster_100_68:0.002468939779472911)Node20:0,cluster_116_29:0)Node19:0.002823550014928416,cluster_118_53:0.005231877624403869)Node18:0,cluster_121_18:0)Node17:0,cluster_130_88:0.002937290087913793)Node16:0,(cluster_135_41:0.002590262192004633,cluster_140_21:0.002556243782032398)Node69:0)Node15:0,cluster_142_24:0.002969460398924699)Node14:0,cluster_183_19:0.002677546924988279)Node13:0,cluster_192_43:0)Node12:0,(cluster_194_35:0.00528241633052802,cluster_202_32:0)Node75:0)Node11:0,cluster_205_19:0.002795448560081317)Node10:0.002566400992829933,cluster_206_45:0)Node9:0.005242588810821784,cluster_227_24:0)Node8:0,cluster_231_21:0)Node7:0.01046938359066447,cluster_232_44:0.002501651858419045)Node6:0,cluster_244_18:0)Node5:0,cluster_256_18:0.002503945811981425)Node4:0,cluster_257_17:0.002583738765383015)Node3:0.003582000940080026,cluster_260_17:0.006623320384013805)Node2:0,cluster_261_21:0)Node1:0,cluster_337_27:0,cluster_457_29:0.005223975879023921)"
  }, 
  "omega": 2.299753560635887
 }, 
 "120-330": {
  "BranchLength": {
   "NS": 0.01718761308798407, 
   "S": 0.001409372363601177
  }, 
  "Diversity": {
   "NS": 0.08329822046005787, 
   "S": 0.00337836236607444
  }, 
  "Tree": {
   "Combined": "(((((((((((((cluster_0_50:0,cluster_1_2484:0.02957510312420715)Node12:0.03971618286729141,(cluster_2_622:0.004893403160985585,cluster_4_1347:0.08693855459096701)Node15:0)Node11:0.00281069034388563,cluster_5_822:0.00682219152715893)Node10:0,cluster_6_177:0.01631772701127797)Node9:0.06888336877935511,cluster_7_63:0.01448641044228658)Node8:0.004651281147139728,cluster_13_127:0.03503432057409744)Node7:0,cluster_17_43:0.01466877894526293)Node6:0,cluster_23_34:0.009561787102034433)Node5:0,cluster_30_75:0.07810792000457824)Node4:0,cluster_41_40:0.04028046713868416)Node3:0.004650198068055546,cluster_53_38:0)Node2:0,cluster_66_52:0.05743219492564552)Node1:0,cluster_72_54:0.0196355878534184,cluster_75_41:0.004846410489640309)",