
{
	"Actual comparisons performed" :4329741,
	"Comparisons accounting for copy numbers " :2.62605e+07,
	"Total comparisons possible" : 5994453,
	"Links found" : 3222691,
	"Maximum distance" : 0.247137,
	"Mean distance" : 0.0443282,
	"Histogram" : [[0.005,2031625],[0.01,1191066],[0.015,1157156],[0.02,1523986],[0.025,1205961],[0.03,1041021],[0.035,975025],[0.04,1463144],[0.045,1428701],[0.05,2195286],[0.055,2776870],[0.06,2522277],[0.065,1559637],[0.07,956890],[0.075,709628],[0.08,779097],[0.085,891942],[0.09,867063],[0.095,587117],[0.1,251184],[0.105,76659],[0.11,35230],[0.115,12224],[0.12,8665],[0.125,7187],[0.13,2812],[0.135,1529],[0.14,818],[0.145,310],[0.15,105],[0.155,70],[0.16,55],[0.165,30],[0.17,23],[0.175,24],[0.18,26],[0.185,23],[0.19,12],[0.195,7],[0.2,6],[0.205,6],[0.21,3],[0.215,3],[0.22,4],[0.225,7],[0.23,4],[0.235,2],[0.24,3],[0.245,3],[0.25,1],[0.255,0],[0.26,0],[0.265,0],[0.27,0],[0.275,0],[0.28,0],[0.285,0],[0.29,0],[0.295,0],[0.3,0],[0.305,0],[0.31,0],[0.315,0],[0.32,0],[0.325,0],[0.33,0],[0.335,0],[0.34,0],[0.345,0],[0.35,0],[0.355,0],[0.36,0],[0.365,0],[0.37,0],[0.375,0],[0.38,0],[0.385,0],[0.39,0],[0.395,0],[0.4,0],[0.405,0],[0.41,0],[0.415,0],[0.42,0],[0.425,0],[0.43,0],[0.435,0],[0.44,0],[0.445,0],[0.45,0],[0.455,0],[0.46,0],[0.465,0],[0.47,0],[0.475,0],[0.48,0],[0.485,0],[0.49,0],[0.495,0],[0.5,0],[0.505,0],[0.51,0],[0.515,0],[0.52,0],[0.525,0],[0.53,0],[0.535,0],[0.54,0],[0.545,0],[0.55,0],[0.555,0],[0.56,0],[0.565,0],[0.57,0],[0.575,0],[0.58,0],[0.585,0],[0.59,0],[0.595,0],[0.6,0],[0.605,0],[0.61,0],[0.615,0],[0.62,0],[0.625,0],[0.63,0],[0.635,0],[0.64,0],[0.645,0],[0.65,0],[0.655,0],[0.66,0],[0.665,0],[0.67,0],[0.675,0],[0.68,0],[0.685,0],[0.69,0],[0.695,0],[0.7,0],[0.705,0],[0.71,0],[0.715,0],[0.72,0],[0.725,0],[0.73,0],[0.735,0],[0.74,0],[0.745,0],[0.75,0],[0.755,0],[0.76,0],[0.765,0],[0.77,0],[0.775,0],[0.78,0],[0.785,0],[0.79,0],[0.795,0],[0.8,0],[0.805,0],[0.81,0],[0.815,0],[0.82,0],[0.825,0],[0.83,0],[0.835,0],[0.84,0],[0.845,0],[0.85,0],[0.855,0],[0.86,0],[0.865,0],[0.87,0],[0.875,0],[0.88,0],[0.885,0],[0.89,0],[0.895,0],[0.9,0],[0.905,0],[0.91,0],[0.915,0],[0.92,0],[0.925,0],[0.93,0],[0.935,0],[0.94,0],[0.945,0],[0.95,0],[0.955,0],[0.96,0],[0.965,0],[0.97,0],[0.975,0],[0.98,0],[0.985,0],[0.99,0],[0.995,0],[1,0]]
}
