{
 "159-552": {
  "BranchLength": {
   "NS": 0.0003301415744670201, 
   "S": 0.002230767493836586
  }, 
  "Diversity": {
   "NS": 0.0007175766466352604, 
   "S": 0.007533975062987083
  }, 
  "Tree": {
   "Combined": "(((((((((((cluster_1_86:0.005690911988954501,cluster_4_59:0)Node10:0,cluster_5_18:0.005322822520757564)Node9:0,cluster_6_53:0.002528947580363098)Node8:0,cluster_7_37:0.01164683466530745)Node7:0,cluster_8_20:0.002800249417294797)Node6:0,cluster_9_165:0.002807793906186186)Node5:0,cluster_11_13:0.008655841223957616)Node4:0.002787516196131533,cluster_12_58:0)Node3:0.00278847781217164,cluster_17_16:0)Node2:0.002826274725180549,cluster_18_17:0.005430574130144421)Node1:0.002826017093400056,cluster_23_28:0.002788647311133535,cluster_24_10:0)", 
   "NS": "(((((((((((cluster_1_86:0,cluster_4_59:0)Node10:0,cluster_5_18:0.002535343025525781)Node9:0,cluster_6_53:0.002528947580363098)Node8:0,cluster_7_37:0)Node7:0,cluster_8_20:0)Node6:0,cluster_9_165:0)Node5:0,cluster_11_13:0)Node4:0,cluster_12_58:0)Node3:0,cluster_17_16:0)Node2:0,cluster_18_17:0.002528965606852581)Node1:0,cluster_23_28:0,cluster_24_10:0)", 
   "S": "(((((((((((cluster_1_86:0.005690911988954501,cluster_4_59:0)Node10:0,cluster_5_18:0.002787479495231782)Node9:0,cluster_6_53:0)Node8:0,cluster_7_37:0.01164683466530745)Node7:0,cluster_8_20:0.002800249417294797)Node6:0,cluster_9_165:0.002807793906186186)Node5:0,cluster_11_13:0.008655841223957616)Node4:0.002787516196131533,cluster_12_58:0)Node3:0.00278847781217164,cluster_17_16:0)Node2:0.002826274725180549,cluster_18_17:0.00290160852329184)Node1:0.002826017093400056,cluster_23_28:0.002788647311133535,cluster_24_10:0)"
  }, 
  "omega": 0.06438745672761302
 }, 
 "180-390": {
  "BranchLength": {
   "NS": 0.0006974982281715212, 
   "S": 0.003732891554774977
  }, 
  "Diversity": {
   "NS": 0.001055568889154648, 
   "S": 0.005891740677527176
  }, 
  "Tree": {
   "Combined": "(((cluster_1_259:0.005134517612875321,cluster_4_75:0)Node2:0,cluster_5_73:0.005074286862676827)Node1:0,cluster_6_62:0.004882487597200649,cluster_7_35:0.01592143640787269)", 
   "NS": "(((cluster_1_259:0,cluster_4_75:0)Node2:0,cluster_5_73:0)Node1:0,cluster_6_62:0.004882487597200649,cluster_7_35:0)", 
   "S": "(((cluster_1_259:0.005134517612875321,cluster_4_75:0)Node2:0,cluster_5_73:0.005074286862676827)Node1:0,cluster_6_62:0,cluster_7_35:0.01592143640787269)"
  }, 
  "omega": 0.07564331209535151
 }, 
 "210-420": {
  "BranchLength": {
   "NS": 0.0005270046171889761, 
   "S": 0.00349915481425998
  }, 
  "Diversity": {
   "NS": 0.001090571962452569, 
   "S": 0.00883058256413617
  }, 
  "Tree": {
   "Combined": "((((cluster_1_85:0.01055058839001454,cluster_4_77:0.005081091892229854)Node3:0,cluster_5_62:0.004743041554700785)Node2:0,cluster_6_38:0)Node1:0.005149757674652123,cluster_7_42:0.01071095537144331,cluster_9_165:0)", 
   "NS": "((((cluster_1_85:0,cluster_4_77:0)Node3:0,cluster_5_62:0.004743041554700785)Node2:0,cluster_6_38:0)Node1:0,cluster_7_42:0,cluster_9_165:0)", 
   "S": "((((cluster_1_85:0.01055058839001454,cluster_4_77:0.005081091892229854)Node3:0,cluster_5_62:0)Node2:0,cluster_6_38:0)Node1:0.005149757674652123,cluster_7_42:0.01071095537144331,cluster_9_165:0)"
  }, 
  "omega": 0.06381519223648849
 }, 
 "240-450": {
  "BranchLength": {
   "NS": 0.0005286609480213577, 
   "S": 0.003468166549546356
  }, 
  "Diversity": {
   "NS": 0.001138072372425841, 
   "S": 0.008772062649114084
  }, 
  "Tree": {
   "Combined": "((((cluster_1_85:0.01046412091402248,cluster_4_76:0.005012210901987475)Node3:0,cluster_5_64:0.00475794853219222)Node2:0,cluster_6_32:0)Node1:0.005085408424427615,cluster_7_41:0.01065175870547963,cluster_9_164:0)", 
   "NS": "((((cluster_1_85:0,cluster_4_76:0)Node3:0,cluster_5_64:0.00475794853219222)Node2:0,cluster_6_32:0)Node1:0,cluster_7_41:0,cluster_9_164:0)", 
   "S": "((((cluster_1_85:0.01046412091402248,cluster_4_76:0.005012210901987475)Node3:0,cluster_5_64:0)Node2:0,cluster_6_32:0)Node1:0.005085408424427615,cluster_7_41:0.01065175870547963,cluster_9_164:0)"
  }, 
  "omega": 0.06497250013078829
 }, 
 "270-480": {
  "BranchLength": {
   "NS": 0.0004220266953082313, 
   "S": 0.002919038358545785
  }, 
  "Diversity": {
   "NS": 0.00101084903961811, 
   "S": 0.008462271772333291
  }, 
  "Tree": {
   "Combined": "(((((cluster_2_44:0,cluster_3_77:0.0051733928248283)Node4:0,cluster_4_66:0.004642293648390544)Node3:0,cluster_5_93:0.01076266155309161)Node2:0,cluster_6_42:0)Node1:0.005243719080970873,cluster_7_41:0.01092964848511286,cluster_8_169:0)", 
   "NS": "(((((cluster_2_44:0,cluster_3_77:0)Node4:0,cluster_4_66:0.004642293648390544)Node3:0,cluster_5_93:0)Node2:0,cluster_6_42:0)Node1:0,cluster_7_41:0,cluster_8_169:0)", 
   "S": "(((((cluster_2_44:0,cluster_3_77:0.0051733928248283)Node4:0,cluster_4_66:0)Node3:0,cluster_5_93:0.01076266155309161)Node2:0,cluster_6_42:0)Node1:0.005243719080970873,cluster_7_41:0.01092964848511286,cluster_8_169:0)"
  }, 
  "omega": 0.05822675371216486
 }, 
 "300-510": {
  "BranchLength": {
   "NS": 0.0009402364492338465, 
   "S": 0.002047798147266763
  }, 
  "Diversity": {
   "NS": 0.0005983322858760841, 
   "S": 0.003143323610624033
  }, 
  "Tree": {
   "Combined": "((cluster_0_42:0.004701182246169232,cluster_1_338:0)Node1:0,cluster_2_91:0.005061574756993836,cluster_3_145:0.00517741597933998)", 
   "NS": "((cluster_0_42:0.004701182246169232,cluster_1_338:0)Node1:0,cluster_2_91:0,cluster_3_145:0)", 
   "S": "((cluster_0_42:0,cluster_1_338:0)Node1:0,cluster_2_91:0.005061574756993836,cluster_3_145:0.00517741597933998)"
  }, 
  "omega": 0.2093076107960518
 }, 
 "330-540": {
  "BranchLength": {
   "NS": 0, 
   "S": 0.003598053475470418
  }, 
  "Diversity": {
   "NS": 0, 
   "S": 0.003218661784741969
  }, 
  "Tree": {
   "Combined": "(cluster_0_366:0,cluster_1_141:0.00547015713393656,cluster_5_76:0.005324003292474694)", 
   "NS": "(cluster_0_366:0,cluster_1_141:0,cluster_5_76:0)", 
   "S": "(cluster_0_366:0,cluster_1_141:0.00547015713393656,cluster_5_76:0.005324003292474694)"
  }, 
  "omega": 0
 }
}