
{
	"Actual comparisons performed" :348509739,
	"Comparisons accounting for copy numbers " :6.56554e+08,
	"Total comparisons possible" : 410167761,
	"Links found" : 3842238,
	"Maximum distance" : 0.388026,
	"Mean distance" : 0.0602672,
	"Histogram" : [[0.005,1296294],[0.01,2545944],[0.015,4350131],[0.02,8048440],[0.025,13443664],[0.03,22212659],[0.035,32075225],[0.04,42867704],[0.045,54403875],[0.05,59512332],[0.055,61148740],[0.06,61384060],[0.065,58925321],[0.07,52358496],[0.075,42065406],[0.08,31407397],[0.085,23397231],[0.09,17323185],[0.095,11765497],[0.1,9978570],[0.105,7162200],[0.11,6876582],[0.115,5797468],[0.12,3831970],[0.125,4925578],[0.13,3007736],[0.135,3403370],[0.14,2595088],[0.145,1831084],[0.15,1685983],[0.155,1007043],[0.16,1041818],[0.165,638319],[0.17,522832],[0.175,429869],[0.18,310831],[0.185,231656],[0.19,187832],[0.195,133560],[0.2,112422],[0.205,87254],[0.21,61907],[0.215,46849],[0.22,35484],[0.225,24638],[0.23,18123],[0.235,11961],[0.24,7997],[0.245,4993],[0.25,3097],[0.255,2095],[0.26,1400],[0.265,999],[0.27,753],[0.275,549],[0.28,468],[0.285,311],[0.29,264],[0.295,236],[0.3,241],[0.305,124],[0.31,115],[0.315,146],[0.32,66],[0.325,51],[0.33,40],[0.335,27],[0.34,28],[0.345,10],[0.35,10],[0.355,0],[0.36,0],[0.365,1],[0.37,0],[0.375,0],[0.38,0],[0.385,0],[0.39,3],[0.395,0],[0.4,0],[0.405,0],[0.41,0],[0.415,0],[0.42,0],[0.425,0],[0.43,0],[0.435,0],[0.44,0],[0.445,0],[0.45,0],[0.455,0],[0.46,0],[0.465,0],[0.47,0],[0.475,0],[0.48,0],[0.485,0],[0.49,0],[0.495,0],[0.5,0],[0.505,0],[0.51,0],[0.515,0],[0.52,0],[0.525,0],[0.53,0],[0.535,0],[0.54,0],[0.545,0],[0.55,0],[0.555,0],[0.56,0],[0.565,0],[0.57,0],[0.575,0],[0.58,0],[0.585,0],[0.59,0],[0.595,0],[0.6,0],[0.605,0],[0.61,0],[0.615,0],[0.62,0],[0.625,0],[0.63,0],[0.635,0],[0.64,0],[0.645,0],[0.65,0],[0.655,0],[0.66,0],[0.665,0],[0.67,0],[0.675,0],[0.68,0],[0.685,0],[0.69,0],[0.695,0],[0.7,0],[0.705,0],[0.71,0],[0.715,0],[0.72,0],[0.725,0],[0.73,0],[0.735,0],[0.74,0],[0.745,0],[0.75,0],[0.755,0],[0.76,0],[0.765,0],[0.77,0],[0.775,0],[0.78,0],[0.785,0],[0.79,0],[0.795,0],[0.8,0],[0.805,0],[0.81,0],[0.815,0],[0.82,0],[0.825,0],[0.83,0],[0.835,0],[0.84,0],[0.845,0],[0.85,0],[0.855,0],[0.86,0],[0.865,0],[0.87,0],[0.875,0],[0.88,0],[0.885,0],[0.89,0],[0.895,0],[0.9,0],[0.905,0],[0.91,0],[0.915,0],[0.92,0],[0.925,0],[0.93,0],[0.935,0],[0.94,0],[0.945,0],[0.95,0],[0.955,0],[0.96,0],[0.965,0],[0.97,0],[0.975,0],[0.98,0],[0.985,0],[0.99,0],[0.995,0],[1,0]]
}
