{
 "150-360": {
  "BranchLength": {
   "NS": 0.001075117716197216, 
   "S": 0.003036528082799428
  }, 
  "Diversity": {
   "NS": 0.0002587540928285477, 
   "S": 0.004655280451572672
  }, 
  "Tree": {
   "Combined": "((((cluster_0_460:0.007140543256529588,cluster_1_3663:0.00378866049996249)Node3:0,cluster_3_660:0.007028131738267306)Node2:0,cluster_6_74:0.004857381172529926)Node1:0,cluster_11_62:0.004818678273245018,cluster_16_100:0.009371417250435466)", 
   "NS": "((((cluster_0_460:0,cluster_1_3663:0)Node3:0,cluster_3_660:0)Node2:0,cluster_6_74:0.004857381172529926)Node1:0,cluster_11_62:0.004818678273245018,cluster_16_100:0)", 
   "S": "((((cluster_0_460:0.007140543256529588,cluster_1_3663:0.00378866049996249)Node3:0,cluster_3_660:0.007028131738267306)Node2:0,cluster_6_74:0)Node1:0,cluster_11_62:0,cluster_16_100:0.009371417250435466)"
  }, 
  "omega": 0.1353935399384662
 }, 
 "159-552": {
  "BranchLength": {
   "NS": 0.0009553604716583448, 
   "S": 0.001966402253595448
  }, 
  "Diversity": {
   "NS": 0.002411847978568931, 
   "S": 0.01148168201802578
  }, 
  "Tree": {
   "Combined": "((((((((((((((((((((((((((((((((((((((cluster_0_2885:0,cluster_1_353:0.01107840448954182)Node37:0,cluster_2_353:0.008553422135768495)Node36:0.005658381647842269,cluster_3_454:0.005326093330361006)Node35:0,cluster_5_111:0.002494330477465001)Node34:0.008587763007853629,cluster_7_52:0.002794956114149252)Node33:0,cluster_8_198:0.002811775869777679)Node32:0,cluster_10_181:0.002812163508944964)Node31:0,cluster_11_529:0.007486210276823355)Node30:0,cluster_15_33:0.0136714892391018)Node29:0,cluster_16_60:0.01112234969170534)Node28:0,cluster_17_567:0)Node27:0,cluster_18_30:0.002486260184279946)Node26:0,cluster_20_25:0.007854259570519988)Node25:0,cluster_21_43:0.01066865300771611)Node24:0,cluster_23_70:0.007822696390020622)Node23:0,cluster_24_24:0.008617210777360759)Node22:0,cluster_26_147:0.005310088241200244)Node21:0,cluster_28_20:0.005289025808572884)Node20:0,cluster_31_25:0.00249042051568512)Node19:0,cluster_34_41:0)Node18:0,cluster_35_22:0.005676429319740138)Node17:0,cluster_36_64:0.005676620994317766)Node16:0,(cluster_40_23:0,cluster_41_20:0.0110371550364913)Node61:0.002795545531102181)Node15:0,cluster_42_31:0.005314232517496689)Node14:0,cluster_43_25:0.002798803512234245)Node13:0,cluster_47_54:0.002481932997931263)Node12:0,(cluster_49_43:0.00279880336825096,cluster_57_30:0)Node67:0)Node11:0.002723860161169832,cluster_64_78:0.0112972348936597)Node10:0,cluster_65_21:0.002936181018842987)Node9:0,cluster_72_24:0.007995924373367267)Node8:0.002723290654714433,cluster_75_36:0.002801425667185028)Node7:0,cluster_85_24:0.002488013540749648)Node6:0.002042446759339429,cluster_97_108:0)Node5:0.000740285243349083,cluster_101_42:0.002485008281541688)Node4:0,cluster_106_25:0.002792335659007595)Node3:0.002792335915486327,cluster_112_37:0.007513689453666185)Node2:0,cluster_140_21:0.005304676692752939)Node1:0,cluster_163_45:0.008510594868470183,cluster_170_20:0)", 
   "NS": "((((((((((((((((((((((((((((((((((((((cluster_0_2885:0,cluster_1_353:0.002490651118769289)Node37:0,cluster_2_353:0)Node36:0,cluster_3_454:0.002497732316246759)Node35:0,cluster_5_111:0.002494330477465001)Node34:0,cluster_7_52:0)Node33:0,cluster_8_198:0)Node32:0,cluster_10_181:0)Node31:0,cluster_11_529:0.007486210276823355)Node30:0,cluster_15_33:0.005012016711189532)Node29:0,cluster_16_60:0.002493484481849589)Node28:0,cluster_17_567:0)Node27:0,cluster_18_30:0.002486260184279946)Node26:0,cluster_20_25:0.005022233878757315)Node25:0,cluster_21_43:0.004992152203511182)Node24:0,cluster_23_70:0.004986656007467979)Node23:0,cluster_24_24:0)Node22:0,cluster_26_147:0.002486710668950887)Node21:0,cluster_28_20:0.002488008702816276)Node20:0,cluster_31_25:0.00249042051568512)Node19:0,cluster_34_41:0)Node18:0,cluster_35_22:0)Node17:0,cluster_36_64:0)Node16:0,(cluster_40_23:0,cluster_41_20:0.002493485172368198)Node61:0)Node15:0,cluster_42_31:0.002492945662281161)Node14:0,cluster_43_25:0)Node13:0,cluster_47_54:0.002481932997931263)Node12:0,(cluster_49_43:0,cluster_57_30:0)Node67:0)Node11:0,cluster_64_78:0.002493881334216332)Node10:0,cluster_65_21:0)Node9:0,cluster_72_24:0.005013753300123446)Node8:0,cluster_75_36:0)Node7:0,cluster_85_24:0.002488013540749648)Node6:0,cluster_97_108:0)Node5:0,cluster_101_42:0.002485008281541688)Node4:0,cluster_106_25:0)Node3:0,cluster_112_37:0.007513689453666185)Node2:0,cluster_140_21:0.00249462091763577)Node1:0,cluster_163_45:0,cluster_170_20:0)", 
   "S": "((((((((((((((((((((((((((((((((((((((cluster_0_2885:0,cluster_1_353:0.008587753370772527)Node37:0,cluster_2_353:0.008553422135768495)Node36:0.005658381647842269,cluster_3_454:0.002828361014114249)Node35:0,cluster_5_111:0)Node34:0.008587763007853629,cluster_7_52:0.002794956114149252)Node33:0,cluster_8_198:0.002811775869777679)Node32:0,cluster_10_181:0.002812163508944964)Node31:0,cluster_11_529:0)Node30:0,cluster_15_33:0.008659472527912267)Node29:0,cluster_16_60:0.008628865209855754)Node28:0,cluster_17_567:0)Node27:0,cluster_18_30:0)Node26:0,cluster_20_25:0.002832025691762673)Node25:0,cluster_21_43:0.00567650080420493)Node24:0,cluster_23_70:0.00283604038255264)Node23:0,cluster_24_24:0.008617210777360759)Node22:0,cluster_26_147:0.002823377572249356)Node21:0,cluster_28_20:0.00280101710575661)Node20:0,cluster_31_25:0)Node19:0,cluster_34_41:0)Node18:0,cluster_35_22:0.005676429319740138)Node17:0,cluster_36_64:0.005676620994317766)Node16:0,(cluster_40_23:0,cluster_41_20:0.008543669864123105)Node61:0.002795545531102181)Node15:0,cluster_42_31:0.002821286855215526)Node14:0,cluster_43_25:0.002798803512234245)Node13:0,cluster_47_54:0)Node12:0,(cluster_49_43:0.00279880336825096,cluster_57_30:0)Node67:0)Node11:0.002723860161169832,cluster_64_78:0.008803353559443363)Node10:0,cluster_65_21:0.002936181018842987)Node9:0,cluster_72_24:0.002982171073243828)Node8:0.002723290654714433,cluster_75_36:0.002801425667185028)Node7:0,cluster_85_24:0)Node6:0.002042446759339429,cluster_97_108:0)Node5:0.000740285243349083,cluster_101_42:0)Node4:0,cluster_106_25:0.002792335659007595)Node3:0.002792335915486327,cluster_112_37:0)Node2:0,cluster_140_21:0.002810055775117167)Node1:0,cluster_163_45:0.008510594868470183,cluster_170_20:0)"
  }, 
  "omega": 0.2049143393190347
 }, 
 "180-390": {
  "BranchLength": {
   "NS": 0.00142507042124075, 
   "S": 0.002358369402017999
  }, 
  "Diversity": {
   "NS": 0.002253686230135402, 
   "S": 0.006764820421894847
  }, 
  "Tree": {
   "Combined": "((((((((((((((((cluster_0_3656:0.005052732776538136,cluster_1_524:0.004783935762532149)Node15:0,(cluster_2_395:0.01033238586569892,cluster_3_526:0.01509449650128267)Node18:0)Node14:0,cluster_5_288:0.005112979415760921)Node13:0,cluster_7_815:0)Node12:0,(cluster_8_224:0.009910771549307395,cluster_9_46:0.004782896858678454)Node23:0)Node11:0,cluster_10_38:0.005052732296798256)Node10:0,cluster_11_53:0.009623139598331257)Node9:0,cluster_12_34:0.0151209960666575)Node8:0,cluster_14_50:0)Node7:0,cluster_15_144:0.01033163928352199)Node6:0,cluster_19_70:0.004773268822670076)Node5:0,cluster_23_87:0.01520922209287866)Node4:0,cluster_29_89:0)Node3:0,cluster_31_116:0.004779456410116763)Node2:0,cluster_35_47:0.005131795467529951)Node1:0,cluster_36_105:0.009842091433058415,cluster_49_143:0.00505273325921221)", 
   "NS": "((((((((((((((((cluster_0_3656:0,cluster_1_524:0.004783935762532149)Node15:0,(cluster_2_395:0,cluster_3_526:0.004803128058660257)Node18:0)Node14:0,cluster_5_288:0)Node13:0,cluster_7_815:0)Node12:0,(cluster_8_224:0.004798049463883589,cluster_9_46:0.004782896858678454)Node23:0)Node11:0,cluster_10_38:0)Node10:0,cluster_11_53:0.009623139598331257)Node9:0,cluster_12_34:0.004789347530594642)Node8:0,cluster_14_50:0)Node7:0,cluster_15_144:0)Node6:0,cluster_19_70:0.004773268822670076)Node5:0,cluster_23_87:0.004805015454652449)Node4:0,cluster_29_89:0)Node3:0,cluster_31_116:0.004779456410116763)Node2:0,cluster_35_47:0)Node1:0,cluster_36_105:0.004789367625788107,cluster_49_143:0)",