
{
	"Actual comparisons performed" :79660990,
	"Comparisons accounting for copy numbers " :1.82614e+08,
	"Total comparisons possible" : 87973480,
	"Links found" : 13244640,
	"Maximum distance" : 0.356262,
	"Mean distance" : 0.0425328,
	"Histogram" : [[0.005,3393854],[0.01,9850786],[0.015,16771921],[0.02,20140397],[0.025,17609473],[0.03,14669163],[0.035,13723396],[0.04,11943442],[0.045,11406466],[0.05,8288423],[0.055,6200783],[0.06,5256839],[0.065,4560114],[0.07,4299999],[0.075,4531107],[0.08,5259402],[0.085,5629040],[0.09,4917335],[0.095,3393724],[0.1,2341885],[0.105,1506525],[0.11,862888],[0.115,512568],[0.12,331162],[0.125,285157],[0.13,660459],[0.135,316977],[0.14,639483],[0.145,552096],[0.15,661884],[0.155,493708],[0.16,419037],[0.165,484059],[0.17,344610],[0.175,135978],[0.18,85242],[0.185,62072],[0.19,28075],[0.195,9807],[0.2,9488],[0.205,4372],[0.21,2646],[0.215,2288],[0.22,2255],[0.225,1585],[0.23,1741],[0.235,1333],[0.24,1472],[0.245,1031],[0.25,1052],[0.255,950],[0.26,982],[0.265,579],[0.27,827],[0.275,405],[0.28,355],[0.285,371],[0.29,215],[0.295,220],[0.3,212],[0.305,37],[0.31,22],[0.315,31],[0.32,5],[0.325,54],[0.33,0],[0.335,1],[0.34,4],[0.345,1],[0.35,0],[0.355,1],[0.36,5],[0.365,0],[0.37,0],[0.375,0],[0.38,0],[0.385,0],[0.39,0],[0.395,0],[0.4,0],[0.405,0],[0.41,0],[0.415,0],[0.42,0],[0.425,0],[0.43,0],[0.435,0],[0.44,0],[0.445,0],[0.45,0],[0.455,0],[0.46,0],[0.465,0],[0.47,0],[0.475,0],[0.48,0],[0.485,0],[0.49,0],[0.495,0],[0.5,0],[0.505,0],[0.51,0],[0.515,0],[0.52,0],[0.525,0],[0.53,0],[0.535,0],[0.54,0],[0.545,0],[0.55,0],[0.555,0],[0.56,0],[0.565,0],[0.57,0],[0.575,0],[0.58,0],[0.585,0],[0.59,0],[0.595,0],[0.6,0],[0.605,0],[0.61,0],[0.615,0],[0.62,0],[0.625,0],[0.63,0],[0.635,0],[0.64,0],[0.645,0],[0.65,0],[0.655,0],[0.66,0],[0.665,0],[0.67,0],[0.675,0],[0.68,0],[0.685,0],[0.69,0],[0.695,0],[0.7,0],[0.705,0],[0.71,0],[0.715,0],[0.72,0],[0.725,0],[0.73,0],[0.735,0],[0.74,0],[0.745,0],[0.75,0],[0.755,0],[0.76,0],[0.765,0],[0.77,0],[0.775,0],[0.78,0],[0.785,0],[0.79,0],[0.795,0],[0.8,0],[0.805,0],[0.81,0],[0.815,0],[0.82,0],[0.825,0],[0.83,0],[0.835,0],[0.84,0],[0.845,0],[0.85,0],[0.855,0],[0.86,0],[0.865,0],[0.87,0],[0.875,0],[0.88,0],[0.885,0],[0.89,0],[0.895,0],[0.9,0],[0.905,0],[0.91,0],[0.915,0],[0.92,0],[0.925,0],[0.93,0],[0.935,0],[0.94,0],[0.945,0],[0.95,0],[0.955,0],[0.96,0],[0.965,0],[0.97,0],[0.975,0],[0.98,0],[0.985,0],[0.99,0],[0.995,0],[1,0]]
}
