{
 "120-330": {
  "BranchLength": {
   "NS": 0, 
   "S": 0
  }, 
  "Diversity": {
   "NS": 0, 
   "S": 0
  }, 
  "Tree": "", 
  "omega": 0
 }, 
 "150-360": {
  "BranchLength": {
   "NS": 0, 
   "S": 0.005938271403553526
  }, 
  "Diversity": {
   "NS": 0, 
   "S": 0
  }, 
  "Tree": {
   "Combined": "(cluster_3_136:0.005938271403553526)", 
   "NS": "(cluster_3_136:0)", 
   "S": "(cluster_3_136:0.005938271403553526)"
  }, 
  "omega": 0
 }, 
 "180-390": {
  "BranchLength": {
   "NS": 0.004686855990334873, 
   "S": 0
  }, 
  "Diversity": {
   "NS": 0, 
   "S": 0
  }, 
  "Tree": {
   "Combined": "(cluster_1_1919:0.004686855990334873)", 
   "NS": "(cluster_1_1919:0.004686855990334873)", 
   "S": "(cluster_1_1919:0)"
  }, 
  "omega": 76.22990937009719
 }, 
 "180-657": {
  "BranchLength": {
   "NS": 0.0007945445689586625, 
   "S": 0.0006859474798247764
  }, 
  "Diversity": {
   "NS": 0.001636771908103904, 
   "S": 0.001636048448805677
  }, 
  "Tree": {
   "Combined": "(((((((((((((((((((cluster_0_3462:0,cluster_1_1687:0.002069566391534598)Node18:0,cluster_2_37:0)Node17:0,cluster_3_146:0.002342940255708342)Node16:0,(cluster_4_22:0,cluster_5_23:0)Node23:0)Node15:0,cluster_6_5751:0.002333637521133175)Node14:0,cluster_7_22:0)Node13:0,cluster_9_561:0.01018072680348731)Node12:0,(cluster_12_11:0,cluster_13_306:0.003524477275089606)Node29:0)Node11:0,cluster_14_34:0)Node10:0,cluster_16_169:0.007504189716517749)Node9:0,cluster_17_12:0.009216083250328978)Node8:0,cluster_19_30:0.002068718923569661)Node7:0,cluster_24_24:0.002069566391650306)Node6:0,cluster_27_369:0.004135861423445139)Node5:0,cluster_28_15:0)Node4:0,cluster_30_24:0.002344456796770665)Node3:0.002336064838462735,cluster_37_21:0)Node2:0.002332362130636973,cluster_38_36:0.002067807418346359)Node1:0.002342839174160092,cluster_42_11:0.00679185978684618,cluster_43_32:0)", 
   "NS": "(((((((((((((((((((cluster_0_3462:0,cluster_1_1687:0.002069566391534598)Node18:0,cluster_2_37:0)Node17:0,cluster_3_146:0)Node16:0,(cluster_4_22:0,cluster_5_23:0)Node23:0)Node15:0,cluster_6_5751:0)Node14:0,cluster_7_22:0)Node13:0,cluster_9_561:0.006385540695273607)Node12:0,(cluster_12_11:0,cluster_13_306:0.003524477275089606)Node29:0)Node11:0,cluster_14_34:0)Node10:0,cluster_16_169:0.007504189716517749)Node9:0,cluster_17_12:0.002122614303642354)Node8:0,cluster_19_30:0.002068718923569661)Node7:0,cluster_24_24:0.002069566391650306)Node6:0,cluster_27_369:0.004135861423445139)Node5:0,cluster_28_15:0)Node4:0,cluster_30_24:0)Node3:0,cluster_37_21:0)Node2:0,cluster_38_36:0.002067807418346359)Node1:0,cluster_42_11:0.002217073926153111,cluster_43_32:0)", 
   "S": "(((((((((((((((((((cluster_0_3462:0,cluster_1_1687:0)Node18:0,cluster_2_37:0)Node17:0,cluster_3_146:0.002342940255708342)Node16:0,(cluster_4_22:0,cluster_5_23:0)Node23:0)Node15:0,cluster_6_5751:0.002333637521133175)Node14:0,cluster_7_22:0)Node13:0,cluster_9_561:0.003795186108213709)Node12:0,(cluster_12_11:0,cluster_13_306:0)Node29:0)Node11:0,cluster_14_34:0)Node10:0,cluster_16_169:0)Node9:0,cluster_17_12:0.007093468946686624)Node8:0,cluster_19_30:0)Node7:0,cluster_24_24:0)Node6:0,cluster_27_369:0)Node5:0,cluster_28_15:0)Node4:0,cluster_30_24:0.002344456796770665)Node3:0.002336064838462735,cluster_37_21:0)Node2:0.002332362130636973,cluster_38_36:0)Node1:0.002342839174160092,cluster_42_11:0.004574785860693066,cluster_43_32:0)"
  }, 
  "omega": 0.2539856677038027
 }, 
 "210-420": {
  "BranchLength": {
   "NS": 0.00163062131605182, 
   "S": 0.001905757715907731
  }, 
  "Diversity": {
   "NS": 0.001258431827240502, 
   "S": 0.000112607594829873
  }, 
  "Tree": {
   "Combined": "(cluster_0_10116:0,cluster_1_1829:0.004891863948155459,cluster_2_120:0.005717273147723194)", 
   "NS": "(cluster_0_10116:0,cluster_1_1829:0.004891863948155459,cluster_2_120:0)", 
   "S": "(cluster_0_10116:0,cluster_1_1829:0,cluster_2_120:0.005717273147723194)"
  }, 
  "omega": 0.3618626381222653
 }, 
 "240-450": {
  "BranchLength": {
   "NS": 0.004762006080071542, 
   "S": 0
  }, 
  "Diversity": {
   "NS": 0, 
   "S": 0
  }, 
  "Tree": {
   "Combined": "(cluster_1_86:0.004762006080071542)", 
   "NS": "(cluster_1_86:0.004762006080071542)", 
   "S": "(cluster_1_86:0)"
  }, 
  "omega": 18.94806348993036
 }, 
 "270-480": {
  "BranchLength": {
   "NS": 0.004746236344919957, 
   "S": 0
  }, 
  "Diversity": {
   "NS": 0, 
   "S": 0
  }, 
  "Tree": {
   "Combined": "(cluster_1_93:0.004746236344919957)", 
   "NS": "(cluster_1_93:0.004746236344919957)", 
   "S": "(cluster_1_93:0)"
  }, 
  "omega": 176.6048966181827
 }, 
 "300-510": {
  "BranchLength": {
   "NS": 0.004814448622629476, 
   "S": 0
  }, 
  "Diversity": {
   "NS": 0, 
   "S": 0
  }, 
  "Tree": {
   "Combined": "(cluster_1_558:0.004814448622629476)", 
   "NS": "(cluster_1_558:0.004814448622629476)", 
   "S": "(cluster_1_558:0)"
  }, 
  "omega": 14.52507444808616
 }, 
 "330-540": {
  "BranchLength": {
   "NS": 0, 
   "S": 0
  }, 
  "Diversity": {
   "NS": 0, 
   "S": 0
  }, 
  "Tree": "", 
  "omega": 0
 }, 
 "360-570": {
  "BranchLength": {
   "NS": 0, 
   "S": 0.005387637459050798
  }, 
  "Diversity": {
   "NS": 0, 
   "S": 0
  }, 
  "Tree": {
   "Combined": "(cluster_1_44:0.005387637459050798)", 
   "NS": "(cluster_1_44:0)", 
   "S": "(cluster_1_44:0.005387637459050798)"
  }, 
  "omega": 0
 }, 
 "390-600": {
  "BranchLength": {
   "NS": 0, 
   "S": 0.005543350733253145
  }, 
  "Diversity": {
   "NS": 0, 
   "S": 0
  }, 
  "Tree": {
   "Combined": "(cluster_1_47:0.005543350733253145)", 
   "NS": "(cluster_1_47:0)", 
   "S": "(cluster_1_47:0.005543350733253145)"
  }, 
  "omega": 0
 }, 
 "420-630": {
  "BranchLength": {
   "NS": 0, 
   "S": 0.005262534768201436
  }, 
  "Diversity": {
   "NS": 0, 
   "S": 0
  }, 
  "Tree": {
   "Combined": "(cluster_1_45:0.005262534768201436)", 
   "NS": "(cluster_1_45:0)", 
   "S": "(cluster_1_45:0.005262534768201436)"
  }, 
  "omega": 0
 }, 
 "450-660": {
  "BranchLength": {
   "NS": 0, 
   "S": 0.005643173349864508
  }, 
  "Diversity": {
   "NS": 0, 
   "S": 0
  }, 
  "Tree": {
   "Combined": "(cluster_1_39:0.005643173349864508)", 
   "NS": "(cluster_1_39:0)", 
   "S": "(cluster_1_39:0.005643173349864508)"
  }, 
  "omega": 0
 }
}