{
 "105-543": {
  "BranchLength": {
   "NS": 0.006311076645413672, 
   "S": 0.002063693025437195
  }, 
  "Diversity": {
   "NS": 0.01033266849026328, 
   "S": 0.006081534033131433
  }, 
  "Tree": {
   "Combined": "((((((((((((((((((((((((((((((((cluster_2_1176:0.007212759494733791,cluster_3_1164:0.002355899287610422)Node31:0,cluster_8_52:0.01460543581861767)Node30:0,cluster_12_31:0.002366334569581217)Node29:0,cluster_14_25:0.07703967817399494)Node28:0,cluster_19_26:0.007354874313139823)Node27:0,cluster_20_161:0.01454030946429998)Node26:0,cluster_24_123:0.009593365272826853)Node25:0,cluster_29_99:0.004869405337400941)Node24:0,cluster_33_21:0.009772918991756122)Node23:0.002433544561434726,cluster_35_42:0.01949096826985892)Node22:0,cluster_38_98:0)Node21:0,cluster_39_63:0.01227581410265649)Node20:0,cluster_47_21:0.0654137029714027)Node19:0,cluster_53_16:0.06350714821546598)Node18:0,cluster_57_70:0.004805111720761428)Node17:0,cluster_67_49:0.00478271281049782)Node16:0,(cluster_68_17:0.01278469730042567,cluster_75_23:0.01980115247821056)Node49:0.002153117436737989)Node15:0,cluster_76_57:0.002382681923625025)Node14:0.002433046113120012,cluster_81_57:0.009619124236344425)Node13:0,cluster_85_22:0.002444703647749541)Node12:0,(cluster_87_25:0.0120661496479693,cluster_93_94:0.009773430696514417)Node55:0)Node11:0,cluster_94_21:0.002384713720921813)Node10:0.005003134700795994,cluster_110_45:0.009593289046470986)Node9:0,cluster_124_57:0.007169631163602721)Node8:0.002451134572096046,cluster_125_26:0.01960334639242529)Node7:0,cluster_145_20:0.002381951981484228)Node6:0,cluster_147_19:0.004826541373316781)Node5:0,cluster_174_20:0.08510922163871854)Node4:0,cluster_175_26:0.01700900333808988)Node3:0.01130711016114845,cluster_250_28:0.004780353807078914)Node2:0,cluster_267_20:0.002381789310336763)Node1:0,cluster_325_15:0.0031562567678273,cluster_471_22:0.004823542457659397)", 
   "NS": "((((((((((((((((((((((((((((((((cluster_2_1176:0.00471359983387138,cluster_3_1164:0.002355899287610422)Node31:0,cluster_8_52:0.0120887229083427)Node30:0,cluster_12_31:0.002366334569581217)Node29:0,cluster_14_25:0.05853317090176927)Node28:0,cluster_19_26:0.002689074189275938)Node27:0,cluster_20_161:0.01108481560163782)Node26:0,cluster_24_123:0.007093802100336596)Node25:0,cluster_29_99:0.002381500543081757)Node24:0,cluster_33_21:0.004763705045932058)Node23:0,cluster_35_42:0.01636054067790891)Node22:0,cluster_38_98:0)Node21:0,cluster_39_63:0.004760688489469876)Node20:0,cluster_47_21:0.0601360496194896)Node19:0,cluster_53_16:0.05105801293365234)Node18:0,cluster_57_70:0.00236408024333427)Node17:0,cluster_67_49:0.00478271281049782)Node16:0,(cluster_68_17:0.005105832577670766,cluster_75_23:0.01446491856996642)Node49:0)Node15:0,cluster_76_57:0.002382681923625025)Node14:0,cluster_81_57:0.007119712731508854)Node13:0,cluster_85_22:0)Node12:0,(cluster_87_25:0.009618169921913682,cluster_93_94:0.004764513567011489)Node55:0)Node11:0,cluster_94_21:0.002384713720921813)Node10:0,cluster_110_45:0.009593289046470986)Node9:0,cluster_124_57:0.007169631163602721)Node8:0,cluster_125_26:0.01338146825446675)Node7:0,cluster_145_20:0.002381951981484228)Node6:0,cluster_147_19:0.002382383617414644)Node5:0,cluster_174_20:0.07195789992250563)Node4:0,cluster_175_26:0.01377225392765826)Node3:0.006310215508627794,cluster_250_28:0.004780353807078914)Node2:0,cluster_267_20:0.002381789310336763)Node1:0,cluster_325_15:0.0031562567678273,cluster_471_22:0.004823542457659397)", 
   "S": "((((((((((((((((((((((((((((((((cluster_2_1176:0.002499159660862411,cluster_3_1164:0)Node31:0,cluster_8_52:0.002516712910274979)Node30:0,cluster_12_31:0)Node29:0,cluster_14_25:0.01850650727222566)Node28:0,cluster_19_26:0.004665800123863885)Node27:0,cluster_20_161:0.003455493862662171)Node26:0,cluster_24_123:0.002499563172490251)Node25:0,cluster_29_99:0.002487904794319182)Node24:0,cluster_33_21:0.005009213945824065)Node23:0.002433544561434726,cluster_35_42:0.003130427591950006)Node22:0,cluster_38_98:0)Node21:0,cluster_39_63:0.007515125613186614)Node20:0,cluster_47_21:0.00527765335191308)Node19:0,cluster_53_16:0.01244913528181363)Node18:0,cluster_57_70:0.002441031477427157)Node17:0,cluster_67_49:0)Node16:0,(cluster_68_17:0.007678864722754905,cluster_75_23:0.005336233908244139)Node49:0.002153117436737989)Node15:0,cluster_76_57:0)Node14:0.002433046113120012,cluster_81_57:0.002499411504835577)Node13:0,cluster_85_22:0.002444703647749541)Node12:0,(cluster_87_25:0.002447979726055616,cluster_93_94:0.005008917129502929)Node55:0)Node11:0,cluster_94_21:0)Node10:0.005003134700795994,cluster_110_45:0)Node9:0,cluster_124_57:0)Node8:0.002451134572096046,cluster_125_26:0.006221878137958547)Node7:0,cluster_145_20:0)Node6:0,cluster_147_19:0.002444157755902137)Node5:0,cluster_174_20:0.01315132171621292)Node4:0,cluster_175_26:0.003236749410431624)Node3:0.004996894652520655,cluster_250_28:0)Node2:0,cluster_267_20:0)Node1:0,cluster_325_15:0,cluster_471_22:0)"
  }, 
  "omega": 0.7507096199446205
 }, 
 "120-330": {
  "BranchLength": {
   "NS": 0.01733856300739239, 
   "S": 0.00320034564167441
  }, 
  "Diversity": {
   "NS": 0.01873428000423124, 
   "S": 0.005939624953922583
  }, 
  "Tree": {
   "Combined": "(((((((((((cluster_0_334:0,cluster_1_3823:0.00468107490396535)Node10:0,cluster_3_102:0.01451102034919751)Node9:0,cluster_4_81:0.06642464464164635)Node8:0,cluster_5_213:0.009535932863684038)Node7:0.02061331007692569,cluster_6_141:0.05365205082603116)Node6:0,cluster_9_90:0.08117869195749457)Node5:0,cluster_10_123:0.01332047537721919)Node4:0.02061656749573014,cluster_12_368:0.00485402818255123)Node3:0,cluster_15_67:0.07858001461654784)Node2:0,cluster_23_59:0.009523363757579516)Node1:0,cluster_28_35:0.004602955790240192,cluster_32_38:0.09030076808972372)", 
   "NS": "(((((((((((cluster_0_334:0,cluster_1_3823:0)Node10:0,cluster_3_102:0.009782640445594144)Node9:0,cluster_4_81:0.0570848840298745)Node8:0,cluster_5_213:0.004855613206157204)Node7:0.01601129548060934,cluster_6_141:0.04432747018691022)Node6:0,cluster_9_90:0.07611271455244042)Node5:0,cluster_10_123:0.01332047537721919)Node4:0.01601521193681643,cluster_12_368:0.00485402818255123)Node3:0,cluster_15_67:0.07858001461654784)Node2:0,cluster_23_59:0.004842423348374656)Node1:0,cluster_28_35:0,cluster_32_38:0.07300017780692987)", 
   "S": "(((((((((((cluster_0_334:0,cluster_1_3823:0.00468107490396535)Node10:0,cluster_3_102:0.004728379903603363)Node9:0,cluster_4_81:0.009339760611771863)Node8:0,cluster_5_213:0.004680319657526831)Node7:0.00460201459631637,cluster_6_141:0.009324580639120911)Node6:0,cluster_9_90:0.005065977405054132)Node5:0,cluster_10_123:0)Node4:0.004601355558913705,cluster_12_368:0)Node3:0,cluster_15_67:0)Node2:0,cluster_23_59:0.00468094040920486)Node1:0,cluster_28_35:0.004602955790240192,cluster_32_38:0.01730059028279386)"
  }, 
  "omega": 1.428363094647193
 }, 
 "150-360": {
  "BranchLength": {
   "NS": 0.01633058218332811, 
   "S": 0.003437722020242026
  }, 
  "Diversity": {
   "NS": 0.03502921592405527, 
   "S": 0.007772042749262837
  }, 
  "Tree": {
   "Combined": "(((((((((cluster_2_3669:0,cluster_6_202:0.004957175873390981)Node8:0.00495654324296112,cluster_7_320:0)Node7:0.07436311503247502,cluster_8_118:0.02182920835094618)Node6:0,cluster_11_74:0.05001916444863188)Node5:0,cluster_14_66:0.01946419575635048)Node4:0.05019316072998783,cluster_15_361:0.02750535400616849)Node3:0,cluster_16_91:0.02309725582451453)Node2:0,cluster_21_51:0.06746504339024807)Node1:0.01198346244492816,cluster_33_52:0.004924751899423019,cluster_38_34:0.01483934886780677)", 
   "NS": "(((((((((cluster_2_3669:0,cluster_6_202:0.004957175873390981)Node8:0,cluster_7_320:0)Node7:0.0645340860982395,cluster_8_118:0.01174612693774774)Node6:0,cluster_11_74:0.04405063850024209)Node5:0,cluster_14_66:0.009438468110858344)Node4:0.04038343333206314,cluster_15_361:0.02750535400616849)Node3:0,cluster_16_91:0.01824544144672188)Node2:0,cluster_21_51:0.06746504339024807)Node1:0.01198346244492816,cluster_33_52:0,cluster_38_34:0.009971831342625642)",