{
 "150-360": {
  "BranchLength": {
   "NS": 0, 
   "S": 0
  }, 
  "Diversity": {
   "NS": 0, 
   "S": 0
  }, 
  "Tree": "", 
  "omega": 0
 }, 
 "159-552": {
  "BranchLength": {
   "NS": 0.0002383469098195899, 
   "S": 0.002966356209549408
  }, 
  "Diversity": {
   "NS": 0.001121668855657554, 
   "S": 0.008755832614297339
  }, 
  "Tree": {
   "Combined": "((((((((((((cluster_1_56:0.007203278429198118,cluster_2_12:0.01300233447420001)Node11:0.004199599714976265,cluster_4_71:0)Node10:0,cluster_6_10:0.00281245338355521)Node9:0,cluster_8_15:0.002735668451613562)Node8:0,cluster_9_20:0.002791304029691607)Node7:0.002735668445973115,cluster_11_20:0.005516526294563444)Node6:0,cluster_14_56:0)Node5:0,cluster_16_11:0.01129848066463408)Node4:0,cluster_17_10:0.01106365929740147)Node3:0,cluster_18_10:0.002734663594428827)Node2:0.001386016120732286,cluster_19_11:0.005680361405416685)Node1:0.001303166290979209,cluster_24_12:0.002837791782533242,cluster_42_13:0.00281660560432783)", 
   "NS": "((((((((((((cluster_1_56:0.00340638672931874,cluster_2_12:0)Node11:0,cluster_4_71:0)Node10:0,cluster_6_10:0)Node9:0,cluster_8_15:0)Node8:0,cluster_9_20:0)Node7:0,cluster_11_20:0)Node6:0,cluster_14_56:0)Node5:0,cluster_16_11:0)Node4:0,cluster_17_10:0.002552286016171008)Node3:0,cluster_18_10:0)Node2:0,cluster_19_11:0)Node1:0,cluster_24_12:0,cluster_42_13:0)", 
   "S": "((((((((((((cluster_1_56:0.003796891699879377,cluster_2_12:0.01300233447420001)Node11:0.004199599714976265,cluster_4_71:0)Node10:0,cluster_6_10:0.00281245338355521)Node9:0,cluster_8_15:0.002735668451613562)Node8:0,cluster_9_20:0.002791304029691607)Node7:0.002735668445973115,cluster_11_20:0.005516526294563444)Node6:0,cluster_14_56:0)Node5:0,cluster_16_11:0.01129848066463408)Node4:0,cluster_17_10:0.008511373281230472)Node3:0,cluster_18_10:0.002734663594428827)Node2:0.001386016120732286,cluster_19_11:0.005680361405416685)Node1:0.001303166290979209,cluster_24_12:0.002837791782533242,cluster_42_13:0.00281660560432783)"
  }, 
  "omega": 0.03053362282554396
 }, 
 "180-390": {
  "BranchLength": {
   "NS": 0, 
   "S": 0.004936183638087992
  }, 
  "Diversity": {
   "NS": 0, 
   "S": 0
  }, 
  "Tree": {
   "Combined": "(cluster_4_39:0.004936183638087992)", 
   "NS": "(cluster_4_39:0)", 
   "S": "(cluster_4_39:0.004936183638087992)"
  }, 
  "omega": 0
 }, 
 "210-420": {
  "BranchLength": {
   "NS": 0, 
   "S": 0.004924238337176638
  }, 
  "Diversity": {
   "NS": 0, 
   "S": 0
  }, 
  "Tree": {
   "Combined": "(cluster_2_175:0.004924238337176638)", 
   "NS": "(cluster_2_175:0)", 
   "S": "(cluster_2_175:0.004924238337176638)"
  }, 
  "omega": 0
 }, 
 "240-450": {
  "BranchLength": {
   "NS": 0.001651677080278161, 
   "S": 0.003222409276616962
  }, 
  "Diversity": {
   "NS": 0.001189273808020963, 
   "S": 0.002432169513675623
  }, 
  "Tree": {
   "Combined": "(cluster_0_34:0.009788654572977146,cluster_2_38:0.004833604497708224,cluster_3_173:0)", 
   "NS": "(cluster_0_34:0.004955031240834482,cluster_2_38:0,cluster_3_173:0)", 
   "S": "(cluster_0_34:0.004833623332142664,cluster_2_38:0.004833604497708224,cluster_3_173:0)"
  }, 
  "omega": 0.2547099046598117
 }, 
 "270-480": {
  "BranchLength": {
   "NS": 0.001632232939661402, 
   "S": 0.003259026072736804
  }, 
  "Diversity": {
   "NS": 0.001179330417848858, 
   "S": 0.002495717247359065
  }, 
  "Tree": {
   "Combined": "(cluster_0_34:0.009785244829961296,cluster_2_39:0.004888532207233326,cluster_3_171:0)", 
   "NS": "(cluster_0_34:0.004896698818984207,cluster_2_39:0,cluster_3_171:0)", 
   "S": "(cluster_0_34:0.004888546010977087,cluster_2_39:0.004888532207233326,cluster_3_171:0)"
  }, 
  "omega": 0.3125322783528248
 }, 
 "300-510": {
  "BranchLength": {
   "NS": 0, 
   "S": 0.006795733451527109
  }, 
  "Diversity": {
   "NS": 0, 
   "S": 0.004724405286479239
  }, 
  "Tree": {
   "Combined": "(cluster_1_34:0.01542956429239759,cluster_2_41:0,cluster_3_245:0.004957636062183741)", 
   "NS": "(cluster_1_34:0,cluster_2_41:0,cluster_3_245:0)", 
   "S": "(cluster_1_34:0.01542956429239759,cluster_2_41:0,cluster_3_245:0.004957636062183741)"
  }, 
  "omega": 0
 }, 
 "330-540": {
  "BranchLength": {
   "NS": 0, 
   "S": 0.006473307760928778
  }, 
  "Diversity": {
   "NS": 0, 
   "S": 0.00649960227079644
  }, 
  "Tree": {
   "Combined": "((cluster_0_202:0,cluster_1_34:0.02216790327141147)Node1:0,cluster_2_35:0.005099317564957847,cluster_6_40:0.005099317968274572)", 
   "NS": "((cluster_0_202:0,cluster_1_34:0)Node1:0,cluster_2_35:0,cluster_6_40:0)", 
   "S": "((cluster_0_202:0,cluster_1_34:0.02216790327141147)Node1:0,cluster_2_35:0.005099317564957847,cluster_6_40:0.005099317968274572)"
  }, 
  "omega": 0
 }
}