{
 "150-360": {
  "BranchLength": {
   "NS": 0, 
   "S": 0
  }, 
  "Diversity": {
   "NS": 0, 
   "S": 0
  }, 
  "Tree": "", 
  "omega": 0
 }, 
 "159-552": {
  "BranchLength": {
   "NS": 0.0004771397742047013, 
   "S": 0.001218178375412758
  }, 
  "Diversity": {
   "NS": 0.0006521026339246244, 
   "S": 0.004396175305160467
  }, 
  "Tree": {
   "Combined": "(((((((((((((cluster_0_15:0.002726130436941927,cluster_1_15:0.005321280654041194)Node12:0,cluster_2_280:0)Node11:0.002702299878867137,cluster_3_105:0)Node10:0,cluster_11_41:0.002725211878985332)Node9:0.002702458852451499,cluster_14_12:0.002744140047835276)Node8:0,cluster_15_15:0.005162395730632708)Node7:0,cluster_16_15:0.002725616643731093)Node6:0,cluster_18_34:0.002744232522427272)Node5:0,cluster_25_24:0.00274780213929213)Node4:0,cluster_27_29:0.002573306803203554)Node3:0,cluster_29_63:0.002702255129392729)Node2:0,cluster_32_15:0.005623152520803829)Node1:0,cluster_41_19:0.002573306801065715,cluster_56_33:0)", 
   "NS": "(((((((((((((cluster_0_15:0,cluster_1_15:0.002573764568624958)Node12:0,cluster_2_280:0)Node11:0,cluster_3_105:0)Node10:0,cluster_11_41:0)Node9:0,cluster_14_12:0)Node8:0,cluster_15_15:0.005162395730632708)Node7:0,cluster_16_15:0)Node6:0,cluster_18_34:0)Node5:0,cluster_25_24:0)Node4:0,cluster_27_29:0.002573306803203554)Node3:0,cluster_29_63:0)Node2:0,cluster_32_15:0)Node1:0,cluster_41_19:0.002573306801065715,cluster_56_33:0)", 
   "S": "(((((((((((((cluster_0_15:0.002726130436941927,cluster_1_15:0.002747516085416233)Node12:0,cluster_2_280:0)Node11:0.002702299878867137,cluster_3_105:0)Node10:0,cluster_11_41:0.002725211878985332)Node9:0.002702458852451499,cluster_14_12:0.002744140047835276)Node8:0,cluster_15_15:0)Node7:0,cluster_16_15:0.002725616643731093)Node6:0,cluster_18_34:0.002744232522427272)Node5:0,cluster_25_24:0.00274780213929213)Node4:0,cluster_27_29:0)Node3:0,cluster_29_63:0.002702255129392729)Node2:0,cluster_32_15:0.005623152520803829)Node1:0,cluster_41_19:0,cluster_56_33:0)"
  }, 
  "omega": 0.162122427112946
 }, 
 "180-390": {
  "BranchLength": {
   "NS": 0.001022526551860301, 
   "S": 0.001988171046378702
  }, 
  "Diversity": {
   "NS": 0.0005480242128174221, 
   "S": 0.002375853696493241
  }, 
  "Tree": {
   "Combined": "((cluster_0_410:0,cluster_1_35:0.005112632759301504)Node1:0,cluster_12_74:0.005066858215147774,cluster_20_98:0.004873997016745736)", 
   "NS": "((cluster_0_410:0,cluster_1_35:0.005112632759301504)Node1:0,cluster_12_74:0,cluster_20_98:0)", 
   "S": "((cluster_0_410:0,cluster_1_35:0)Node1:0,cluster_12_74:0.005066858215147774,cluster_20_98:0.004873997016745736)"
  }, 
  "omega": 0.2149281533018156
 }, 
 "210-420": {
  "BranchLength": {
   "NS": 0, 
   "S": 0.002951752274235651
  }, 
  "Diversity": {
   "NS": 0, 
   "S": 0.003757755631575242
  }, 
  "Tree": {
   "Combined": "((cluster_0_419:0.004865570873505737,cluster_2_183:0)Node1:0.004865570873457782,cluster_7_34:0,cluster_9_38:0.005027619624214739)", 
   "NS": "((cluster_0_419:0,cluster_2_183:0)Node1:0,cluster_7_34:0,cluster_9_38:0)", 
   "S": "((cluster_0_419:0.004865570873505737,cluster_2_183:0)Node1:0.004865570873457782,cluster_7_34:0,cluster_9_38:0.005027619624214739)"
  }, 
  "omega": 0
 }, 
 "240-450": {
  "BranchLength": {
   "NS": 0, 
   "S": 0.003218447910174484
  }, 
  "Diversity": {
   "NS": 0, 
   "S": 0.002459165940107866
  }, 
  "Tree": {
   "Combined": "(cluster_0_467:0,cluster_2_209:0.004764525109031507,cluster_9_37:0.004890818621491944)", 
   "NS": "(cluster_0_467:0,cluster_2_209:0,cluster_9_37:0)", 
   "S": "(cluster_0_467:0,cluster_2_209:0.004764525109031507,cluster_9_37:0.004890818621491944)"
  }, 
  "omega": 0
 }, 
 "270-480": {
  "BranchLength": {
   "NS": 0, 
   "S": 0.001957738839419864
  }, 
  "Diversity": {
   "NS": 0, 
   "S": 0.002488027233864105
  }, 
  "Tree": {
   "Combined": "((cluster_0_392:0,cluster_2_208:0.004833915749752627)Node1:0,cluster_11_39:0.004954778447346694,cluster_20_85:0)", 
   "NS": "((cluster_0_392:0,cluster_2_208:0)Node1:0,cluster_11_39:0,cluster_20_85:0)", 
   "S": "((cluster_0_392:0,cluster_2_208:0.004833915749752627)Node1:0,cluster_11_39:0.004954778447346694,cluster_20_85:0)"
  }, 
  "omega": 0
 }, 
 "300-510": {
  "BranchLength": {
   "NS": 0, 
   "S": 0.004915826684384496
  }, 
  "Diversity": {
   "NS": 0, 
   "S": 0
  }, 
  "Tree": {
   "Combined": "(cluster_6_54:0.004915826684384496)", 
   "NS": "(cluster_6_54:0)", 
   "S": "(cluster_6_54:0.004915826684384496)"
  }, 
  "omega": 0
 }, 
 "330-540": {
  "BranchLength": {
   "NS": 0, 
   "S": 0.003381398887084474
  }, 
  "Diversity": {
   "NS": 0, 
   "S": 0.002274809791354031
  }, 
  "Tree": {
   "Combined": "(cluster_2_547:0,cluster_6_62:0.005140287030474105,cluster_8_135:0.005003909630779317)", 
   "NS": "(cluster_2_547:0,cluster_6_62:0,cluster_8_135:0)", 
   "S": "(cluster_2_547:0,cluster_6_62:0.005140287030474105,cluster_8_135:0.005003909630779317)"
  }, 
  "omega": 0
 }
}