{
 "117-528": {
  "BranchLength": {
   "NS": 0.00335638900233621, 
   "S": 0.0007808568748231736
  }, 
  "Diversity": {
   "NS": 0.01142995659721432, 
   "S": 0.00451657689042751
  }, 
  "Tree": {
   "Combined": "((((((((((((((((((((((((((((((cluster_0_266:0.001367489764798568,cluster_2_176:0.003289322343095698)Node29:0.008529432399555234,cluster_3_451:0)Node28:0,cluster_5_30:0.02753176558031223)Node27:0.003747987196853395,cluster_8_27:0.002485663517724104)Node26:0,cluster_9_103:0)Node25:0.0037487272020683,cluster_19_10:0.002458930742491166)Node24:4.467821193460742e-05,cluster_22_37:0.006815863697347707)Node23:0.002529841202732563,cluster_24_261:0.002659998171839047)Node22:0,cluster_29_11:0.005080491604488277)Node21:0.002452801416701826,cluster_34_67:0)Node20:0,cluster_38_83:0.004936896566639318)Node19:0,cluster_42_41:0.00495707801912278)Node18:0,cluster_45_18:0.002486011528815818)Node17:0,cluster_47_20:0.02243240920494607)Node16:0,(cluster_53_46:0.01003320463438902,cluster_55_19:0.004950945187478313)Node45:0.0026160376665654)Node15:0,cluster_57_15:0.02274524847903152)Node14:0,cluster_58_30:0.002466417660144215)Node13:0,cluster_75_13:0.01525126720001478)Node12:0,(cluster_89_10:0,cluster_90_14:0.004930266580523066)Node51:0)Node11:0,cluster_93_11:0.00744567784660751)Node10:0,cluster_102_14:0.007576087947106613)Node9:0.002459433456039546,cluster_103_10:0.007567574518823015)Node8:0,cluster_107_10:0.01009500002894595)Node7:0,cluster_115_10:0.005294303372874946)Node6:0,cluster_119_13:0.009966605269111176)Node5:0,cluster_131_16:0.005084964316494967)Node4:0,cluster_143_10:0.005084570979094013)Node3:0,cluster_177_10:0.02027636318637585)Node2:0,cluster_192_10:0.004924467145745931)Node1:0.002459479163880859,cluster_259_15:0.002622154420019345,cluster_339_18:0.007515524584627176)", 
   "NS": "((((((((((((((((((((((((((((((cluster_0_266:0.001367489764798568,cluster_2_176:0.003289322343095698)Node29:0.008529432399555234,cluster_3_451:0)Node28:0,cluster_5_30:0.02175089823140547)Node27:0,cluster_8_27:0.002485663517724104)Node26:0,cluster_9_103:0)Node25:0,cluster_19_10:0.002458930742491166)Node24:4.467821193460742e-05,cluster_22_37:0.006815863697347707)Node23:0.002529841202732563,cluster_24_261:0.002659998171839047)Node22:0,cluster_29_11:0.002461179758127323)Node21:0.002452801416701826,cluster_34_67:0)Node20:0,cluster_38_83:0.004936896566639318)Node19:0,cluster_42_41:0.00495707801912278)Node18:0,cluster_45_18:0.002486011528815818)Node17:0,cluster_47_20:0.02243240920494607)Node16:0,(cluster_53_46:0.01003320463438902,cluster_55_19:0.004950945187478313)Node45:0)Node15:0,cluster_57_15:0.02068468114132974)Node14:0,cluster_58_30:0.002466417660144215)Node13:0,cluster_75_13:0.009994314214396277)Node12:0,(cluster_89_10:0,cluster_90_14:0.004930266580523066)Node51:0)Node11:0,cluster_93_11:0.00744567784660751)Node10:0,cluster_102_14:0.004957032250218834)Node9:0.002459433456039546,cluster_103_10:0.004953877189726904)Node8:0,cluster_107_10:0.007465937887232185)Node7:0,cluster_115_10:0)Node6:0,cluster_119_13:0.009966605269111176)Node5:0,cluster_131_16:0.002457968296675082)Node4:0,cluster_143_10:0.002453097354554534)Node3:0,cluster_177_10:0.01638786051189598)Node2:0,cluster_192_10:0.004924467145745931)Node1:0.002459479163880859,cluster_259_15:0,cluster_339_18:0.007515524584627176)", 
   "S": "((((((((((((((((((((((((((((((cluster_0_266:0,cluster_2_176:0)Node29:0,cluster_3_451:0)Node28:0,cluster_5_30:0.005780867348906767)Node27:0.003747987196853395,cluster_8_27:0)Node26:0,cluster_9_103:0)Node25:0.0037487272020683,cluster_19_10:0)Node24:0,cluster_22_37:0)Node23:0,cluster_24_261:0)Node22:0,cluster_29_11:0.002619311846360956)Node21:0,cluster_34_67:0)Node20:0,cluster_38_83:0)Node19:0,cluster_42_41:0)Node18:0,cluster_45_18:0)Node17:0,cluster_47_20:0)Node16:0,(cluster_53_46:0,cluster_55_19:0)Node45:0.0026160376665654)Node15:0,cluster_57_15:0.002060567337701778)Node14:0,cluster_58_30:0)Node13:0,cluster_75_13:0.005256952985618502)Node12:0,(cluster_89_10:0,cluster_90_14:0)Node51:0)Node11:0,cluster_93_11:0)Node10:0,cluster_102_14:0.00261905569688778)Node9:0,cluster_103_10:0.002613697329096111)Node8:0,cluster_107_10:0.002629062141713766)Node7:0,cluster_115_10:0.005294303372874946)Node6:0,cluster_119_13:0)Node5:0,cluster_131_16:0.002626996019819887)Node4:0,cluster_143_10:0.002631473624539481)Node3:0,cluster_177_10:0.00388850267447987)Node2:0,cluster_192_10:0)Node1:0,cluster_259_15:0.002622154420019345,cluster_339_18:0)"
  }, 
  "omega": 1.095419738634577
 }, 
 "120-330": {
  "BranchLength": {
   "NS": 0.005282983257540375, 
   "S": 0
  }, 
  "Diversity": {
   "NS": 0.007529967407644328, 
   "S": 0
  }, 
  "Tree": {
   "Combined": "((((cluster_0_391:0.01423640724025908,cluster_2_993:0)Node3:0.004678405682969781,cluster_4_674:0)Node2:0,cluster_6_38:0.01444397700208637)Node1:0,cluster_11_65:0.009421155483517242,cluster_12_34:0.004766903909030902)", 
   "NS": "((((cluster_0_391:0.01423640724025908,cluster_2_993:0)Node3:0.004678405682969781,cluster_4_674:0)Node2:0,cluster_6_38:0.01444397700208637)Node1:0,cluster_11_65:0.009421155483517242,cluster_12_34:0.004766903909030902)", 
   "S": "((((cluster_0_391:0,cluster_2_993:0)Node3:0,cluster_4_674:0)Node2:0,cluster_6_38:0)Node1:0,cluster_11_65:0,cluster_12_34:0)"
  }, 
  "omega": 42.25402267972156
 }, 
 "150-360": {
  "BranchLength": {
   "NS": 0.003372448363851734, 
   "S": 0.0005515707524226929
  }, 
  "Diversity": {
   "NS": 0.002794279127921317, 
   "S": 0.00010684055748989
  }, 
  "Tree": {
   "Combined": "((cluster_1_955:0,cluster_3_641:0.004813533067362604)Node1:0,cluster_9_42:0.004838200575180529,cluster_11_33:0.009968361938829001)", 
   "NS": "((cluster_1_955:0,cluster_3_641:0.004813533067362604)Node1:0,cluster_9_42:0.004838200575180529,cluster_11_33:0.007210508176715535)", 
   "S": "((cluster_1_955:0,cluster_3_641:0)Node1:0,cluster_9_42:0,cluster_11_33:0.002757853762113464)"
  }, 
  "omega": 9.197663533802318
 }, 
 "180-390": {
  "BranchLength": {
   "NS": 0.004082750855823158, 
   "S": 0
  }, 
  "Diversity": {
   "NS": 0.006395819856908382, 
   "S": 0
  }, 
  "Tree": {
   "Combined": "(((cluster_1_922:0,cluster_3_331:0.01434649913393805)Node2:0,cluster_4_50:0.004728048031067908)Node1:0,cluster_9_166:0.004749164004541849,cluster_12_40:0.004755544821214297)", 
   "NS": "(((cluster_1_922:0,cluster_3_331:0.01434649913393805)Node2:0,cluster_4_50:0.004728048031067908)Node1:0,cluster_9_166:0.004749164004541849,cluster_12_40:0.004755544821214297)", 
   "S": "(((cluster_1_922:0,cluster_3_331:0)Node2:0,cluster_4_50:0)Node1:0,cluster_9_166:0,cluster_12_40:0)"
  }, 
  "omega": 39.52319544616862
 }, 
 "210-420": {
  "BranchLength": {
   "NS": 0.003978642474326447, 
   "S": 0.0003441437303341808
  }, 
  "Diversity": {
   "NS": 0.005861056544072661, 
   "S": 0.0001349669586344413
  }, 
  "Tree": {
   "Combined": "((((cluster_0_918:0,cluster_2_241:0.01452182439988328)Node3:0,cluster_3_43:0.004778288789926617)Node2:0,cluster_10_164:0.004804388531872156)Node1:0,cluster_13_39:0.004800753597625184,cluster_15_32:0.00999982052263841)", 
   "NS": "((((cluster_0_918:0,cluster_2_241:0.01452182439988328)Node3:0,cluster_3_43:0.004778288789926617)Node2:0,cluster_10_164:0.004804388531872156)Node1:0,cluster_13_39:0.004800753597625184,cluster_15_32:0.006902526949630783)", 
   "S": "((((cluster_0_918:0,cluster_2_241:0)Node3:0,cluster_3_43:0)Node2:0,cluster_10_164:0)Node1:0,cluster_13_39:0,cluster_15_32:0.003097293573007627)"
  }, 
  "omega": 28.79886790677102
 }, 
 "240-450": {
  "BranchLength": {
   "NS": 0.00436217124859444, 
   "S": 0
  }, 
  "Diversity": {
   "NS": 0.00621661531083204, 
   "S": 0
  }, 
  "Tree": {
   "Combined": "((((cluster_0_915:0.004858271074027812,cluster_2_231:0.009814529878485851)Node3:0,cluster_10_161:0)Node2:0,cluster_13_38:0.009859081226096139)Node1:0,cluster_14_33:0.004910673177130524,cluster_29_43:0.009816985881609641)",