{
 "117-528": {
  "BranchLength": {
   "NS": 0.002653693303766897, 
   "S": 0.0009431575495943952
  }, 
  "Diversity": {
   "NS": 0.006226612177014459, 
   "S": 0.001270675611383566
  }, 
  "Tree": {
   "Combined": "(((((((((((((((((((((((((((cluster_1_29249:0,cluster_2_295:0.00518773740943131)Node26:0,cluster_3_1210:0.00762269937111652)Node25:0,cluster_4_1210:0.005175554758092778)Node24:0,cluster_5_392:0.002463441471566256)Node23:0,cluster_6_2848:0.02011044742075727)Node22:0,cluster_7_227:0.00494357845637108)Node21:0,cluster_13_223:0.0056762027609104)Node20:0.008428608277983186,cluster_16_397:0.007583216725935538)Node19:0,cluster_17_287:0.002746753795433449)Node18:0,cluster_22_127:0.02025776063434423)Node17:0,cluster_27_454:0.002432148071643319)Node16:0,(cluster_28_320:0.01004261032450425,cluster_31_148:0.01310878614524449)Node39:0)Node15:0,cluster_32_286:0.007400557360884402)Node14:0,cluster_35_122:0.005234644352675589)Node13:0,cluster_36_477:0.004928694139333618)Node12:0,(cluster_40_339:0.002449933482446422,cluster_44_129:0.007395087485888959)Node45:0)Node11:0,cluster_45_241:0.007825052275593089)Node10:0,cluster_58_419:0.00975555919632724)Node9:0,cluster_63_334:0.002435597099266122)Node8:0,cluster_66_141:0.005219429140386155)Node7:0,cluster_67_157:0.00537604975648349)Node6:0,cluster_76_214:0.002746532900830958)Node5:0,cluster_97_269:0.002432676887965837)Node4:0.0006129233034006326,cluster_98_175:0.002746448978683909)Node3:0.000776932886013974,cluster_120_134:0.002459519297714601)Node2:0.006210503768467303,cluster_135_154:0.0131513634538385)Node1:0,cluster_485_196:0.002422925204492732,cluster_879_386:0.004854223754288686)", 
   "NS": "(((((((((((((((((((((((((((cluster_1_29249:0,cluster_2_295:0.002441574948990648)Node26:0,cluster_3_1210:0.004853032814514499)Node25:0,cluster_4_1210:0.002431096827334731)Node24:0,cluster_5_392:0.002463441471566256)Node23:0,cluster_6_2848:0.0166408971172914)Node22:0,cluster_7_227:0.00494357845637108)Node21:0,cluster_13_223:0.002927638861102516)Node20:0.008428608277983186,cluster_16_397:0.004866751256118882)Node19:0,cluster_17_287:0)Node18:0,cluster_22_127:0.01676790502397601)Node17:0,cluster_27_454:0.002432148071643319)Node16:0,(cluster_28_320:0.01004261032450425,cluster_31_148:0.007524525629010326)Node39:0)Node15:0,cluster_32_286:0.007400557360884402)Node14:0,cluster_35_122:0.002476501644931163)Node13:0,cluster_36_477:0.004928694139333618)Node12:0,(cluster_40_339:0.002449933482446422,cluster_44_129:0.007395087485888959)Node45:0)Node11:0,cluster_45_241:0.002790176409839152)Node10:0,cluster_58_419:0.00975555919632724)Node9:0,cluster_63_334:0.002435597099266122)Node8:0,cluster_66_141:0.002473005315827113)Node7:0,cluster_67_157:0.00537604975648349)Node6:0,cluster_76_214:0)Node5:0,cluster_97_269:0.002432676887965837)Node4:0.0005876915327903924,cluster_98_175:0)Node3:0.0007056703936312391,cluster_120_134:0.002459519297714601)Node2:0.003571836615029883,cluster_135_154:0.005288390264698826)Node1:0,cluster_485_196:0.002422925204492732,cluster_879_386:0.004854223754288686)", 
   "S": "(((((((((((((((((((((((((((cluster_1_29249:0,cluster_2_295:0.002746162460440664)Node26:0,cluster_3_1210:0.002769666556602021)Node25:0,cluster_4_1210:0.002744457930758048)Node24:0,cluster_5_392:0)Node23:0,cluster_6_2848:0.00346955030346587)Node22:0,cluster_7_227:0)Node21:0,cluster_13_223:0.002748563899807882)Node20:0,cluster_16_397:0.002716465469816657)Node19:0,cluster_17_287:0.002746753795433449)Node18:0,cluster_22_127:0.003489855610368217)Node17:0,cluster_27_454:0)Node16:0,(cluster_28_320:0,cluster_31_148:0.005584260516234165)Node39:0)Node15:0,cluster_32_286:0)Node14:0,cluster_35_122:0.002758142707744425)Node13:0,cluster_36_477:0)Node12:0,(cluster_40_339:0,cluster_44_129:0)Node45:0)Node11:0,cluster_45_241:0.005034875865753937)Node10:0,cluster_58_419:0)Node9:0,cluster_63_334:0)Node8:0,cluster_66_141:0.002746423824559044)Node7:0,cluster_67_157:0)Node6:0,cluster_76_214:0.002746532900830958)Node5:0,cluster_97_269:0)Node4:2.52317706102402e-05,cluster_98_175:0.002746448978683909)Node3:7.126249238273504e-05,cluster_120_134:0)Node2:0.002638667153437419,cluster_135_154:0.007862973189139675)Node1:0,cluster_485_196:0,cluster_879_386:0)"
  }, 
  "omega": 0.8557215150916587
 }, 
 "120-330": {
  "BranchLength": {
   "NS": 0.001894494358535502, 
   "S": 0.0004204869794161853
  }, 
  "Diversity": {
   "NS": 0.000802118888960252, 
   "S": 0.0001535235712162678
  }, 
  "Tree": {
   "Combined": "((((((((((((((((cluster_0_106:0,cluster_1_43003:0)Node15:0,cluster_2_521:0.004715779867323498)Node14:0,cluster_3_319:0.009505587637260964)Node13:0,cluster_5_38:0.004768956926414515)Node12:0,(cluster_7_42:0,cluster_8_613:0.00470674054560179)Node21:0)Node11:0,cluster_9_472:0.009661112512620517)Node10:0,cluster_11_615:0.004715779847599899)Node9:0,cluster_13_85:0.004720731209372451)Node8:0,cluster_14_481:0.004729228621261118)Node7:0,cluster_15_185:0.004757419094473182)Node6:0,cluster_16_239:0.004905741689448478)Node5:0,cluster_18_145:0)Node4:0,cluster_24_56:0)Node3:0,cluster_25_159:0.004729980144748129)Node2:0.004758311358753638,cluster_43_102:0)Node1:0,cluster_67_32:0.00962171812831328,cluster_71_36:0.004727259245117617)", 
   "NS": "((((((((((((((((cluster_0_106:0,cluster_1_43003:0)Node15:0,cluster_2_521:0.004715779867323498)Node14:0,cluster_3_319:0.009505587637260964)Node13:0,cluster_5_38:0.004768956926414515)Node12:0,(cluster_7_42:0,cluster_8_613:0.00470674054560179)Node21:0)Node11:0,cluster_9_472:0.004729989434253487)Node10:0,cluster_11_615:0.004715779847599899)Node9:0,cluster_13_85:0.004720731209372451)Node8:0,cluster_14_481:0.004729228621261118)Node7:0,cluster_15_185:0.004757419094473182)Node6:0,cluster_16_239:0)Node5:0,cluster_18_145:0)Node4:0,cluster_24_56:0)Node3:0,cluster_25_159:0.004729980144748129)Node2:0.004758311358753638,cluster_43_102:0)Node1:0,cluster_67_32:0.004741538616562292,cluster_71_36:0.004727259245117617)", 
   "S": "((((((((((((((((cluster_0_106:0,cluster_1_43003:0)Node15:0,cluster_2_521:0)Node14:0,cluster_3_319:0)Node13:0,cluster_5_38:0)Node12:0,(cluster_7_42:0,cluster_8_613:0)Node21:0)Node11:0,cluster_9_472:0.004931123078367025)Node10:0,cluster_11_615:0)Node9:0,cluster_13_85:0)Node8:0,cluster_14_481:0)Node7:0,cluster_15_185:0)Node6:0,cluster_16_239:0.004905741689448478)Node5:0,cluster_18_145:0)Node4:0,cluster_24_56:0)Node3:0,cluster_25_159:0)Node2:0,cluster_43_102:0)Node1:0,cluster_67_32:0.004880179511750984,cluster_71_36:0)"
  }, 
  "omega": 1.637772461984254
 }, 
 "150-360": {
  "BranchLength": {
   "NS": 0.003129693746435424, 
   "S": 0.001066747807523943
  }, 
  "Diversity": {
   "NS": 0.00292524207463272, 
   "S": 0.0001803144477383911
  }, 
  "Tree": {
   "Combined": "(((((((((((((((cluster_0_42075:0,cluster_1_522:0.004857348905311999)Node14:0.004858688136449855,cluster_2_332:0.004864370544127121)Node13:0,cluster_4_35:0)Node12:0,(cluster_5_611:0.004794289054941589,cluster_6_107:0.02027278355172322)Node19:0.008739542007021364)Node11:0,cluster_7_72:0)Node10:0.008598270859765679,cluster_8_273:0.02665210668672957)Node9:0,cluster_9_193:0.01016128150981707)Node8:0,cluster_10_190:0.004888267855293065)Node7:0,cluster_12_241:0.005096399438970836)Node6:0,cluster_16_58:0.005084987761403258)Node5:0,cluster_20_66:0)Node4:0,cluster_21_62:0.005046167957941566)Node3:0,cluster_25_52:0)Node2:0,cluster_32_61:0.01486447094190686)Node1:0.004863274289753473,cluster_49_1303:0,cluster_71_40:0.004840321779502595)",