{
 "180-390": {
  "BranchLength": {
   "NS": 0.0009370607030907583, 
   "S": 0.003524668244492683
  }, 
  "Diversity": {
   "NS": 0.0006612177062699232, 
   "S": 0.01103257289103158
  }, 
  "Tree": {
   "Combined": "((((((((((((((((cluster_0_384:0.005404030674698516,cluster_1_400:0.01066570166181495)Node15:0,cluster_2_4995:0)Node14:0,cluster_3_192:0.009954747160665597)Node13:0,cluster_4_3816:0.0165015694408538)Node12:0,(cluster_5_190:0.004684369628662478,cluster_6_700:0.01077828514936356)Node21:0)Node11:0,cluster_7_125:0.004698364092628137)Node10:0,cluster_8_54:0.01008016530963662)Node9:0,cluster_9_239:0.005347795115676933)Node8:0,cluster_13_186:0.01016696856631458)Node7:0,cluster_16_83:0.01103164994375139)Node6:0,cluster_18_514:0.005230122798700732)Node5:0,cluster_20_70:0.005287448117923435)Node4:0,cluster_23_44:0.005347796009898151)Node3:0.005301107138351132,cluster_25_69:0.009880463228722264)Node2:0,cluster_26_60:0.009954747160121548)Node1:0,cluster_33_60:0,cluster_34_83:0.01584518196763661)", 
   "NS": "((((((((((((((((cluster_0_384:0,cluster_1_400:0)Node15:0,cluster_2_4995:0)Node14:0,cluster_3_192:0.004684459518421002)Node13:0,cluster_4_3816:0)Node12:0,(cluster_5_190:0.004684369628662478,cluster_6_700:0)Node21:0)Node11:0,cluster_7_125:0.004698364092628137)Node10:0,cluster_8_54:0.004682716177020655)Node9:0,cluster_9_239:0)Node8:0,cluster_13_186:0.004691818651403568)Node7:0,cluster_16_83:0)Node6:0,cluster_18_514:0)Node5:0,cluster_20_70:0)Node4:0,cluster_23_44:0)Node3:0,cluster_25_69:0.004670937021302875)Node2:0,cluster_26_60:0.004684459518737827)Node1:0,cluster_33_60:0,cluster_34_83:0)", 
   "S": "((((((((((((((((cluster_0_384:0.005404030674698516,cluster_1_400:0.01066570166181495)Node15:0,cluster_2_4995:0)Node14:0,cluster_3_192:0.005270287642244592)Node13:0,cluster_4_3816:0.0165015694408538)Node12:0,(cluster_5_190:0,cluster_6_700:0.01077828514936356)Node21:0)Node11:0,cluster_7_125:0)Node10:0,cluster_8_54:0.005397449132615962)Node9:0,cluster_9_239:0.005347795115676933)Node8:0,cluster_13_186:0.005475149914911006)Node7:0,cluster_16_83:0.01103164994375139)Node6:0,cluster_18_514:0.005230122798700732)Node5:0,cluster_20_70:0.005287448117923435)Node4:0,cluster_23_44:0.005347796009898151)Node3:0.005301107138351132,cluster_25_69:0.005209526207419386)Node2:0,cluster_26_60:0.005270287641383719)Node1:0,cluster_33_60:0,cluster_34_83:0.01584518196763661)"
  }, 
  "omega": 0.0891792165773692
 }, 
 "180-429": {
  "BranchLength": {
   "NS": 0.0006282482469516156, 
   "S": 0.003910079249643049
  }, 
  "Diversity": {
   "NS": 0.0005087129789624963, 
   "S": 0.01092683897986175
  }, 
  "Tree": {
   "Combined": "((((((((((((((((((((((((((cluster_0_320:0.004556643428176071,cluster_1_323:0.009053044118511638)Node25:0,cluster_2_4296:0)Node24:0,cluster_3_133:0.01288813672808137)Node23:0,cluster_4_3388:0.01396881188261519)Node22:0,cluster_5_100:0.003978862839209741)Node21:0,cluster_6_610:0.009120984052945752)Node20:0,cluster_7_36:0.003985380356040887)Node19:0,cluster_8_43:0.01311264642668462)Node18:0,cluster_9_40:0.009129374471019944)Node17:0,cluster_10_206:0.004521755870617968)Node16:0,(cluster_15_162:0.008589680622199388,cluster_18_73:0.009302506755625268)Node37:0)Node15:0,cluster_20_277:0.004438479284985028)Node14:0.004441557409378254,cluster_23_82:0.003976435213822917)Node13:0,cluster_25_162:0.004330941791278659)Node12:0,(cluster_27_37:0.009061315681169422,cluster_29_51:0.008825193011811864)Node43:0)Node11:0,cluster_30_298:0)Node10:0,cluster_31_46:0.01288813709606849)Node9:0,cluster_32_55:0.01269824207772095)Node8:0,cluster_34_130:0.0136018833640569)Node7:0,cluster_35_67:0.003982939404429751)Node6:0,cluster_38_39:0.004364561045904464)Node5:0.004462110888032046,cluster_51_47:0.004542447476338141)Node4:0,cluster_54_65:0.01899901093853514)Node3:0,cluster_61_33:0.01800560374282363)Node2:0,cluster_74_32:0.004501587852985251)Node1:0,cluster_78_42:0.0188392263541689,cluster_130_33:0.004517167120658136)", 
   "NS": "((((((((((((((((((((((((((cluster_0_320:0,cluster_1_323:0)Node25:0,cluster_2_4296:0)Node24:0,cluster_3_133:0.003977631422853722)Node23:0,cluster_4_3388:0)Node22:0,cluster_5_100:0.003978862839209741)Node21:0,cluster_6_610:0)Node20:0,cluster_7_36:0.003985380356040887)Node19:0,cluster_8_43:0.003975843666303001)Node18:0,cluster_9_40:0)Node17:0,cluster_10_206:0)Node16:0,(cluster_15_162:0.003985031591292543,cluster_18_73:0)Node37:0)Node15:0,cluster_20_277:0)Node14:0,cluster_23_82:0.003976435213822917)Node13:0,cluster_25_162:0)Node12:0,(cluster_27_37:0,cluster_29_51:0)Node43:0)Node11:0,cluster_30_298:0)Node10:0,cluster_31_46:0.0039776314276357)Node9:0,cluster_32_55:0.003970394154653824)Node8:0,cluster_34_130:0)Node7:0,cluster_35_67:0.003982939404429751)Node6:0,cluster_38_39:0)Node5:0,cluster_51_47:0)Node4:0,cluster_54_65:0)Node3:0,cluster_61_33:0)Node2:0,cluster_74_32:0)Node1:0,cluster_78_42:0,cluster_130_33:0)", 
   "S": "((((((((((((((((((((((((((cluster_0_320:0.004556643428176071,cluster_1_323:0.009053044118511638)Node25:0,cluster_2_4296:0)Node24:0,cluster_3_133:0.008910505305227651)Node23:0,cluster_4_3388:0.01396881188261519)Node22:0,cluster_5_100:0)Node21:0,cluster_6_610:0.009120984052945752)Node20:0,cluster_7_36:0)Node19:0,cluster_8_43:0.009136802760381616)Node18:0,cluster_9_40:0.009129374471019944)Node17:0,cluster_10_206:0.004521755870617968)Node16:0,(cluster_15_162:0.004604649030906849,cluster_18_73:0.009302506755625268)Node37:0)Node15:0,cluster_20_277:0.004438479284985028)Node14:0.004441557409378254,cluster_23_82:0)Node13:0,cluster_25_162:0.004330941791278659)Node12:0,(cluster_27_37:0.009061315681169422,cluster_29_51:0.008825193011811864)Node43:0)Node11:0,cluster_30_298:0)Node10:0,cluster_31_46:0.008910505668432789)Node9:0,cluster_32_55:0.00872784792306713)Node8:0,cluster_34_130:0.0136018833640569)Node7:0,cluster_35_67:0)Node6:0,cluster_38_39:0.004364561045904464)Node5:0.004462110888032046,cluster_51_47:0.004542447476338141)Node4:0,cluster_54_65:0.01899901093853514)Node3:0,cluster_61_33:0.01800560374282363)Node2:0,cluster_74_32:0.004501587852985251)Node1:0,cluster_78_42:0.0188392263541689,cluster_130_33:0.004517167120658136)"
  }, 
  "omega": 0.05525773618339389
 }, 
 "210-420": {
  "BranchLength": {
   "NS": 0.0007424116051624107, 
   "S": 0.004470416790139931
  }, 
  "Diversity": {
   "NS": 0.0005934734172229662, 
   "S": 0.01275549459079466
  }, 
  "Tree": {
   "Combined": "(((((((((((((((((((((((cluster_0_302:0.00535967245686533,cluster_1_303:0.01057319408390733)Node22:0,cluster_2_3962:0)Node21:0,cluster_3_126:0.01510345145901246)Node20:0,cluster_4_3165:0.01645500396425947)Node19:0,cluster_5_91:0.004733440884176301)Node18:0,cluster_6_566:0.01070856212279559)Node17:0,cluster_8_45:0.01540328022843519)Node16:0,(cluster_9_40:0.01072166115023667,cluster_10_196:0.005291833138899235)Node31:0)Node15:0,cluster_14_156:0.01014341138503462)Node14:0,cluster_16_62:0.01098182114515086)Node13:0,cluster_17_267:0.005167845753313933)Node12:0.005173921878770247,(cluster_20_75:0.00472989649739947,cluster_22_163:0.004995119168898555)Node37:0)Node11:0,cluster_24_34:0.01058597205682532)Node10:0,cluster_26_50:0.01020653195795452)Node9:0,cluster_27_284:0)Node8:0,cluster_28_44:0.01510345145838326)Node7:0,cluster_29_54:0.01479950887299571)Node6:0,cluster_31_131:0.01585439817161315)Node5:0,cluster_32_67:0.004741339262186021)Node4:0,cluster_35_37:0.005061790554896617)Node3:0.006097074997960018,cluster_47_53:0.004748561981438522)Node2:0,cluster_50_62:0.02225210541897723)Node1:0.005499941173116116,cluster_57_32:0.01536145693691767,cluster_62_33:0)",