{
 "120-330": {
  "BranchLength": {
   "NS": 0, 
   "S": 0
  }, 
  "Diversity": {
   "NS": 0, 
   "S": 0
  }, 
  "Tree": "", 
  "omega": 0
 }, 
 "171-657": {
  "BranchLength": {
   "NS": 0.0003989530453158653, 
   "S": 0.003126989462518717
  }, 
  "Diversity": {
   "NS": 0.002408608951069089, 
   "S": 0.02140673929392579
  }, 
  "Tree": {
   "Combined": "((((((((((((((((((((((((((((((((((((((((((((((((((((((((((((((((((((((((((cluster_0_2598:0.004652187777339673,cluster_1_52:0.00229534911997671)Node73:0,cluster_5_23:0.01362795378797889)Node72:0,cluster_10_10:0.01344089787289224)Node71:0,cluster_13_11:0.002297730932396716)Node70:0.006895708544050977,cluster_16_45:0.00439313122356804)Node69:0,cluster_19_36:0.004416984089831284)Node68:0,cluster_20_30:0.009383478753931435)Node67:0,cluster_21_61:0.02858436968988946)Node66:0,cluster_22_280:0.006920093227502872)Node65:0,cluster_24_32:0.008947147405462269)Node64:0,cluster_28_99:0)Node63:0,cluster_29_75:0.004575231439384692)Node62:0,cluster_30_19:0.01142396614354076)Node61:0,cluster_33_236:0.003701135122474397)Node60:0,cluster_35_332:0.009296289728038535)Node59:0.008285746627191835,cluster_37_104:0.00541201946235382)Node58:0,cluster_38_177:0.01357580528505716)Node57:0,cluster_43_33:0.005328768450518843)Node56:0.006173713240790181,cluster_44_25:0.004574518550228523)Node55:0,cluster_46_24:0.006928980896310807)Node54:0,cluster_48_13:0)Node53:0,cluster_49_41:0.004583031112352969)Node52:0,cluster_53_124:0.01132418037499228)Node51:0,cluster_55_11:0.008968802125375038)Node50:0.002276339281767194,cluster_60_151:0.01176023010550627)Node49:0,cluster_61_18:0.004615444827661103)Node48:0,cluster_64_19:0.004588102430629636)Node47:0,cluster_68_238:0.002283341645105701)Node46:0,cluster_69_11:0.007056750343572116)Node45:0,cluster_70_57:0.004591657369992552)Node44:0,cluster_71_22:0.00463129440184261)Node43:0,cluster_72_108:0)Node42:0,(cluster_74_10:0.002285865029142898,cluster_75_125:0.002285865028706899)Node107:0)Node41:0,cluster_78_11:0.006967401504297307)Node40:0,cluster_79_73:0.004418171130845273)Node39:0,cluster_81_17:0.007029789245433716)Node38:0,cluster_82_17:0.004598534761539273)Node37:0,cluster_84_86:0.00230162060269093)Node36:0,cluster_86_55:0.006986059926894547)Node35:0,cluster_89_31:0.004635204040562443)Node34:0,cluster_98_637:0.007105261690893441)Node33:0,cluster_101_127:0.004696060557282564)Node32:0,cluster_102_25:0.007104386637368175)Node31:0.00055033618383717,cluster_105_13:0.004650343813019265)Node30:0.0008266410672770501,cluster_106_33:0.002319683278417851)Node29:0.0006838124446375159,cluster_113_37:0.01410186539775864)Node28:0.003133621155058723,cluster_114_215:0.00623376862584805)Node27:0,cluster_115_212:0.003109334029447967)Node26:0,cluster_116_86:0.00458041675278287)Node25:0,cluster_117_18:0.01324314404705182)Node24:6.128009317228695e-05,cluster_118_41:0.004642522651653777)Node23:0.001588460887107852,cluster_119_31:0.01364859238088776)Node22:0,cluster_120_62:0.009372280015849131)Node21:0,cluster_121_62:0.004631488397417326)Node20:0,cluster_122_43:0.003837262489055899)Node19:0,cluster_124_85:0.00464315509253433)Node18:0,cluster_125_23:0.003835732923764925)Node17:0,cluster_126_14:0.01425520832689029)Node16:0,(cluster_127_121:0.004622152217880617,cluster_129_12:0.008516414896137041)Node135:0)Node15:0,cluster_133_44:0.003858277401168273)Node14:0,cluster_135_32:0.004602872882613507)Node13:0.002461177143964837,cluster_139_32:0)Node12:0,(cluster_147_23:0.009375639832172569,cluster_149_19:0.007752910642886846)Node141:0)Node11:0,cluster_156_11:0.004642764814188187)Node10:0,cluster_157_24:0.004653398332026132)Node9:0,cluster_161_11:0.01327548563918966)Node8:0,cluster_167_18:0.009536160538513062)Node7:0,cluster_175_19:0.009434556736252639)Node6:0,cluster_182_27:0.006796293717632067)Node5:0,cluster_217_15:0.009522726309166689)Node4:0,cluster_220_11:0.004683494577964471)Node3:0,cluster_221_29:0.009569738623681474)Node2:0,cluster_225_13:0.004690263610937294)Node1:0,cluster_261_52:0.002353209199349355,cluster_338_17:0)", 
   "NS": "((((((((((((((((((((((((((((((((((((((((((((((((((((((((((((((((((((((((((cluster_0_2598:0,cluster_1_52:0)Node73:0,cluster_5_23:0)Node72:0,cluster_10_10:0)Node71:0,cluster_13_11:0)Node70:0,cluster_16_45:0)Node69:0,cluster_19_36:0)Node68:0,cluster_20_30:0)Node67:0,cluster_21_61:0.003398220159384721)Node66:0,cluster_22_280:0)Node65:0,cluster_24_32:0.002034208040230431)Node64:0,cluster_28_99:0)Node63:0,cluster_29_75:0)Node62:0,cluster_30_19:0.007163202158130717)Node61:0,cluster_33_236:0.003701135122474397)Node60:0,cluster_35_332:0)Node59:0.00230759721628543,cluster_37_104:0)Node58:0,cluster_38_177:0)Node57:0,cluster_43_33:0)Node56:0,cluster_44_25:0)Node55:0,cluster_46_24:0)Node54:0,cluster_48_13:0)Node53:0,cluster_49_41:0)Node52:0,cluster_53_124:0.002039675301249816)Node51:0,cluster_55_11:0.002039892890795523)Node50:0,cluster_60_151:0)Node49:0,cluster_61_18:0)Node48:0,cluster_64_19:0)Node47:0,cluster_68_238:0)Node46:0,cluster_69_11:0)Node45:0,cluster_70_57:0)Node44:0,cluster_71_22:0)Node43:0,cluster_72_108:0)Node42:0,(cluster_74_10:0,cluster_75_125:0)Node107:0)Node41:0,cluster_78_11:0)Node40:0,cluster_79_73:0)Node39:0,cluster_81_17:0)Node38:0,cluster_82_17:0)Node37:0,cluster_84_86:0)Node36:0,cluster_86_55:0)Node35:0,cluster_89_31:0)Node34:0,cluster_98_637:0)Node33:0,cluster_101_127:0)Node32:0,cluster_102_25:0)Node31:0.00055033618383717,cluster_105_13:0)Node30:0.0008266410672770501,cluster_106_33:0)Node29:0.0006838124446375159,cluster_113_37:0)Node28:0,cluster_114_215:0)Node27:0,cluster_115_212:0)Node26:0,cluster_116_86:0)Node25:0,cluster_117_18:0.003877179533053089)Node24:0,cluster_118_41:0)Node23:0,cluster_119_31:0.004149282037466625)Node22:0,cluster_120_62:0)Node21:0,cluster_121_62:0)Node20:0,cluster_122_43:0.003837262489055899)Node19:0,cluster_124_85:0)Node18:0,cluster_125_23:0.003835732923764925)Node17:0,cluster_126_14:0)Node16:0,(cluster_127_121:0,cluster_129_12:0.003876352940735586)Node135:0)Node15:0,cluster_133_44:0.003858277401168273)Node14:0,cluster_135_32:0)Node13:0,cluster_139_32:0)Node12:0,(cluster_147_23:0,cluster_149_19:0.007752910642886846)Node141:0)Node11:0,cluster_156_11:0)Node10:0,cluster_157_24:0)Node9:0,cluster_161_11:0.003838381066685502)Node8:0,cluster_167_18:0)Node7:0,cluster_175_19:0)Node6:0,cluster_182_27:0.0020676224048396)Node5:0,cluster_217_15:0)Node4:0,cluster_220_11:0)Node3:0,cluster_221_29:0)Node2:0,cluster_225_13:0)Node1:0,cluster_261_52:0,cluster_338_17:0)",