{
 "180-390": {
  "BranchLength": {
   "NS": 0.002041411579060387, 
   "S": 0.002078387906662871
  }, 
  "Diversity": {
   "NS": 0.004690591283235356, 
   "S": 0.007029510890486073
  }, 
  "Tree": {
   "Combined": "(((((((((((cluster_0_3045:0.005270025637800337,cluster_1_1980:0.004690395502029186)Node10:0,cluster_2_623:0.009891176345419318)Node9:0.005270024729435436,cluster_4_254:0.004689239396146921)Node8:0,cluster_5_183:0.004693206455978313)Node7:0,cluster_6_43:0.005270422711531501)Node6:0,cluster_7_535:0.01007341581209315)Node5:0,cluster_10_597:0.01003667854158995)Node4:0,cluster_12_45:0.005346518400886797)Node3:0,cluster_14_170:0.004690201550888877)Node2:0,cluster_15_44:0.009424032168942295)Node1:0,cluster_16_36:0.01003178370306385,cluster_26_36:0.005378267215828996)", 
   "NS": "(((((((((((cluster_0_3045:0,cluster_1_1980:0.004690395502029186)Node10:0,cluster_2_623:0.004671894330003781)Node9:0,cluster_4_254:0.004689239396146921)Node8:0,cluster_5_183:0.004693206455978313)Node7:0,cluster_6_43:0)Node6:0,cluster_7_535:0.004695116175156372)Node5:0,cluster_10_597:0.004690178141807569)Node4:0,cluster_12_45:0)Node3:0,cluster_14_170:0.004690201550888877)Node2:0,cluster_15_44:0.009424032168942295)Node1:0,cluster_16_36:0.004708202597435579,cluster_26_36:0)", 
   "S": "(((((((((((cluster_0_3045:0.005270025637800337,cluster_1_1980:0)Node10:0,cluster_2_623:0.005219282015415536)Node9:0.005270024729435436,cluster_4_254:0)Node8:0,cluster_5_183:0)Node7:0,cluster_6_43:0.005270422711531501)Node6:0,cluster_7_535:0.005378299636936774)Node5:0,cluster_10_597:0.005346500399782378)Node4:0,cluster_12_45:0.005346518400886797)Node3:0,cluster_14_170:0)Node2:0,cluster_15_44:0)Node1:0,cluster_16_36:0.005323581105628275,cluster_26_36:0.005378267215828996)"
  }, 
  "omega": 0.2864856820858635
 }, 
 "180-429": {
  "BranchLength": {
   "NS": 0.001697468548979773, 
   "S": 0.001769363975504096
  }, 
  "Diversity": {
   "NS": 0.004645443696311808, 
   "S": 0.005275291608828073
  }, 
  "Tree": {
   "Combined": "((((((((((((((((cluster_0_2763:0,cluster_1_1788:0.008556750870714985)Node15:0,(cluster_2_605:0.01326775518308788,cluster_4_252:0.003918690005245751)Node18:0)Node14:0,cluster_5_178:0.003918196992236942)Node13:0,cluster_6_46:0.004635187607973117)Node12:0,(cluster_7_494:0.008636554264816864,cluster_10_578:0.008617511498982409)Node23:0)Node11:0,cluster_12_45:0.004697374685444781)Node10:0,cluster_14_170:0.003920152375960317)Node9:0,cluster_15_182:0.003927300816423947)Node8:0,cluster_16_44:0.007862422801801328)Node7:0.003920177116644464,cluster_17_36:0.004675182317879652)Node6:0.004636021954968887,cluster_20_131:0)Node5:0,cluster_21_24:0.01335649509332735)Node4:0,cluster_24_59:0.003920013067939382)Node3:0,cluster_25_27:0.004638437515430178)Node2:0.008557592637886123,cluster_26_84:0)Node1:0.004713764001370449,cluster_30_38:0,cluster_33_37:0.007897222597768391)", 
   "NS": "((((((((((((((((cluster_0_2763:0,cluster_1_1788:0.003922111715749315)Node15:0,(cluster_2_605:0.00391314892765848,cluster_4_252:0.003918690005245751)Node18:0)Node14:0,cluster_5_178:0.003918196992236942)Node13:0,cluster_6_46:0)Node12:0,(cluster_7_494:0.00392276976565644,cluster_10_578:0.003920140439717391)Node23:0)Node11:0,cluster_12_45:0)Node10:0,cluster_14_170:0.003920152375960317)Node9:0,cluster_15_182:0.003927300816423947)Node8:0,cluster_16_44:0.007862422801801328)Node7:0.003920177116644464,cluster_17_36:0)Node6:0,cluster_20_131:0)Node5:0,cluster_21_24:0.003921878141322663)Node4:0,cluster_24_59:0.003920013067939382)Node3:0,cluster_25_27:0)Node2:0.003922111548126817,cluster_26_84:0)Node1:0,cluster_30_38:0,cluster_33_37:0.007897222597768391)", 
   "S": "((((((((((((((((cluster_0_2763:0,cluster_1_1788:0.00463463915496567)Node15:0,(cluster_2_605:0.009354606255429403,cluster_4_252:0)Node18:0)Node14:0,cluster_5_178:0)Node13:0,cluster_6_46:0.004635187607973117)Node12:0,(cluster_7_494:0.004713784499160424,cluster_10_578:0.004697371059265018)Node23:0)Node11:0,cluster_12_45:0.004697374685444781)Node10:0,cluster_14_170:0)Node9:0,cluster_15_182:0)Node8:0,cluster_16_44:0)Node7:0,cluster_17_36:0.004675182317879652)Node6:0.004636021954968887,cluster_20_131:0)Node5:0,cluster_21_24:0.009434616952004685)Node4:0,cluster_24_59:0)Node3:0,cluster_25_27:0.004638437515430178)Node2:0.004635481089759309,cluster_26_84:0)Node1:0.004713764001370449,cluster_30_38:0,cluster_33_37:0)"
  }, 
  "omega": 0.2946144073133619
 }, 
 "210-420": {
  "BranchLength": {
   "NS": 0.002228297375157389, 
   "S": 0.002031234362987339
  }, 
  "Diversity": {
   "NS": 0.00469430047409152, 
   "S": 0.007194229312559926
  }, 
  "Tree": {
   "Combined": "(((((((((cluster_0_2821:0.005474214374122738,cluster_1_1838:0.004700328491920773)Node8:0,cluster_2_581:0.010103370759987)Node7:0.0054742128241772,cluster_4_242:0.004701994098691715)Node6:0,cluster_5_169:0.004698721790263437)Node5:0,cluster_6_43:0.005475274622999071)Node4:0,cluster_7_493:0.01029841137622665)Node3:0,cluster_9_551:0.01028172190278488)Node2:0,cluster_11_43:0.005578709055084608)Node1:0,cluster_13_41:0.009441744932189662,cluster_16_156:0.004702398796302113)", 
   "NS": "(((((((((cluster_0_2821:0,cluster_1_1838:0.004700328491920773)Node8:0,cluster_2_581:0.004680286544820279)Node7:0,cluster_4_242:0.004701994098691715)Node6:0,cluster_5_169:0.004698721790263437)Node5:0,cluster_6_43:0)Node4:0,cluster_7_493:0.004709800853753091)Node3:0,cluster_9_551:0.004702374620049317)Node2:0,cluster_11_43:0)Node1:0,cluster_13_41:0.009441744932189662,cluster_16_156:0.004702398796302113)", 
   "S": "(((((((((cluster_0_2821:0.005474214374122738,cluster_1_1838:0)Node8:0,cluster_2_581:0.005423084215166712)Node7:0.0054742128241772,cluster_4_242:0)Node6:0,cluster_5_169:0)Node5:0,cluster_6_43:0.005475274622999071)Node4:0,cluster_7_493:0.005588610522473555)Node3:0,cluster_9_551:0.005579347282735559)Node2:0,cluster_11_43:0.005578709055084608)Node1:0,cluster_13_41:0,cluster_16_156:0)"
  }, 
  "omega": 0.3085456893463285
 }
}