{
 "117-528": {
  "BranchLength": {
   "NS": 0.009319704450382466, 
   "S": 0.005190325564329144
  }, 
  "Diversity": {
   "NS": 0.02314513602451355, 
   "S": 0.01375224260957093
  }, 
  "Tree": {
   "Combined": "(((((((((((((((((((((((((((cluster_2_46:0.005219261017134142,cluster_3_84:0.101515836283263)Node26:0.002504534664007554,cluster_4_356:0)Node25:0,cluster_5_491:0.005139812877394948)Node24:0,cluster_6_51:0.002550954663331935)Node23:0,cluster_7_67:0.007662139699894727)Node22:0,cluster_9_45:0.002448357257476736)Node21:0,cluster_10_12:0.007912139560141555)Node20:0,cluster_11_30:0.007504241646604491)Node19:0,cluster_12_103:0.1108919273984321)Node18:0,cluster_16_23:0.01023226011377715)Node17:0,cluster_24_12:0.1077475037322689)Node16:0,(cluster_26_15:0.1073583579861026,cluster_27_36:0.007564684648896453)Node39:0)Node15:0,cluster_34_25:0.005193511985772922)Node14:0,cluster_37_110:0.00504088360265909)Node13:0,cluster_43_84:0.002449121927609414)Node12:0,(cluster_48_37:0.002591841890017903,cluster_49_31:0.002459033151841484)Node45:0.00256905248232205)Node11:0,cluster_52_29:0.005180168299640711)Node10:0,cluster_55_32:0.08316352012447722)Node9:0.002423510073976528,cluster_78_29:0)Node8:0,cluster_79_10:0.01026331836328657)Node7:0,cluster_85_19:0.007673252278202535)Node6:0.002424207434588092,cluster_87_27:0.1052552263176928)Node5:0,cluster_92_16:0.005025993390578278)Node4:0,cluster_98_14:0.005179677000988637)Node3:0,cluster_149_10:0.01004937469905637)Node2:0,cluster_217_10:0.002446163596245117)Node1:0.0009980999766802698,cluster_273_12:0.107899542910321,cluster_357_42:0.001554259813301589)", 
   "NS": "(((((((((((((((((((((((((((cluster_2_46:0,cluster_3_84:0.07216243831231424)Node26:0.002504534664007554,cluster_4_356:0)Node25:0,cluster_5_491:0)Node24:0,cluster_6_51:0)Node23:0,cluster_7_67:0.00246852817372551)Node22:0,cluster_9_45:0.002448357257476736)Node21:0,cluster_10_12:0)Node20:0,cluster_11_30:0.0049520968331569)Node19:0,cluster_12_103:0.07539197924136344)Node18:0,cluster_16_23:0.002466465512425144)Node17:0,cluster_24_12:0.07536890953998855)Node16:0,(cluster_26_15:0.07495622304628136,cluster_27_36:0.002461853285468779)Node39:0)Node15:0,cluster_34_25:0)Node14:0,cluster_37_110:0.002467586945713565)Node13:0,cluster_43_84:0.002449121927609414)Node12:0,(cluster_48_37:0,cluster_49_31:0.002459033151841484)Node45:0)Node11:0,cluster_52_29:0)Node10:0,cluster_55_32:0.05365865759601662)Node9:0.002423510073976528,cluster_78_29:0)Node8:0,cluster_79_10:0.002480026448116057)Node7:0,cluster_85_19:0.002469311035940617)Node6:0.002424207434588092,cluster_87_27:0.07585846368058795)Node5:0,cluster_92_16:0.002470293462832064)Node4:0,cluster_98_14:0)Node3:0,cluster_149_10:0.007454050953236116)Node2:0,cluster_217_10:0.002446163596245117)Node1:0,cluster_273_12:0.07562075039965362,cluster_357_42:0)", 
   "S": "(((((((((((((((((((((((((((cluster_2_46:0.005219261017134142,cluster_3_84:0.02935339797094873)Node26:0,cluster_4_356:0)Node25:0,cluster_5_491:0.005139812877394948)Node24:0,cluster_6_51:0.002550954663331935)Node23:0,cluster_7_67:0.005193611526169214)Node22:0,cluster_9_45:0)Node21:0,cluster_10_12:0.007912139560141555)Node20:0,cluster_11_30:0.002552144813447593)Node19:0,cluster_12_103:0.03549994815706867)Node18:0,cluster_16_23:0.007765794601352013)Node17:0,cluster_24_12:0.03237859419228032)Node16:0,(cluster_26_15:0.03240213493982125,cluster_27_36:0.005102831363427672)Node39:0)Node15:0,cluster_34_25:0.005193511985772922)Node14:0,cluster_37_110:0.002573296656945526)Node13:0,cluster_43_84:0)Node12:0,(cluster_48_37:0.002591841890017903,cluster_49_31:0)Node45:0.00256905248232205)Node11:0,cluster_52_29:0.005180168299640711)Node10:0,cluster_55_32:0.02950486252846061)Node9:0,cluster_78_29:0)Node8:0,cluster_79_10:0.007783291915170514)Node7:0,cluster_85_19:0.005203941242261916)Node6:0,cluster_87_27:0.02939676263710485)Node5:0,cluster_92_16:0.002555699927746216)Node4:0,cluster_98_14:0.005179677000988637)Node3:0,cluster_149_10:0.002595323745820255)Node2:0,cluster_217_10:0)Node1:0.0009980999766802698,cluster_273_12:0.03227879251066738,cluster_357_42:0.001554259813301589)"
  }, 
  "omega": 0.4777828352557248
 }, 
 "120-330": {
  "BranchLength": {
   "NS": 0.008307214173766378, 
   "S": 0.007699063113755846
  }, 
  "Diversity": {
   "NS": 0.01541059020245794, 
   "S": 0.01503621210634752
  }, 
  "Tree": {
   "Combined": "(((((((((((((cluster_0_67:0.00471804202247163,cluster_1_105:0.08479902206874491)Node12:0.005235205612509434,cluster_2_657:0)Node11:0,cluster_3_832:0.00465135153546505)Node10:0,cluster_4_86:0.004558979321161957)Node9:0,cluster_5_110:0.01403750271754076)Node8:0,cluster_8_40:0.009404338571560743)Node7:0,cluster_9_123:0.1020285672644765)Node6:0,cluster_12_34:0.01419053976569983)Node5:0,cluster_19_39:0.0963367502501624)Node4:0,cluster_22_54:0.009367411504693945)Node3:0,cluster_25_38:0.009233610197749011)Node2:0,cluster_32_56:0.009324666768065631)Node1:0,cluster_35_64:0.05947902662109775,cluster_46_38:0.004804472541700611)", 
   "NS": "(((((((((((((cluster_0_67:0,cluster_1_105:0.05275685110233236)Node12:0.005235205612509434,cluster_2_657:0)Node11:0,cluster_3_832:0)Node10:0,cluster_4_86:0)Node9:0,cluster_5_110:0.004804579401935524)Node8:0,cluster_8_40:0.004853369293007719)Node7:0,cluster_9_123:0.05871686011140684)Node6:0,cluster_12_34:0.004882396068513497)Node5:0,cluster_19_39:0.05891050007514146)Node4:0,cluster_22_54:0.004808788676162939)Node3:0,cluster_25_38:0)Node2:0,cluster_32_56:0)Node1:0,cluster_35_64:0.02452175980898188,cluster_46_38:0.004804472541700611)", 
   "S": "(((((((((((((cluster_0_67:0.00471804202247163,cluster_1_105:0.03204217096641254)Node12:0,cluster_2_657:0)Node11:0,cluster_3_832:0.00465135153546505)Node10:0,cluster_4_86:0.004558979321161957)Node9:0,cluster_5_110:0.009232923315605235)Node8:0,cluster_8_40:0.004550969278553027)Node7:0,cluster_9_123:0.04331170715306967)Node6:0,cluster_12_34:0.00930814369718634)Node5:0,cluster_19_39:0.03742625017502091)Node4:0,cluster_22_54:0.00455862282853101)Node3:0,cluster_25_38:0.009233610197749011)Node2:0,cluster_32_56:0.009324666768065631)Node1:0,cluster_35_64:0.03495726681211584,cluster_46_38:0)"
  }, 
  "omega": 0.3201610974045606
 }, 
 "150-360": {
  "BranchLength": {
   "NS": 0.01067289003648926, 
   "S": 0.009254962677032215
  }, 
  "Diversity": {
   "NS": 0.01937870231433231, 
   "S": 0.01770968823977751
  }, 
  "Tree": {
   "Combined": "(((((((((((((cluster_0_68:0.004951131048218656,cluster_1_104:0.1093092933510564)Node12:0.005179289956612689,cluster_2_656:0)Node11:0,cluster_3_812:0.004863998528095086)Node10:0,cluster_4_82:0.004774960213043775)Node9:0,cluster_5_104:0.01459620497955756)Node8:0,cluster_8_38:0.009742767875321643)Node7:0,cluster_9_120:0.1271446096517657)Node6:0,cluster_12_34:0.01475197269830688)Node5:0,cluster_15_40:0.1211043873362479)Node4:0,cluster_17_54:0.009705776162864959)Node3:0,cluster_19_36:0.009673239176491643)Node2:0,cluster_25_54:0.009764068961492327)Node1:0,cluster_29_52:0.08756614048228845,cluster_38_36:0.004924182843715845)", 
   "NS": "(((((((((((((cluster_0_68:0,cluster_1_104:0.06661924684025616)Node12:0.005179289956612689,cluster_2_656:0)Node11:0,cluster_3_812:0)Node10:0,cluster_4_82:0)Node9:0,cluster_5_104:0.004923016611498024)Node8:0,cluster_8_38:0.00497780385454335)Node7:0,cluster_9_120:0.07260143880129541)Node6:0,cluster_12_34:0.005007933347573781)Node5:0,cluster_15_40:0.07284892834854305)Node4:0,cluster_17_54:0.004930671037259723)Node3:0,cluster_19_36:0)Node2:0,cluster_25_54:0)Node1:0,cluster_29_52:0.04615551934391182,cluster_38_36:0.004924182843715845)",