{
 "117-528": {
  "BranchLength": {
   "NS": 0.0110257009928454, 
   "S": 0.001772088817846049
  }, 
  "Diversity": {
   "NS": 0.06230702220246277, 
   "S": 0.01331667477402258
  }, 
  "Tree": {
   "Combined": "((((((((((((((((((((((((((((cluster_0_447:0.03144757844995488,cluster_4_191:0.0208113352259617)Node27:0.01124988102985017,cluster_8_24:0.04714603625168438)Node26:0,cluster_10_62:0.04243502948660275)Node25:0,cluster_11_16:0.03754383008242945)Node24:0,cluster_17_16:0.01542798065542022)Node23:0,cluster_26_14:0.03903321774453938)Node22:0.03710173251909767,cluster_28_23:0.007694874713070995)Node21:0,cluster_29_15:0.007657604794272749)Node20:0.002598115909265179,cluster_42_29:0.007781171632737039)Node19:0,cluster_46_11:0.002499596180113242)Node18:0,cluster_52_158:0.005140166053620335)Node17:0.002597353733336605,cluster_60_38:0.005015858842678577)Node16:0,(cluster_63_27:0.06381399192073506,cluster_90_16:0.01024300807287316)Node41:0)Node15:0,cluster_91_75:0.06880956869919837)Node14:0,cluster_95_68:0)Node13:0.002600079215784808,cluster_101_23:0.002499293277090051)Node12:0,(cluster_112_13:0.01013127050112436,cluster_127_53:0.007684172924342299)Node47:0)Node11:0,cluster_130_52:0.0579279414657588)Node10:0,cluster_135_21:0.002500811557803509)Node9:0,cluster_143_16:0.0102124142619774)Node8:0.01107012839333877,cluster_215_13:0.005245394031742043)Node7:0,cluster_221_31:0.07287017464796607)Node6:0,cluster_238_16:0.02071007779238321)Node5:0.01107454899493312,cluster_245_26:0.008148767393822351)Node4:0.002594474286211553,cluster_292_11:0.007699607910276168)Node3:0,cluster_313_12:0.02324314725964267)Node2:0,cluster_382_12:0.002504563407409274)Node1:0,cluster_498_16:0.002671794752521309,cluster_713_24:0.05322858438060882)", 
   "NS": "((((((((((((((((((((((((((((cluster_0_447:0.02329890723909597,cluster_4_191:0.0208113352259617)Node27:0.01124988102985017,cluster_8_24:0.04432257062823244)Node26:0,cluster_10_62:0.03126852864494706)Node25:0,cluster_11_16:0.03488267814329688)Node24:0,cluster_17_16:0.01290175219072041)Node23:0,cluster_26_14:0.03903321774453938)Node22:0.03192942359787608,cluster_28_23:0.00502929089829103)Node21:0,cluster_29_15:0.006800694926645049)Node20:0,cluster_42_29:0.005032424096223319)Node19:0,cluster_46_11:0.002499596180113242)Node18:0,cluster_52_158:0.002485720997210728)Node17:0,cluster_60_38:0.005015858842678577)Node16:0,(cluster_63_27:0.05587038895438601,cluster_90_16:0.007569438432620538)Node41:0)Node15:0,cluster_91_75:0.06329494320750177)Node14:0,cluster_95_68:0)Node13:0,cluster_101_23:0.002499293277090051)Node12:0,(cluster_112_13:0.01013127050112436,cluster_127_53:0.006749762897295434)Node47:0)Node11:0,cluster_130_52:0.04997632365148188)Node10:0,cluster_135_21:0.002500811557803509)Node9:0,cluster_143_16:0.01017920277163213)Node8:0.01107012839333877,cluster_215_13:0.002592612674469014)Node7:0,cluster_221_31:0.0643068519143412)Node6:0,cluster_238_16:0.01809469504911172)Node5:0.01107454899493312,cluster_245_26:0.002662989416749776)Node4:0.002594474286211553,cluster_292_11:0.006770198726119349)Node3:0,cluster_313_12:0.01784815856638983)Node2:0,cluster_382_12:0.002504563407409274)Node1:0,cluster_498_16:0,cluster_713_24:0.04771522349787814)", 
   "S": "((((((((((((((((((((((((((((cluster_0_447:0.008148671210858912,cluster_4_191:0)Node27:0,cluster_8_24:0.00282346562345192)Node26:0,cluster_10_62:0.0111665008416557)Node25:0,cluster_11_16:0.002661151939132586)Node24:0,cluster_17_16:0.002526228464699803)Node23:0,cluster_26_14:0)Node22:0.005172308921221592,cluster_28_23:0.002665583814779964)Node21:0,cluster_29_15:0.0008569098676277013)Node20:0.002598115909265179,cluster_42_29:0.002748747536513722)Node19:0,cluster_46_11:0)Node18:0,cluster_52_158:0.002654445056409604)Node17:0.002597353733336605,cluster_60_38:0)Node16:0,(cluster_63_27:0.007943602966349038,cluster_90_16:0.002673569640252623)Node41:0)Node15:0,cluster_91_75:0.00551462549169661)Node14:0,cluster_95_68:0)Node13:0.002600079215784808,cluster_101_23:0)Node12:0,(cluster_112_13:0,cluster_127_53:0.0009344100270468635)Node47:0)Node11:0,cluster_130_52:0.007951617814276909)Node10:0,cluster_135_21:0)Node9:0,cluster_143_16:3.321149034526216e-05)Node8:0,cluster_215_13:0.002652781357273029)Node7:0,cluster_221_31:0.008563322733624866)Node6:0,cluster_238_16:0.002615382743271499)Node5:0,cluster_245_26:0.005485777977072576)Node4:0,cluster_292_11:0.0009294091841568192)Node3:0,cluster_313_12:0.005394988693252843)Node2:0,cluster_382_12:0)Node1:0,cluster_498_16:0.002671794752521309,cluster_713_24:0.005513360882730693)"
  }, 
  "omega": 1.500113308884321
 }, 
 "120-330": {
  "BranchLength": {
   "NS": 0.01735838964913479, 
   "S": 0.00200878639283419
  }, 
  "Diversity": {
   "NS": 0.09829149981643565, 
   "S": 0.01058949300789897
  }, 
  "Tree": {
   "Combined": "(((((((((((((((cluster_0_1029:0.004727150238480518,cluster_3_174:0.004823320245044998)Node14:0.03439804068065581,cluster_4_500:0)Node13:0,cluster_5_191:0.02959561734706616)Node12:0,(cluster_6_186:0.03439819710724453,cluster_7_75:0.004870075348811451)Node19:0)Node11:0.0332496270975778,cluster_8_205:0.04801962874791071)Node10:0.03050877539124208,cluster_10_129:0.0047444904052443)Node9:0,cluster_12_32:0.004924488263730845)Node8:0.05721560753399398,cluster_13_208:0.009461942753571836)Node7:0.008394964949948815,cluster_16_43:0.0246129573302424)Node6:0,cluster_19_53:0.01069574962059765)Node5:0.06567736262562164,cluster_29_90:0.01937470553531312)Node4:0,cluster_34_45:0)Node3:0,cluster_40_122:0.09396602616587575)Node2:0,cluster_52_36:0.06115376256179197)Node1:0.00475540508953678,cluster_59_58:0.04464367058030239,cluster_66_62:0.004905243765170787)", 
   "NS": "(((((((((((((((cluster_0_1029:0,cluster_3_174:0.004823320245044998)Node14:0.0297574204657777,cluster_4_500:0)Node13:0,cluster_5_191:0.02959561734706616)Node12:0,(cluster_6_186:0.02975778819879873,cluster_7_75:0.004870075348811451)Node19:0)Node11:0.0332496270975778,cluster_8_205:0.04801962874791071)Node10:0.02176016746843768,cluster_10_129:0)Node9:0,cluster_12_32:0.004924488263730845)Node8:0.05671343269135029,cluster_13_208:0.009461942753571836)Node7:0.008394964949948815,cluster_16_43:0.01513101066795262)Node6:0,cluster_19_53:0.005930302182786958)Node5:0.06567736262562164,cluster_29_90:0.01462703763012277)Node4:0,cluster_34_45:0)Node3:0,cluster_40_122:0.08423003608457845)Node2:0,cluster_52_36:0.06115376256179197)Node1:0,cluster_59_58:0.03984362932539587,cluster_66_62:0.004905243765170787)", 
   "S": "(((((((((((((((cluster_0_1029:0.004727150238480518,cluster_3_174:0)Node14:0.004640620214878108,cluster_4_500:0)Node13:0,cluster_5_191:0)Node12:0,(cluster_6_186:0.00464040890844579,cluster_7_75:0)Node19:0)Node11:0,cluster_8_205:0)Node10:0.008748607922804392,cluster_10_129:0.0047444904052443)Node9:0,cluster_12_32:0)Node8:0.0005021748426437011,cluster_13_208:0)Node7:0,cluster_16_43:0.009481946662289794)Node6:0,cluster_19_53:0.004765447437810687)Node5:0,cluster_29_90:0.004747667905190356)Node4:0,cluster_34_45:0)Node3:0,cluster_40_122:0.009735990081297332)Node2:0,cluster_52_36:0)Node1:0.00475540508953678,cluster_59_58:0.004800041254906529,cluster_66_62:0)"
  }, 
  "omega": 2.287677041562989
 }, 
 "150-360": {
  "BranchLength": {
   "NS": 0.02087458441619643, 
   "S": 0.002017263274168922
  }, 
  "Diversity": {
   "NS": 0.1289429595752445, 
   "S": 0.008741731485570826
  }, 
  "Tree": {
   "Combined": "((((((((((((cluster_0_941:0.05160580589353538,cluster_3_426:0)Node11:0.005249776888517395,cluster_4_179:0.02577184561462832)Node10:0,cluster_5_62:0.00466403732359967)Node9:0.06906862660832659,cluster_6_192:0.004901376198612899)Node8:0,cluster_15_45:0)Node7:0.1087050507545302,cluster_16_156:0)Node6:0,cluster_22_79:0.00495708478127468)Node5:0.004902186748587055,cluster_27_180:0.09234381550350924)Node4:0,cluster_31_110:0.09838719888444729)Node3:0,cluster_33_143:0)Node2:0.03040043508700935,cluster_50_52:0.02002431801629894)Node1:0,cluster_62_63:0.04645980207961212,cluster_97_44:0.004854831876644664)",