{
 "117-528": {
  "BranchLength": {
   "NS": 0.002427266604817227, 
   "S": 0.002461283820249359
  }, 
  "Diversity": {
   "NS": 0.01078513912461139, 
   "S": 0.00727338930275915
  }, 
  "Tree": {
   "Combined": "(((((((((((((((((((((((((((((((((((cluster_0_45:0.007696324405412816,cluster_1_115:0.01526945066134717)Node34:0.005041337270115247,cluster_2_13:0.005025135289404444)Node33:0,cluster_3_15:0.002509952541938703)Node32:0,cluster_4_313:0.01525882599466582)Node31:0,cluster_6_335:0.00747470766856292)Node30:0,cluster_8_50:0.002470488771705076)Node29:0,cluster_11_1873:0)Node28:0,cluster_12_34:0.002520455800887036)Node27:0.002509952682210389,cluster_15_17:0)Node26:0.003744881438409824,cluster_16_13:0.01265185359571303)Node25:0.003741623648972408,cluster_17_15:0.007669841346330268)Node24:0,cluster_23_134:0.005232173906334383)Node23:0.002500577673385373,cluster_24_67:0.004959988166723785)Node22:0,cluster_25_16:0.02329287960820397)Node21:0,cluster_30_155:0.007473506171543524)Node20:0,cluster_36_21:0.002508109148766025)Node19:0,cluster_37_37:0.005136309485751128)Node18:0,cluster_40_28:0.002533039961484073)Node17:0,cluster_41_15:0.02891883583856438)Node16:0,(cluster_44_23:0.00260201722901113,cluster_49_107:0.002490504262865404)Node55:0.002492426249831566)Node15:0.004630321019757778,cluster_50_25:0.01288428259507419)Node14:0,cluster_51_139:0)Node13:0,cluster_56_51:0.03458592491670337)Node12:0.007166235200331325,(cluster_57_41:0.005158779249833908,cluster_75_42:0.004966741038362078)Node61:0)Node11:0,cluster_78_17:0.02053313064254687)Node10:0,cluster_82_33:0)Node9:0,cluster_84_23:0.005108427501369149)Node8:0,cluster_90_66:0.02322734094261941)Node7:0,cluster_101_18:0.01266865335923735)Node6:0.002532894367227989,cluster_106_30:0.005054400370680125)Node5:0,cluster_108_29:0.002484893453896143)Node4:0,cluster_114_32:0.01544177520313516)Node3:0,cluster_127_25:0.005013515557549137)Node2:0,cluster_130_27:0.01587782561830938)Node1:0,cluster_205_23:0.00247549545483012,cluster_426_50:0.003105446570390587)", 
   "NS": "(((((((((((((((((((((((((((((((((((cluster_0_45:0.002482182931062821,cluster_1_115:0.007491054973271466)Node34:0.002499387272465077,cluster_2_13:0.005025135289404444)Node33:0,cluster_3_15:0)Node32:0,cluster_4_313:0.007445767116386449)Node31:0,cluster_6_335:0.00747470766856292)Node30:0,cluster_8_50:0.002470488771705076)Node29:0,cluster_11_1873:0)Node28:0,cluster_12_34:0)Node27:0,cluster_15_17:0)Node26:0.003744881438409824,cluster_16_13:0.005000603911153609)Node25:0.001215086206362605,cluster_17_15:0.002480420921447106)Node24:0,cluster_23_134:0)Node23:0.002500577673385373,cluster_24_67:0.004959988166723785)Node22:0,cluster_25_16:0.01012643091667828)Node21:0,cluster_30_155:0.006565668951504904)Node20:0,cluster_36_21:0)Node19:0,cluster_37_37:0.002538919335984417)Node18:0,cluster_40_28:0)Node17:0,cluster_41_15:0.01266856955143243)Node16:0,(cluster_44_23:0,cluster_49_107:0.002490504262865404)Node55:0.002492426249831566)Node15:0.004630321019757778,cluster_50_25:0.00501198913324897)Node14:0,cluster_51_139:0)Node13:0,cluster_56_51:0.01269209514740372)Node12:0.004629162952432218,(cluster_57_41:0,cluster_75_42:0.004966741038362078)Node61:0)Node11:0,cluster_78_17:0.01268135851523204)Node10:0,cluster_82_33:0)Node9:0,cluster_84_23:0)Node8:0,cluster_90_66:0.0100143655423384)Node7:0,cluster_101_18:0.007548319823084911)Node6:0,cluster_106_30:0.002485163687964586)Node5:0,cluster_108_29:0.002484893453896143)Node4:0,cluster_114_32:0.007542482464870062)Node3:0,cluster_127_25:0.005013515557549137)Node2:0,cluster_130_27:0.005090843391293777)Node1:0,cluster_205_23:0.00247549545483012,cluster_426_50:0.003105446570390587)", 
   "S": "(((((((((((((((((((((((((((((((((((cluster_0_45:0.005214141474349996,cluster_1_115:0.0077783956880757)Node34:0.002541949997650168,cluster_2_13:0)Node33:0,cluster_3_15:0.002509952541938703)Node32:0,cluster_4_313:0.007813058878279372)Node31:0,cluster_6_335:0)Node30:0,cluster_8_50:0)Node29:0,cluster_11_1873:0)Node28:0,cluster_12_34:0.002520455800887036)Node27:0.002509952682210389,cluster_15_17:0)Node26:0,cluster_16_13:0.007651249684559425)Node25:0.002526537442609803,cluster_17_15:0.005189420424883164)Node24:0,cluster_23_134:0.005232173906334383)Node23:0,cluster_24_67:0)Node22:0,cluster_25_16:0.01316644869152569)Node21:0,cluster_30_155:0.0009078372200386214)Node20:0,cluster_36_21:0.002508109148766025)Node19:0,cluster_37_37:0.002597390149766714)Node18:0,cluster_40_28:0.002533039961484073)Node17:0,cluster_41_15:0.01625026628713196)Node16:0,(cluster_44_23:0.00260201722901113,cluster_49_107:0)Node55:0)Node15:0,cluster_50_25:0.007872293461825219)Node14:0,cluster_51_139:0)Node13:0,cluster_56_51:0.02189382976929967)Node12:0.002537072247899105,(cluster_57_41:0.005158779249833908,cluster_75_42:0)Node61:0)Node11:0,cluster_78_17:0.00785177212731482)Node10:0,cluster_82_33:0)Node9:0,cluster_84_23:0.005108427501369149)Node8:0,cluster_90_66:0.01321297540028101)Node7:0,cluster_101_18:0.005120333536152435)Node6:0.002532894367227989,cluster_106_30:0.002569236682715541)Node5:0,cluster_108_29:0)Node4:0,cluster_114_32:0.007899292738265101)Node3:0,cluster_127_25:0)Node2:0,cluster_130_27:0.0107869822270156)Node1:0,cluster_205_23:0,cluster_426_50:0)"
  }, 
  "omega": 0.2441686696357127
 }, 
 "120-330": {
  "BranchLength": {
   "NS": 0.002923153227290615, 
   "S": 0.002541442556348392
  }, 
  "Diversity": {
   "NS": 0.004933276245822728, 
   "S": 0.004509706606909123
  }, 
  "Tree": {
   "Combined": "(((((((cluster_0_2825:0,cluster_1_742:0.02424711475377029)Node6:0,cluster_3_73:0.004531493412966703)Node5:0,cluster_4_511:0.004848947023606782)Node4:0,cluster_6_395:0.004834769877046015)Node3:0,cluster_12_79:0.004840165389304547)Node2:0,cluster_14_82:0.02919856732406185)Node1:0,cluster_15_47:0.004618573170147861,cluster_30_33:0.004849305803681038)", 
   "NS": "(((((((cluster_0_2825:0,cluster_1_742:0.009759250839027116)Node6:0,cluster_3_73:0)Node5:0,cluster_4_511:0.004848947023606782)Node4:0,cluster_6_395:0.004834769877046015)Node3:0,cluster_12_79:0.004840165389304547)Node2:0,cluster_14_82:0.01471485947669372)Node1:0,cluster_15_47:0,cluster_30_33:0.004849305803681038)", 
   "S": "(((((((cluster_0_2825:0,cluster_1_742:0.01448786391474318)Node6:0,cluster_3_73:0.004531493412966703)Node5:0,cluster_4_511:0)Node4:0,cluster_6_395:0)Node3:0,cluster_12_79:0)Node2:0,cluster_14_82:0.01448370784736813)Node1:0,cluster_15_47:0.004618573170147861,cluster_30_33:0)"
  }, 
  "omega": 0.3149396910581032
 }, 
 "150-360": {
  "BranchLength": {
   "NS": 0.002681557430117264, 
   "S": 0.003407791777158302
  }, 
  "Diversity": {
   "NS": 0.005955241707288071, 
   "S": 0.005039211851147103
  }, 
  "Tree": {
   "Combined": "(((((((cluster_0_2741:0,cluster_1_645:0.03088748969653403)Node6:0,cluster_2_502:0.005004316510532284)Node5:0,cluster_3_67:0.004756231588467715)Node4:0,cluster_8_55:0.004756502082700541)Node3:0,cluster_9_101:0.0310567650393869)Node2:0,cluster_11_61:0.004994028108284455)Node1:0,cluster_12_374:0.00498501857017761,cluster_15_36:0.004899886513049958)", 
   "NS": "(((((((cluster_0_2741:0,cluster_1_645:0.01514543890064793)Node6:0,cluster_2_502:0.005004316510532284)Node5:0,cluster_3_67:0)Node4:0,cluster_8_55:0)Node3:0,cluster_9_101:0.01009455936211669)Node2:0,cluster_11_61:0.004994028108284455)Node1:0,cluster_12_374:0.00498501857017761,cluster_15_36:0)", 
   "S": "(((((((cluster_0_2741:0,cluster_1_645:0.01574205079588611)Node6:0,cluster_2_502:0)Node5:0,cluster_3_67:0.004756231588467715)Node4:0,cluster_8_55:0.004756502082700541)Node3:0,cluster_9_101:0.02096220567727021)Node2:0,cluster_11_61:0)Node1:0,cluster_12_374:0,cluster_15_36:0.004899886513049958)"
  }, 
  "omega": 0.2063853273531837
 }, 
 "180-390": {
  "BranchLength": {
   "NS": 0.002863597073751019, 
   "S": 0.003287145525913317
  }, 
  "Diversity": {
   "NS": 0.006249000986663424, 
   "S": 0.005465290041043595
  },