{
 "171-441": {
  "BranchLength": {
   "NS": 0.002360303871058904, 
   "S": 0.00478144521696575
  }, 
  "Diversity": {
   "NS": 0.01420294772417972, 
   "S": 0.03659532791390575
  }, 
  "Tree": {
   "Combined": "(((((((((((((((((((((((((((((((((((((((((((((cluster_4_340:0,cluster_6_115:0.004142010363631742)Node44:0,cluster_7_30:0.02337579192369675)Node43:0.004134212871452321,cluster_8_159:0.004209236503135635)Node42:0,(cluster_10_571:0,cluster_11_150:0.008328281451683373)Node49:0)Node41:0,cluster_18_166:0.008451804385967947)Node40:0,cluster_20_148:0.0123586360363878)Node39:0.007739739860192894,cluster_22_298:0.01561296197767885)Node38:0,cluster_23_25:0.01569132513671296)Node37:0.01216144290265747,cluster_24_49:0.00371359941793021)Node36:0,cluster_25_27:0.01290178725089463)Node35:0.01232376161132123,cluster_27_367:0.00431347108159499)Node34:0,cluster_31_45:0)Node33:0.01310354573126738,cluster_32_69:0.01542827465660784)Node32:0.008148191441027582,cluster_38_43:0.02074090778003438)Node31:0.01107190154017477,cluster_41_25:0.008199992642844331)Node30:0.003488366601875957,cluster_45_113:0.008096285292559667)Node29:0,cluster_46_126:0.00409263461479776)Node28:0,cluster_47_33:0.02852840691898453)Node27:0,cluster_48_253:0.02075487986910191)Node26:0,cluster_50_129:0.008212806325557083)Node25:0,cluster_51_494:0)Node24:0,cluster_54_37:0.03204503437421732)Node23:0,cluster_55_114:0.01206140216305489)Node22:0,cluster_56_31:0.02385548139911531)Node21:0,cluster_57_56:0.0121585054818443)Node20:0,cluster_59_134:0.008175342531283618)Node19:0,cluster_61_69:0.004080625308427551)Node18:0,cluster_63_29:0.008161446751872392)Node17:0,cluster_64_41:0.0162632430042062)Node16:0,(cluster_65_48:0.008225429893362004,cluster_66_26:0.02356927939231696)Node77:0)Node15:0,cluster_67_36:0.008193126081923107)Node14:0,cluster_68_26:0.03285777947549005)Node13:0,cluster_71_36:0.03669423534697259)Node12:0,(cluster_76_31:0,cluster_78_50:0.02766304530550553)Node83:0.004017186119534227)Node11:0,cluster_82_18:0.007677159177737875)Node10:0,cluster_83_22:0.02379220811753127)Node9:0,cluster_85_19:0.00405370911598031)Node8:0.003663289161834571,cluster_97_51:0.004123450445892727)Node7:0.004122861331930512,cluster_100_29:0)Node6:0,cluster_102_44:0.007860031474395918)Node5:0,cluster_105_31:0.004124128329752932)Node4:0.00412345050260205,cluster_117_24:0)Node3:0,cluster_125_40:0.03178113305757816)Node2:0,cluster_144_17:0.003671878706084515)Node1:0.01968899150127813,cluster_165_18:0.008039140354019409,cluster_178_23:0.008682811442874992)", 
   "NS": "(((((((((((((((((((((((((((((((((((((((((((((cluster_4_340:0,cluster_6_115:0)Node44:0,cluster_7_30:0.01130306651668501)Node43:0,cluster_8_159:0)Node42:0,(cluster_10_571:0,cluster_11_150:0)Node49:0)Node41:0,cluster_18_166:0)Node40:0,cluster_20_148:0.003712601599154925)Node39:0,cluster_22_298:0.01110034494927362)Node38:0,cluster_23_25:0.01110298645062289)Node37:0,cluster_24_49:0.00371359941793021)Node36:0,cluster_25_27:0)Node35:0.003677656806351415,cluster_27_367:0)Node34:0,cluster_31_45:0)Node33:0,cluster_32_69:0.01113290793040865)Node32:0.003677152196423172,cluster_38_43:0)Node31:0.01107190154017477,cluster_41_25:0.003664332799149271)Node30:0,cluster_45_113:0)Node29:0,cluster_46_126:0)Node28:0,cluster_47_33:0.01134547973829846)Node27:0,cluster_48_253:0.003662778351910396)Node26:0,cluster_50_129:0)Node25:0,cluster_51_494:0)Node24:0,cluster_54_37:0.01524959035143106)Node23:0,cluster_55_114:0.003664348302704916)Node22:0,cluster_56_31:0.01140636019569423)Node21:0,cluster_57_56:0)Node20:0,cluster_59_134:0)Node19:0,cluster_61_69:0)Node18:0,cluster_63_29:0)Node17:0,cluster_64_41:0.003664362247271156)Node16:0,(cluster_65_48:0,cluster_66_26:0.01132645552109746)Node77:0)Node15:0,cluster_67_36:0)Node14:0,cluster_68_26:0.01131292994059635)Node13:0,cluster_71_36:0.01519044860252433)Node12:0,(cluster_76_31:0,cluster_78_50:0.01129769639205888)Node83:0)Node11:0,cluster_82_18:0.003664657629086845)Node10:0,cluster_83_22:0.01143515014913338)Node9:0,cluster_85_19:0)Node8:0.003663289161834571,cluster_97_51:0)Node7:0,cluster_100_29:0)Node6:0,cluster_102_44:0.003664340419879801)Node5:0,cluster_105_31:0)Node4:0,cluster_117_24:0)Node3:0,cluster_125_40:0.0152502597190601)Node2:0,cluster_144_17:0.003671878706084515)Node1:0.01161030178794759,cluster_165_18:0.003712598069925689,cluster_178_23:0)", 
   "S": "(((((((((((((((((((((((((((((((((((((((((((((cluster_4_340:0,cluster_6_115:0.004142010363631742)Node44:0,cluster_7_30:0.01207272540701174)Node43:0.004134212871452321,cluster_8_159:0.004209236503135635)Node42:0,(cluster_10_571:0,cluster_11_150:0.008328281451683373)Node49:0)Node41:0,cluster_18_166:0.008451804385967947)Node40:0,cluster_20_148:0.008646034437232874)Node39:0.007739739860192894,cluster_22_298:0.004512617028405239)Node38:0,cluster_23_25:0.004588338686090055)Node37:0.01216144290265747,cluster_24_49:0)Node36:0,cluster_25_27:0.01290178725089463)Node35:0.008646104804969811,cluster_27_367:0.00431347108159499)Node34:0,cluster_31_45:0)Node33:0.01310354573126738,cluster_32_69:0.004295366726199191)Node32:0.004471039244604407,cluster_38_43:0.02074090778003438)Node31:0,cluster_41_25:0.004535659843695057)Node30:0.003488366601875957,cluster_45_113:0.008096285292559667)Node29:0,cluster_46_126:0.00409263461479776)Node28:0,cluster_47_33:0.01718292718068606)Node27:0,cluster_48_253:0.0170921015171915)Node26:0,cluster_50_129:0.008212806325557083)Node25:0,cluster_51_494:0)Node24:0,cluster_54_37:0.01679544402278626)Node23:0,cluster_55_114:0.008397053860349979)Node22:0,cluster_56_31:0.01244912120342109)Node21:0,cluster_57_56:0.0121585054818443)Node20:0,cluster_59_134:0.008175342531283618)Node19:0,cluster_61_69:0.004080625308427551)Node18:0,cluster_63_29:0.008161446751872392)Node17:0,cluster_64_41:0.01259888075693505)Node16:0,(cluster_65_48:0.008225429893362004,cluster_66_26:0.0122428238712195)Node77:0)Node15:0,cluster_67_36:0.008193126081923107)Node14:0,cluster_68_26:0.02154484953489369)Node13:0,cluster_71_36:0.02150378674444825)Node12:0,(cluster_76_31:0,cluster_78_50:0.01636534891344667)Node83:0.004017186119534227)Node11:0,cluster_82_18:0.004012501548651025)Node10:0,cluster_83_22:0.01235705796839787)Node9:0,cluster_85_19:0.00405370911598031)Node8:0,cluster_97_51:0.004123450445892727)Node7:0.004122861331930512,cluster_100_29:0)Node6:0,cluster_102_44:0.004195691054516117)Node5:0,cluster_105_31:0.004124128329752932)Node4:0.00412345050260205,cluster_117_24:0)Node3:0,cluster_125_40:0.01653087333851806)Node2:0,cluster_144_17:0)Node1:0.008078689713330542,cluster_165_18:0.004326542284093718,cluster_178_23:0.008682811442874992)"
  }, 
  "omega": 0.1775001343380089
 }, 
 "180-390": {
  "BranchLength": {
   "NS": 0.0007699111052545857, 
   "S": 0.004299427669033472
  }, 
  "Diversity": {
   "NS": 0.004451789136859905, 
   "S": 0.01617103393533538
  }, 
  "Tree": {
   "Combined": "((((((((((((((((((((((cluster_0_1353:0,cluster_1_835:0.02094016659528633)Node21:0,cluster_2_362:0.01002448552735363)Node20:0.005146551289605591,cluster_4_808:0)Node19:0,cluster_5_291:0.005158230209953741)Node18:0,cluster_6_85:0.00504304333805558)Node17:0.005146551290041775,cluster_7_343:0.005274544940966449)Node16:0,(cluster_8_68:0.01048320237805495,cluster_10_316:0.01036913410445212)Node29:0)Node15:0,cluster_11_169:0.01530504567746631)Node14:0,cluster_12_335:0.0106199713847784)Node13:0.004715597194498202,cluster_13_34:0.01056313101525473)Node12:0,(cluster_14_55:0.005295490185469673,cluster_16_123:0.01002448552707219)Node35:0)Node11:0,cluster_17_158:0)Node10:0,cluster_18_95:0.005174087466873999)Node9:0.004715597195214621,cluster_19_72:0.005121997110141204)Node8:0,cluster_20_34:0.01011692051839475)Node7:0,cluster_23_39:0.0104803344039085)Node6:0,cluster_24_95:0.01052089600310408)Node5:0,cluster_26_43:0.005187383928102117)Node4:0,cluster_29_45:0.02077139532202265)Node3:0,cluster_31_132:0.01550523425131208)Node2:0,cluster_34_49:0.01624065659955305)Node1:0,cluster_39_57:0.005199469686768864,cluster_49_40:0.005253996796409223)",