
{
	"Actual comparisons performed" :18446744073703562775,
	"Comparisons accounting for copy numbers " :2.61793e+08,
	"Total comparisons possible" : 22241115,
	"Links found" : 61578207,
	"Maximum distance" : 0.462361,
	"Mean distance" : 0.0335794,
	"Histogram" : [[0.005,27851480],[0.01,33726727],[0.015,30717249],[0.02,22072897],[0.025,12193618],[0.03,8280173],[0.035,6401687],[0.04,7213598],[0.045,11108484],[0.05,17216885],[0.055,25541273],[0.06,21889975],[0.065,16466343],[0.07,7803652],[0.075,3280573],[0.08,2055580],[0.085,1033062],[0.09,800585],[0.095,650145],[0.1,606052],[0.105,612699],[0.11,551839],[0.115,614162],[0.12,607433],[0.125,433778],[0.13,520945],[0.135,262922],[0.14,160636],[0.145,150644],[0.15,103681],[0.155,83173],[0.16,77192],[0.165,72999],[0.17,78812],[0.175,57246],[0.18,51034],[0.185,40915],[0.19,30773],[0.195,46939],[0.2,27970],[0.205,30862],[0.21,12458],[0.215,27183],[0.22,8617],[0.225,23613],[0.23,27795],[0.235,7424],[0.24,24217],[0.245,21499],[0.25,12069],[0.255,4806],[0.26,18948],[0.265,10200],[0.27,4287],[0.275,6510],[0.28,9708],[0.285,4478],[0.29,9565],[0.295,3199],[0.3,1923],[0.305,2156],[0.31,10270],[0.315,3670],[0.32,1321],[0.325,1150],[0.33,873],[0.335,1154],[0.34,1762],[0.345,730],[0.35,326],[0.355,478],[0.36,693],[0.365,312],[0.37,478],[0.375,331],[0.38,388],[0.385,257],[0.39,175],[0.395,375],[0.4,68],[0.405,229],[0.41,65],[0.415,40],[0.42,19],[0.425,56],[0.43,15],[0.435,3],[0.44,6],[0.445,0],[0.45,6],[0.455,9],[0.46,1],[0.465,2],[0.47,0],[0.475,0],[0.48,0],[0.485,0],[0.49,0],[0.495,0],[0.5,0],[0.505,0],[0.51,0],[0.515,0],[0.52,0],[0.525,0],[0.53,0],[0.535,0],[0.54,0],[0.545,0],[0.55,0],[0.555,0],[0.56,0],[0.565,0],[0.57,0],[0.575,0],[0.58,0],[0.585,0],[0.59,0],[0.595,0],[0.6,0],[0.605,0],[0.61,0],[0.615,0],[0.62,0],[0.625,0],[0.63,0],[0.635,0],[0.64,0],[0.645,0],[0.65,0],[0.655,0],[0.66,0],[0.665,0],[0.67,0],[0.675,0],[0.68,0],[0.685,0],[0.69,0],[0.695,0],[0.7,0],[0.705,0],[0.71,0],[0.715,0],[0.72,0],[0.725,0],[0.73,0],[0.735,0],[0.74,0],[0.745,0],[0.75,0],[0.755,0],[0.76,0],[0.765,0],[0.77,0],[0.775,0],[0.78,0],[0.785,0],[0.79,0],[0.795,0],[0.8,0],[0.805,0],[0.81,0],[0.815,0],[0.82,0],[0.825,0],[0.83,0],[0.835,0],[0.84,0],[0.845,0],[0.85,0],[0.855,0],[0.86,0],[0.865,0],[0.87,0],[0.875,0],[0.88,0],[0.885,0],[0.89,0],[0.895,0],[0.9,0],[0.905,0],[0.91,0],[0.915,0],[0.92,0],[0.925,0],[0.93,0],[0.935,0],[0.94,0],[0.945,0],[0.95,0],[0.955,0],[0.96,0],[0.965,0],[0.97,0],[0.975,0],[0.98,0],[0.985,0],[0.99,0],[0.995,0],[1,0]]
}
