{
 "117-528": {
  "BranchLength": {
   "NS": 0.00382738394610212, 
   "S": 0.002233398452159537
  }, 
  "Diversity": {
   "NS": 0.00810196878781846, 
   "S": 0.003794001041069933
  }, 
  "Tree": {
   "Combined": "(((((((((((((((((((((((((cluster_0_3090:0,cluster_3_153:0.002586567815437003)Node24:0,cluster_7_104:0.01008128980132991)Node23:0,cluster_8_22:0.002617319085644437)Node22:0,cluster_10_30:0.005070735638473535)Node21:0,cluster_11_60:0.02276147007106918)Node20:0,cluster_12_127:0.02023428580386775)Node19:0,cluster_14_202:0.01552721465894737)Node18:0,cluster_15_23:0.002586567804241132)Node17:0.002445657482595502,cluster_17_24:0.005082258698309379)Node16:0,(cluster_18_181:0.01281079792749729,cluster_20_22:0.007557287081888619)Node35:0)Node15:0,cluster_22_15:0.00787893931543837)Node14:0,cluster_33_175:0.03125897658883024)Node13:0,cluster_38_55:0.0527522632316379)Node12:0,(cluster_41_115:0.01007296831125015,cluster_43_16:0.002591326781791689)Node41:0)Node11:0,cluster_50_78:0.01239025441706442)Node10:0,cluster_52_50:0)Node9:0.009816547262951817,cluster_60_57:0.005091480035570059)Node8:0,cluster_108_18:0.002589571219035611)Node7:0,cluster_114_21:0.0130176279038367)Node6:0,cluster_121_22:0.01812714019176121)Node5:0,cluster_133_24:0.01008881716770893)Node4:0,cluster_139_25:0.01274695912986112)Node3:0,cluster_155_53:0.00757761420343572)Node2:0,cluster_160_16:0.01549527241909962)Node1:0,cluster_198_19:0.002481312237520056,cluster_242_39:0.01000450961829643)", 
   "NS": "(((((((((((((((((((((((((cluster_0_3090:0,cluster_3_153:0)Node24:0,cluster_7_104:0.007420721135218581)Node23:0,cluster_8_22:0)Node22:0,cluster_10_30:0.00248143917722825)Node21:0,cluster_11_60:0.01937291347768243)Node20:0,cluster_12_127:0.01676672876124821)Node19:0,cluster_14_202:0.00748099750770492)Node18:0,cluster_15_23:0)Node17:0.002445657482595502,cluster_17_24:0.002495610167949379)Node16:0,(cluster_18_181:0.007515033766541599,cluster_20_22:0.004974263049149719)Node35:0)Node15:0,cluster_22_15:0.002539845824041105)Node14:0,cluster_33_175:0.01497728034572616)Node13:0,cluster_38_55:0.03729698004875535)Node12:0,(cluster_41_115:0.007430919667405794,cluster_43_16:0)Node41:0)Node11:0,cluster_50_78:0.01239025441706442)Node10:0,cluster_52_50:0)Node9:0.009816547262951817,cluster_60_57:0.00246325088238458)Node8:0,cluster_108_18:0)Node7:0,cluster_114_21:0.004971849334918672)Node6:0,cluster_121_22:0.01016149543552119)Node5:0,cluster_133_24:0.007486726611072317)Node4:0,cluster_139_25:0.007738274421810101)Node3:0,cluster_155_53:0.004942498600800922)Node2:0,cluster_160_16:0.007497405151705422)Node1:0,cluster_198_19:0.002481312237520056,cluster_242_39:0.007358112268620122)", 
   "S": "(((((((((((((((((((((((((cluster_0_3090:0,cluster_3_153:0.002586567815437003)Node24:0,cluster_7_104:0.002660568666111328)Node23:0,cluster_8_22:0.002617319085644437)Node22:0,cluster_10_30:0.002589296461245284)Node21:0,cluster_11_60:0.003388556593386747)Node20:0,cluster_12_127:0.003467557042619542)Node19:0,cluster_14_202:0.008046217151242452)Node18:0,cluster_15_23:0.002586567804241132)Node17:0,cluster_17_24:0.002586648530360001)Node16:0,(cluster_18_181:0.005295764160955701,cluster_20_22:0.002583024032738899)Node35:0)Node15:0,cluster_22_15:0.005339093491397269)Node14:0,cluster_33_175:0.01628169624310408)Node13:0,cluster_38_55:0.01545528318288255)Node12:0,(cluster_41_115:0.002642048643844365,cluster_43_16:0.002591326781791689)Node41:0)Node11:0,cluster_50_78:0)Node10:0,cluster_52_50:0)Node9:0,cluster_60_57:0.00262822915318548)Node8:0,cluster_108_18:0.002589571219035611)Node7:0,cluster_114_21:0.008045778568918022)Node6:0,cluster_121_22:0.007965644756240033)Node5:0,cluster_133_24:0.002602090556636616)Node4:0,cluster_139_25:0.005008684708051008)Node3:0,cluster_155_53:0.002635115602634801)Node2:0,cluster_160_16:0.007997867267394203)Node1:0,cluster_198_19:0,cluster_242_39:0.002646397349676308)"
  }, 
  "omega": 0.3726544288656219
 }, 
 "120-330": {
  "BranchLength": {
   "NS": 0.003847423404298984, 
   "S": 0.003546436813550021
  }, 
  "Diversity": {
   "NS": 0.003207397049105862, 
   "S": 0.002971261829864718
  }, 
  "Tree": {
   "Combined": "((((cluster_0_4846:0,cluster_3_47:0.009339330076574342)Node3:0.009371761134530735,cluster_5_580:0.01915104550228017)Node2:0,cluster_6_46:0)Node1:0,cluster_14_39:0.02420111460572648,cluster_18_41:0.004481490641529307)", 
   "NS": "((((cluster_0_4846:0,cluster_3_47:0.004858206886130294)Node3:0.004890637732166552,cluster_5_580:0.009913326531123845)Node2:0,cluster_6_46:0)Node1:0,cluster_14_39:0.01496463948927017,cluster_18_41:0)", 
   "S": "((((cluster_0_4846:0,cluster_3_47:0.004481123190444045)Node3:0.004481123402364182,cluster_5_580:0.009237718971156342)Node2:0,cluster_6_46:0)Node1:0,cluster_14_39:0.009236475116456319,cluster_18_41:0.004481490641529307)"
  }, 
  "omega": 0.2492115687341034
 }, 
 "150-360": {
  "BranchLength": {
   "NS": 0.005812999032383867, 
   "S": 0.004740920462860265
  }, 
  "Diversity": {
   "NS": 0.003579874817662353, 
   "S": 0.003202589840394993
  }, 
  "Tree": {
   "Combined": "((((cluster_0_4838:0.009674461748347222,cluster_4_481:0.01976303251520823)Node3:0,cluster_5_91:0.03599830698341545)Node2:0,cluster_6_42:0)Node1:0,cluster_16_34:0.02483587679583532,cluster_20_38:0.004713597414390975)", 
   "NS": "((((cluster_0_4838:0.004961790116442401,cluster_4_481:0.01003392844799192)Node3:0,cluster_5_91:0.02221414822063427)Node2:0,cluster_6_42:0)Node1:0,cluster_16_34:0.01510712450638621,cluster_20_38:0)", 
   "S": "((((cluster_0_4838:0.004712671631904821,cluster_4_481:0.009729104067216304)Node3:0,cluster_5_91:0.01378415876278117)Node2:0,cluster_6_42:0)Node1:0,cluster_16_34:0.009728752289449116,cluster_20_38:0.004713597414390975)"
  }, 
  "omega": 0.2829198041735548
 }, 
 "180-390": {
  "BranchLength": {
   "NS": 0.01298592658322384, 
   "S": 0.00588868114240663
  }, 
  "Diversity": {
   "NS": 0.005330037711097527, 
   "S": 0.003797004136548897
  }, 
  "Tree": {
   "Combined": "(((((cluster_0_4870:0.009940550006077319,cluster_3_484:0.02031952365883294)Node4:0,cluster_5_90:0.07936811721722428)Node3:0,cluster_6_41:0)Node2:0,cluster_9_32:0.06767357161418777)Node1:0,cluster_14_36:0.02525053301598356,cluster_18_39:0.005068389469629278)", 
   "NS": "(((((cluster_0_4870:0.004871746269861461,cluster_3_484:0.009806916646595476)Node4:0,cluster_5_90:0.05931197536422767)Node3:0,cluster_6_41:0)Node2:0,cluster_9_32:0.05411614886784597)Node1:0,cluster_14_36:0.01473840526693164,cluster_18_39:0)", 
   "S": "(((((cluster_0_4870:0.005068803736215853,cluster_3_484:0.01051260701223746)Node4:0,cluster_5_90:0.02005614185299659)Node3:0,cluster_6_41:0)Node2:0,cluster_9_32:0.01355742274634182)Node1:0,cluster_14_36:0.01051212774905193,cluster_18_39:0.005068389469629278)"
  }, 
  "omega": 0.4526844321246525
 }, 
 "210-420": {
  "BranchLength": {
   "NS": 0.01447771893768997, 
   "S": 0.008351233129880837
  }, 
  "Diversity": {
   "NS": 0.007285932349530201, 
   "S": 0.004786701010050422
  }, 
  "Tree": {
   "Combined": "((((cluster_0_4536:0,cluster_4_241:0.03188632919871116)Node3:0.0049964529169664,cluster_6_256:0.01527568216592131)Node2:0,cluster_7_76:0.09935616968092635)Node1:0,cluster_14_237:0.04897562331406288,cluster_26_41:0.004970311331549159)", 
   "NS": "((((cluster_0_4536:0,cluster_4_241:0.01474687652622199)Node3:0.0049964529169664,cluster_6_256:0.009729542683589358)Node2:0,cluster_7_76:0.07101958079155582)Node1:0,cluster_14_237:0.02483670618932702,cluster_26_41:0.004970311331549159)", 
   "S": "((((cluster_0_4536:0,cluster_4_241:0.01713945267248918)Node3:0,cluster_6_256:0.005546139482331952)Node2:0,cluster_7_76:0.02833658888937051)Node1:0,cluster_14_237:0.02413891712473589,cluster_26_41:0)"
  }, 
  "omega": 0.3101240556989404
 }, 
 "240-450": {
  "BranchLength": {
   "NS": 0.01091933561611133, 
   "S": 0.006979205839305739
  }, 
  "Diversity": {
   "NS": 0.00955268732394374, 
   "S": 0.007084848390244456
  },