
{
	"Actual comparisons performed" :18446744073696071557,
	"Comparisons accounting for copy numbers " :1.65835e+07,
	"Total comparisons possible" : 2118711,
	"Links found" : 7515379,
	"Maximum distance" : 0.479174,
	"Mean distance" : 0.0232405,
	"Histogram" : [[0.005,5271902],[0.01,2243477],[0.015,2443905],[0.02,2067692],[0.025,616946],[0.03,728575],[0.035,1134933],[0.04,321045],[0.045,290162],[0.05,163381],[0.055,310143],[0.06,145261],[0.065,65869],[0.07,57805],[0.075,21500],[0.08,9685],[0.085,6150],[0.09,2644],[0.095,1410],[0.1,5121],[0.105,853],[0.11,2182],[0.115,4383],[0.12,5267],[0.125,5016],[0.13,4954],[0.135,2774],[0.14,955],[0.145,1490],[0.15,5484],[0.155,6766],[0.16,11282],[0.165,7157],[0.17,36058],[0.175,5127],[0.18,7603],[0.185,3665],[0.19,10075],[0.195,18582],[0.2,18822],[0.205,104496],[0.21,15930],[0.215,7175],[0.22,11042],[0.225,2591],[0.23,2022],[0.235,2710],[0.24,5933],[0.245,3894],[0.25,39146],[0.255,12967],[0.26,65392],[0.265,11669],[0.27,10640],[0.275,33993],[0.28,45100],[0.285,59415],[0.29,13039],[0.295,20178],[0.3,5572],[0.305,3692],[0.31,3605],[0.315,4709],[0.32,4587],[0.325,3059],[0.33,4144],[0.335,2803],[0.34,3020],[0.345,2999],[0.35,2302],[0.355,2221],[0.36,1878],[0.365,1639],[0.37,825],[0.375,1386],[0.38,484],[0.385,404],[0.39,225],[0.395,114],[0.4,118],[0.405,77],[0.41,107],[0.415,20],[0.42,43],[0.425,23],[0.43,22],[0.435,2],[0.44,7],[0.445,8],[0.45,3],[0.455,0],[0.46,0],[0.465,0],[0.47,0],[0.475,0],[0.48,2],[0.485,0],[0.49,0],[0.495,0],[0.5,0],[0.505,0],[0.51,0],[0.515,0],[0.52,0],[0.525,0],[0.53,0],[0.535,0],[0.54,0],[0.545,0],[0.55,0],[0.555,0],[0.56,0],[0.565,0],[0.57,0],[0.575,0],[0.58,0],[0.585,0],[0.59,0],[0.595,0],[0.6,0],[0.605,0],[0.61,0],[0.615,0],[0.62,0],[0.625,0],[0.63,0],[0.635,0],[0.64,0],[0.645,0],[0.65,0],[0.655,0],[0.66,0],[0.665,0],[0.67,0],[0.675,0],[0.68,0],[0.685,0],[0.69,0],[0.695,0],[0.7,0],[0.705,0],[0.71,0],[0.715,0],[0.72,0],[0.725,0],[0.73,0],[0.735,0],[0.74,0],[0.745,0],[0.75,0],[0.755,0],[0.76,0],[0.765,0],[0.77,0],[0.775,0],[0.78,0],[0.785,0],[0.79,0],[0.795,0],[0.8,0],[0.805,0],[0.81,0],[0.815,0],[0.82,0],[0.825,0],[0.83,0],[0.835,0],[0.84,0],[0.845,0],[0.85,0],[0.855,0],[0.86,0],[0.865,0],[0.87,0],[0.875,0],[0.88,0],[0.885,0],[0.89,0],[0.895,0],[0.9,0],[0.905,0],[0.91,0],[0.915,0],[0.92,0],[0.925,0],[0.93,0],[0.935,0],[0.94,0],[0.945,0],[0.95,0],[0.955,0],[0.96,0],[0.965,0],[0.97,0],[0.975,0],[0.98,0],[0.985,0],[0.99,0],[0.995,0],[1,0]]
}
