{
 "117-528": {
  "BranchLength": {
   "NS": 0.00716020329004829, 
   "S": 0.004019136080963791
  }, 
  "Diversity": {
   "NS": 0.01577046325246015, 
   "S": 0.01208682801290146
  }, 
  "Tree": {
   "Combined": "((((((((((((((((((((((((((((((cluster_0_303:0.01762792554206573,cluster_2_478:0)Node29:0,cluster_4_50:0.03111877782759913)Node28:0,cluster_5_1171:0.002496367551294364)Node27:0,cluster_6_120:0.01762511869472946)Node26:0,cluster_7_18:0.002467895287096366)Node25:0,cluster_10_424:0.02032570450723805)Node24:0,cluster_12_19:0.02836772372554644)Node23:0,cluster_13_32:0.02035422941457011)Node22:0.002498626068191989,cluster_16_390:0.002540547929018625)Node21:0,cluster_17_25:0.05601151659056793)Node20:0.008418244678410562,cluster_22_16:0.002540895646104004)Node19:0,cluster_24_45:0)Node18:0.003331037701825361,cluster_26_26:0.008688957327544315)Node17:0.006891235405825843,cluster_32_22:0.0207341320773074)Node16:0,(cluster_39_90:0.01512909539727342,cluster_44_16:0.04702411018667216)Node45:0.002427875495474749)Node15:0,cluster_52_16:0.02572471614933301)Node14:0,cluster_54_114:0.005013940437499175)Node13:0,cluster_56_69:0.002570379987737468)Node12:0,(cluster_75_89:0.03337089570638242,cluster_81_33:0.03897838957759316)Node51:0)Node11:0.002445983899221541,cluster_94_29:0.04670659970246414)Node10:0,cluster_107_29:0.03113509960501952)Node9:0.0008310494731024833,cluster_122_24:0.0177064542685823)Node8:0.001385401461349791,cluster_125_57:0.03912050655811535)Node7:0,cluster_138_25:0.0153072499033737)Node6:0,cluster_159_42:0.01523820028652413)Node5:0,cluster_169_31:0.02823518055940851)Node4:0,cluster_211_26:0.02028320408773207)Node3:0,cluster_226_15:0.005039723368725077)Node2:0,cluster_354_15:0.04196708364081486)Node1:0,cluster_432_18:0.03143204201951707,cluster_1243_15:0.007544941368933425)", 
   "NS": "((((((((((((((((((((((((((((((cluster_0_303:0.00996023217241845,cluster_2_478:0)Node29:0,cluster_4_50:0.01834526127318276)Node28:0,cluster_5_1171:0)Node27:0,cluster_6_120:0.009957020502800855)Node26:0,cluster_7_18:0)Node25:0,cluster_10_424:0.00995679208925856)Node24:0,cluster_12_19:0.01919576483637501)Node23:0,cluster_13_32:0.0125922551148978)Node22:0,cluster_16_390:0)Node21:0,cluster_17_25:0.04092927468218208)Node20:0.005919942122736642,cluster_22_16:0)Node19:0,cluster_24_45:0)Node18:0.003331037701825361,cluster_26_26:0.002384678866697354)Node17:0.00461350838737982,cluster_32_22:0.01105225330275988)Node16:0,(cluster_39_90:0.01000662901487729,cluster_44_16:0.03487724745577544)Node45:0)Node15:0,cluster_52_16:0.01526174231689936)Node14:0,cluster_54_114:0)Node13:0,cluster_56_69:0)Node12:0,(cluster_75_89:0.02155178689443644,cluster_81_33:0.02517319289284377)Node51:0)Node11:0,cluster_94_29:0.03446749285335739)Node10:0,cluster_107_29:0.01611865770551553)Node9:0.0008310494731024833,cluster_122_24:0.01260653004834071)Node8:0.001385401461349791,cluster_125_57:0.03367783494145981)Node7:0,cluster_138_25:0.007596712413823228)Node6:0,cluster_159_42:0.01015873257855277)Node5:0,cluster_169_31:0.0182967354218149)Node4:0,cluster_211_26:0.01003798549132719)Node3:0,cluster_226_15:0.005039723368725077)Node2:0,cluster_354_15:0.03308536580637087)Node1:0,cluster_432_18:0.02700237266205217,cluster_1243_15:0)", 
   "S": "((((((((((((((((((((((((((((((cluster_0_303:0.007667693369647285,cluster_2_478:0)Node29:0,cluster_4_50:0.01277351655441637)Node28:0,cluster_5_1171:0.002496367551294364)Node27:0,cluster_6_120:0.00766809819192859)Node26:0,cluster_7_18:0.002467895287096366)Node25:0,cluster_10_424:0.0103689124179795)Node24:0,cluster_12_19:0.009171958889171437)Node23:0,cluster_13_32:0.007761974299672299)Node22:0.002498626068191989,cluster_16_390:0.002540547929018625)Node21:0,cluster_17_25:0.01508224190838585)Node20:0.00249830255567392,cluster_22_16:0.002540895646104004)Node19:0,cluster_24_45:0)Node18:0,cluster_26_26:0.006304278460846959)Node17:0.002277727018446023,cluster_32_22:0.00968187877454753)Node16:0,(cluster_39_90:0.005122466382396129,cluster_44_16:0.01214686273089673)Node45:0.002427875495474749)Node15:0,cluster_52_16:0.01046297383243366)Node14:0,cluster_54_114:0.005013940437499175)Node13:0,cluster_56_69:0.002570379987737468)Node12:0,(cluster_75_89:0.01181910881194598,cluster_81_33:0.01380519668474937)Node51:0)Node11:0.002445983899221541,cluster_94_29:0.01223910684910674)Node10:0,cluster_107_29:0.01501644189950398)Node9:0,cluster_122_24:0.005099924220241589)Node8:0,cluster_125_57:0.005442671616655548)Node7:0,cluster_138_25:0.007710537489550467)Node6:0,cluster_159_42:0.005079467707971365)Node5:0,cluster_169_31:0.0099384451375936)Node4:0,cluster_211_26:0.01024521859640489)Node3:0,cluster_226_15:0)Node2:0,cluster_354_15:0.008881717834443996)Node1:0,cluster_432_18:0.004429669357464893,cluster_1243_15:0.007544941368933425)"
  }, 
  "omega": 0.4628251062828517
 }, 
 "120-330": {
  "BranchLength": {
   "NS": 0.001669036216242926, 
   "S": 0.003171772769150581
  }, 
  "Diversity": {
   "NS": 0.0004835179681841681, 
   "S": 0.003198890659583581
  }, 
  "Tree": {
   "Combined": "((((cluster_0_3516:0.004718408112738219,cluster_2_1893:0)Node3:0,cluster_3_204:0.009307559153965956)Node2:0,cluster_10_39:0.004780295953708733)Node1:0.01986724284860528,cluster_21_35:0,cluster_27_59:0.00489377479952336)", 
   "NS": "((((cluster_0_3516:0,cluster_2_1893:0)Node3:0,cluster_3_204:0)Node2:0,cluster_10_39:0)Node1:0.01502132594618633,cluster_21_35:0,cluster_27_59:0)", 
   "S": "((((cluster_0_3516:0.004718408112738219,cluster_2_1893:0)Node3:0,cluster_3_204:0.009307559153965956)Node2:0,cluster_10_39:0.004780295953708733)Node1:0.004845916902418955,cluster_21_35:0,cluster_27_59:0.00489377479952336)"
  }, 
  "omega": 0.09096895002401857
 }, 
 "150-360": {
  "BranchLength": {
   "NS": 0, 
   "S": 0.003777023062480313
  }, 
  "Diversity": {
   "NS": 0, 
   "S": 0.002555184395895538
  }, 
  "Tree": {
   "Combined": "((cluster_0_3645:0,cluster_2_1961:0.004707809950840399)Node1:0,cluster_3_213:0.004546571019151635,cluster_7_43:0.00963073434240953)", 
   "NS": "((cluster_0_3645:0,cluster_2_1961:0)Node1:0,cluster_3_213:0,cluster_7_43:0)", 
   "S": "((cluster_0_3645:0,cluster_2_1961:0.004707809950840399)Node1:0,cluster_3_213:0.004546571019151635,cluster_7_43:0.00963073434240953)"
  }, 
  "omega": 0
 }, 
 "180-390": {
  "BranchLength": {
   "NS": 0.001965708041126372, 
   "S": 0.002084395309485382
  }, 
  "Diversity": {
   "NS": 0.0003550681995155726, 
   "S": 0.002409748916520591
  }, 
  "Tree": {
   "Combined": "((cluster_0_3686:0,cluster_2_1916:0.005231704914413614)Node1:0.009828540205631862,cluster_3_42:0.005190271633013294,cluster_21_63:0)", 
   "NS": "((cluster_0_3686:0,cluster_2_1916:0)Node1:0.009828540205631862,cluster_3_42:0,cluster_21_63:0)", 
   "S": "((cluster_0_3686:0,cluster_2_1916:0.005231704914413614)Node1:0,cluster_3_42:0.005190271633013294,cluster_21_63:0)"
  }, 
  "omega": 0.2687476202066298
 }, 
 "210-420": {
  "BranchLength": {
   "NS": 0.002254989990679649, 
   "S": 0.002280609272082446
  }, 
  "Diversity": {
   "NS": 0.002775252108035297, 
   "S": 0.00547793806309311
  }, 
  "Tree": {
   "Combined": "(((((cluster_0_722:0.009796917305582157,cluster_2_2862:0)Node4:0,cluster_4_973:0.01528311148815032)Node3:0,cluster_5_901:0.004889534573937923)Node2:0,cluster_15_36:0.004889534593094193)Node1:0,cluster_20_46:0.004970480260882971,cluster_27_54:0.01006201366873548)", 
   "NS": "(((((cluster_0_722:0.0049074136056459,cluster_2_2862:0)Node4:0,cluster_4_973:0.004864982362211788)Node3:0,cluster_5_901:0)Node2:0,cluster_15_36:0)Node1:0,cluster_20_46:0.004970480260882971,cluster_27_54:0.01006201366873548)", 
   "S": "(((((cluster_0_722:0.004889503699936258,cluster_2_2862:0)Node4:0,cluster_4_973:0.01041812912593853)Node3:0,cluster_5_901:0.004889534573937923)Node2:0,cluster_15_36:0.004889534593094193)Node1:0,cluster_20_46:0,cluster_27_54:0)"
  }, 
  "omega": 0.2010901931442257
 }, 
 "240-450": {
  "BranchLength": {
   "NS": 0.006468069614044381, 
   "S": 0.002744395994548241
  },