{
 "180-390": {
  "BranchLength": {
   "NS": 0.0001875982443069866, 
   "S": 0.004618870227320976
  }, 
  "Diversity": {
   "NS": 0.000476815812387439, 
   "S": 0.00359885929461429
  }, 
  "Tree": {
   "Combined": "((((((((((((cluster_0_4831:0,cluster_1_351:0.004689956107674664)Node11:0,cluster_4_290:0.005387372358294867)Node10:0,cluster_5_63:0.005343733326842518)Node9:0,cluster_6_59:0.005314403046410718)Node8:0,cluster_7_68:0.01093757743907608)Node7:0,cluster_8_180:0.005381777704148637)Node6:0,cluster_9_257:0.01087438570411439)Node5:0,cluster_13_60:0.005387372363096338)Node4:0,cluster_14_76:0.02281632956850907)Node3:0,cluster_17_97:0.005392968979499737)Node2:0,cluster_19_90:0.01682191139380467)Node1:0,cluster_20_33:0.01101819947997397,cluster_28_80:0.01079572431925338)", 
   "NS": "((((((((((((cluster_0_4831:0,cluster_1_351:0.004689956107674664)Node11:0,cluster_4_290:0)Node10:0,cluster_5_63:0)Node9:0,cluster_6_59:0)Node8:0,cluster_7_68:0)Node7:0,cluster_8_180:0)Node6:0,cluster_9_257:0)Node5:0,cluster_13_60:0)Node4:0,cluster_14_76:0)Node3:0,cluster_17_97:0)Node2:0,cluster_19_90:0)Node1:0,cluster_20_33:0,cluster_28_80:0)", 
   "S": "((((((((((((cluster_0_4831:0,cluster_1_351:0)Node11:0,cluster_4_290:0.005387372358294867)Node10:0,cluster_5_63:0.005343733326842518)Node9:0,cluster_6_59:0.005314403046410718)Node8:0,cluster_7_68:0.01093757743907608)Node7:0,cluster_8_180:0.005381777704148637)Node6:0,cluster_9_257:0.01087438570411439)Node5:0,cluster_13_60:0.005387372363096338)Node4:0,cluster_14_76:0.02281632956850907)Node3:0,cluster_17_97:0.005392968979499737)Node2:0,cluster_19_90:0.01682191139380467)Node1:0,cluster_20_33:0.01101819947997397,cluster_28_80:0.01079572431925338)"
  }, 
  "omega": 0.01812149760569685
 }, 
 "180-429": {
  "BranchLength": {
   "NS": 0.001207601458196662, 
   "S": 0.002724011336878192
  }, 
  "Diversity": {
   "NS": 0.002491053125899747, 
   "S": 0.003160313490312773
  }, 
  "Tree": {
   "Combined": "((((((((((((((((((((((((cluster_0_227:0.007970014422873177,cluster_1_3364:0)Node23:0,cluster_2_20:0.004008881134962808)Node22:0,cluster_3_54:0.00402131982697234)Node21:0,cluster_5_156:0.008599928607535378)Node20:0,cluster_6_718:0.003997518921252253)Node19:0,cluster_8_93:0.004602293148816962)Node18:0,cluster_9_81:0.003969367194126904)Node17:0,cluster_10_35:0.008562399011411075)Node16:0,(cluster_11_32:0.008536392383141857,cluster_12_17:0.009331978793510666)Node33:0)Node15:0,cluster_13_148:0.004590498493067962)Node14:0,cluster_14_187:0.01326590453689525)Node13:0,cluster_16_27:0.008075450928812799)Node12:0,(cluster_19_34:0.004602452287395914,cluster_21_45:0.004602293148784661)Node39:0)Node11:0,cluster_22_63:0.01937278902821731)Node10:0,cluster_24_19:0.01258496471658371)Node9:0,cluster_26_84:0.004608389127920484)Node8:0,cluster_27_48:0.004001985709675831)Node7:0,cluster_28_41:0.01332568240593827)Node6:0,cluster_32_79:0.01433423048537172)Node5:0,cluster_34_26:0.009378450039449175)Node4:0,cluster_36_22:0.004568594745290699)Node3:0,cluster_45_67:0.009210142919289588)Node2:0.004536756621493854,cluster_55_23:0)Node1:0,cluster_58_35:0.004531076638231588,cluster_63_21:0.00918572286194505)", 
   "NS": "((((((((((((((((((((((((cluster_0_227:0.007970014422873177,cluster_1_3364:0)Node23:0,cluster_2_20:0.004008881134962808)Node22:0,cluster_3_54:0.00402131982697234)Node21:0,cluster_5_156:0.003997488042024066)Node20:0,cluster_6_718:0.003997518921252253)Node19:0,cluster_8_93:0)Node18:0,cluster_9_81:0.003969367194126904)Node17:0,cluster_10_35:0.003994090625677601)Node16:0,(cluster_11_32:0.003999641539072759,cluster_12_17:0)Node33:0)Node15:0,cluster_13_148:0)Node14:0,cluster_14_187:0.003999226980919432)Node13:0,cluster_16_27:0.008075450928812799)Node12:0,(cluster_19_34:0,cluster_21_45:0)Node39:0)Node11:0,cluster_22_63:0)Node10:0,cluster_24_19:0.007974058598118918)Node9:0,cluster_26_84:0)Node8:0,cluster_27_48:0.004001985709675831)Node7:0,cluster_28_41:0.003993833359934209)Node6:0,cluster_32_79:0)Node5:0,cluster_34_26:0)Node4:0,cluster_36_22:0)Node3:0,cluster_45_67:0)Node2:0,cluster_55_23:0)Node1:0,cluster_58_35:0,cluster_63_21:0)", 
   "S": "((((((((((((((((((((((((cluster_0_227:0,cluster_1_3364:0)Node23:0,cluster_2_20:0)Node22:0,cluster_3_54:0)Node21:0,cluster_5_156:0.004602440565511313)Node20:0,cluster_6_718:0)Node19:0,cluster_8_93:0.004602293148816962)Node18:0,cluster_9_81:0)Node17:0,cluster_10_35:0.004568308385733477)Node16:0,(cluster_11_32:0.004536750844069096,cluster_12_17:0.009331978793510666)Node33:0)Node15:0,cluster_13_148:0.004590498493067962)Node14:0,cluster_14_187:0.009266677555975806)Node13:0,cluster_16_27:0)Node12:0,(cluster_19_34:0.004602452287395914,cluster_21_45:0.004602293148784661)Node39:0)Node11:0,cluster_22_63:0.01937278902821731)Node10:0,cluster_24_19:0.004610906118464793)Node9:0,cluster_26_84:0.004608389127920484)Node8:0,cluster_27_48:0)Node7:0,cluster_28_41:0.009331849046004056)Node6:0,cluster_32_79:0.01433423048537172)Node5:0,cluster_34_26:0.009378450039449175)Node4:0,cluster_36_22:0.004568594745290699)Node3:0,cluster_45_67:0.009210142919289588)Node2:0.004536756621493854,cluster_55_23:0)Node1:0,cluster_58_35:0.004531076638231588,cluster_63_21:0.00918572286194505)"
  }, 
  "omega": 0.1892787491014328
 }, 
 "210-420": {
  "BranchLength": {
   "NS": 0.001247835067183573, 
   "S": 0.003576558097781048
  }, 
  "Diversity": {
   "NS": 0.004934450263414403, 
   "S": 0.003412038378999109
  }, 
  "Tree": {
   "Combined": "((((((((((((((((cluster_0_244:0.004811487391476849,cluster_1_3618:0.004864083017204769)Node15:0,cluster_4_163:0.005330073559034778)Node14:0,cluster_5_776:0)Node13:0.004864372911806235,cluster_7_103:0.005329625654037423)Node12:0,(cluster_8_82:0.004817267177818798,cluster_9_38:0.01014229334153085)Node21:0)Node11:0,cluster_10_33:0.01010846040677038)Node10:0,cluster_12_157:0.005311336729785891)Node9:0,cluster_13_211:0.01563560506853626)Node8:0,cluster_17_37:0.005330073291542808)Node7:0,cluster_18_48:0.005330073138752822)Node6:0,cluster_19_67:0.02282498244026479)Node5:0,cluster_23_83:0.005334599787093931)Node4:0,cluster_24_47:0.004866654108156503)Node3:0,cluster_25_45:0.01571934860662286)Node2:0,cluster_29_82:0.01677933699098913)Node1:0,cluster_39_74:0.0106844344692038,cluster_51_33:0.01076965268313285)", 
   "NS": "((((((((((((((((cluster_0_244:0.004811487391476849,cluster_1_3618:0.004864083017204769)Node15:0,cluster_4_163:0)Node14:0,cluster_5_776:0)Node13:0.004864372911806235,cluster_7_103:0)Node12:0,(cluster_8_82:0.004817267177818798,cluster_9_38:0.004858650486206811)Node21:0)Node11:0,cluster_10_33:0.004865820600532156)Node10:0,cluster_12_157:0)Node9:0,cluster_13_211:0.004867242472169898)Node8:0,cluster_17_37:0)Node7:0,cluster_18_48:0)Node6:0,cluster_19_67:0)Node5:0,cluster_23_83:0)Node4:0,cluster_24_47:0.004866654108156503)Node3:0,cluster_25_45:0.004858649186053019)Node2:0,cluster_29_82:0)Node1:0,cluster_39_74:0,cluster_51_33:0)", 
   "S": "((((((((((((((((cluster_0_244:0,cluster_1_3618:0)Node15:0,cluster_4_163:0.005330073559034778)Node14:0,cluster_5_776:0)Node13:0,cluster_7_103:0.005329625654037423)Node12:0,(cluster_8_82:0,cluster_9_38:0.005283642855324033)Node21:0)Node11:0,cluster_10_33:0.005242639806238222)Node10:0,cluster_12_157:0.005311336729785891)Node9:0,cluster_13_211:0.01076836259636635)Node8:0,cluster_17_37:0.005330073291542808)Node7:0,cluster_18_48:0.005330073138752822)Node6:0,cluster_19_67:0.02282498244026479)Node5:0,cluster_23_83:0.005334599787093931)Node4:0,cluster_24_47:0)Node3:0,cluster_25_45:0.01086069942056985)Node2:0,cluster_29_82:0.01677933699098913)Node1:0,cluster_39_74:0.0106844344692038,cluster_51_33:0.01076965268313285)"
  }, 
  "omega": 0.1513887201443077
 }
}