{
 "180-390": {
  "BranchLength": {
   "NS": 0, 
   "S": 0.004843334502309916
  }, 
  "Diversity": {
   "NS": 0, 
   "S": 0.004967013484360022
  }, 
  "Tree": {
   "Combined": "((((((cluster_0_790:0.01247846506544737,cluster_1_4694:0)Node5:0,cluster_3_65:0.006136319747684766)Node4:0,cluster_5_797:0.006135971464007938)Node3:0,cluster_6_124:0.006135971491816203)Node2:0,cluster_7_60:0.006355909117987387)Node1:0,cluster_8_56:0.006227916356304633,cluster_9_89:0.01949279528678062)", 
   "NS": "((((((cluster_0_790:0,cluster_1_4694:0)Node5:0,cluster_3_65:0)Node4:0,cluster_5_797:0)Node3:0,cluster_6_124:0)Node2:0,cluster_7_60:0)Node1:0,cluster_8_56:0,cluster_9_89:0)", 
   "S": "((((((cluster_0_790:0.01247846506544737,cluster_1_4694:0)Node5:0,cluster_3_65:0.006136319747684766)Node4:0,cluster_5_797:0.006135971464007938)Node3:0,cluster_6_124:0.006135971491816203)Node2:0,cluster_7_60:0.006355909117987387)Node1:0,cluster_8_56:0.006227916356304633,cluster_9_89:0.01949279528678062)"
  }, 
  "omega": 0
 }, 
 "180-429": {
  "BranchLength": {
   "NS": 0, 
   "S": 0.003165283800646735
  }, 
  "Diversity": {
   "NS": 0, 
   "S": 0.004627450446699707
  }, 
  "Tree": {
   "Combined": "(((((((((cluster_0_706:0.009949036225780831,cluster_1_3778:0)Node8:0,cluster_3_56:0.004920023781219789)Node7:0,cluster_4_366:0.004997652567476721)Node6:0,cluster_6_701:0.00492002399987502)Node5:0,cluster_7_53:0.004920023998118688)Node4:0,cluster_8_56:0.005051505042707702)Node3:0,cluster_9_52:0.004971066477919652)Node2:0,cluster_10_88:0.01535955507275024)Node1:0,cluster_13_88:0.005051505046439325,cluster_15_17:0)", 
   "NS": "(((((((((cluster_0_706:0,cluster_1_3778:0)Node8:0,cluster_3_56:0)Node7:0,cluster_4_366:0)Node6:0,cluster_6_701:0)Node5:0,cluster_7_53:0)Node4:0,cluster_8_56:0)Node3:0,cluster_9_52:0)Node2:0,cluster_10_88:0)Node1:0,cluster_13_88:0,cluster_15_17:0)", 
   "S": "(((((((((cluster_0_706:0.009949036225780831,cluster_1_3778:0)Node8:0,cluster_3_56:0.004920023781219789)Node7:0,cluster_4_366:0.004997652567476721)Node6:0,cluster_6_701:0.00492002399987502)Node5:0,cluster_7_53:0.004920023998118688)Node4:0,cluster_8_56:0.005051505042707702)Node3:0,cluster_9_52:0.004971066477919652)Node2:0,cluster_10_88:0.01535955507275024)Node1:0,cluster_13_88:0.005051505046439325,cluster_15_17:0)"
  }, 
  "omega": 0
 }, 
 "210-420": {
  "BranchLength": {
   "NS": 0, 
   "S": 0.003782645963833086
  }, 
  "Diversity": {
   "NS": 0, 
   "S": 0.004886654317297064
  }, 
  "Tree": {
   "Combined": "(((((((cluster_0_745:0.01121937992444534,cluster_1_4112:0)Node6:0,cluster_3_294:0.005637075519850925)Node5:0,cluster_4_753:0.00554739823518939)Node4:0,cluster_5_58:0.005693546340326054)Node3:0,cluster_6_54:0.00559546734380572)Node2:0,cluster_7_90:0.01735327575642777)Node1:0,cluster_9_82:0.005693546337451092,cluster_11_50:0)", 
   "NS": "(((((((cluster_0_745:0,cluster_1_4112:0)Node6:0,cluster_3_294:0)Node5:0,cluster_4_753:0)Node4:0,cluster_5_58:0)Node3:0,cluster_6_54:0)Node2:0,cluster_7_90:0)Node1:0,cluster_9_82:0,cluster_11_50:0)", 
   "S": "(((((((cluster_0_745:0.01121937992444534,cluster_1_4112:0)Node6:0,cluster_3_294:0.005637075519850925)Node5:0,cluster_4_753:0.00554739823518939)Node4:0,cluster_5_58:0.005693546340326054)Node3:0,cluster_6_54:0.00559546734380572)Node2:0,cluster_7_90:0.01735327575642777)Node1:0,cluster_9_82:0.005693546337451092,cluster_11_50:0)"
  }, 
  "omega": 0
 }
}