{
 "150-360": {
  "BranchLength": {
   "NS": 0.00219144228377505, 
   "S": 0
  }, 
  "Diversity": {
   "NS": 0.0007865007266149753, 
   "S": 0
  }, 
  "Tree": {
   "Combined": "(((cluster_0_2306:0,cluster_1_3734:0)Node2:0,cluster_2_450:0.005102564574727803)Node1:0,cluster_3_48:0.005108593343588956,cluster_5_40:0.00512893806810859)", 
   "NS": "(((cluster_0_2306:0,cluster_1_3734:0)Node2:0,cluster_2_450:0.005102564574727803)Node1:0,cluster_3_48:0.005108593343588956,cluster_5_40:0.00512893806810859)", 
   "S": "(((cluster_0_2306:0,cluster_1_3734:0)Node2:0,cluster_2_450:0)Node1:0,cluster_3_48:0,cluster_5_40:0)"
  }, 
  "omega": 112.6403895382662
 }, 
 "159-552": {
  "BranchLength": {
   "NS": 0.000672861448347369, 
   "S": 0.000730911428170104
  }, 
  "Diversity": {
   "NS": 0.0006954255661120041, 
   "S": 0.001456525412742695
  }, 
  "Tree": {
   "Combined": "(((((((((((cluster_0_4610:0,cluster_1_2599:0.002786233872742086)Node10:0,cluster_2_436:0.005179817364821218)Node9:0,cluster_3_208:0.002832799563584018)Node8:0,cluster_5_167:0.002786234017765824)Node7:0,cluster_7_203:0.0025703145902784)Node6:0,cluster_8_33:0.005357549778847406)Node5:0,cluster_9_45:0.002573623747051563)Node4:0,cluster_11_61:0)Node3:0,cluster_13_62:0.002580739754402362)Node2:0,cluster_16_25:0)Node1:0,cluster_17_196:0,cluster_19_21:0.005619463470409005)", 
   "NS": "(((((((((((cluster_0_4610:0,cluster_1_2599:0)Node10:0,cluster_2_436:0.005179817364821218)Node9:0,cluster_3_208:0)Node8:0,cluster_5_167:0)Node7:0,cluster_7_203:0.0025703145902784)Node6:0,cluster_8_33:0.002571317855435943)Node5:0,cluster_9_45:0.002573623747051563)Node4:0,cluster_11_61:0)Node3:0,cluster_13_62:0.002580739754402362)Node2:0,cluster_16_25:0)Node1:0,cluster_17_196:0,cluster_19_21:0)", 
   "S": "(((((((((((cluster_0_4610:0,cluster_1_2599:0.002786233872742086)Node10:0,cluster_2_436:0)Node9:0,cluster_3_208:0.002832799563584018)Node8:0,cluster_5_167:0.002786234017765824)Node7:0,cluster_7_203:0)Node6:0,cluster_8_33:0.002786231923411461)Node5:0,cluster_9_45:0)Node4:0,cluster_11_61:0)Node3:0,cluster_13_62:0)Node2:0,cluster_16_25:0)Node1:0,cluster_17_196:0,cluster_19_21:0.005619463470409005)"
  }, 
  "omega": 0.358684051851884
 }, 
 "180-390": {
  "BranchLength": {
   "NS": 0.001433868370833505, 
   "S": 0.0009006637628784176
  }, 
  "Diversity": {
   "NS": 0.001332052526332262, 
   "S": 0.003168550217911277
  }, 
  "Tree": {
   "Combined": "((((((((cluster_0_4293:0,cluster_1_1094:0.005104058797582281)Node7:0,cluster_2_477:0.009810501206804023)Node6:0,cluster_3_2171:0.005103166311178259)Node5:0,cluster_5_94:0.005104058860172561)Node4:0,cluster_6_186:0.004837060455464454)Node3:0,cluster_8_44:0.004857515988393873)Node2:0,cluster_10_81:0)Node1:0,cluster_11_45:0.004870684653507241,cluster_14_121:0)", 
   "NS": "((((((((cluster_0_4293:0,cluster_1_1094:0)Node7:0,cluster_2_477:0.009810501206804023)Node6:0,cluster_3_2171:0)Node5:0,cluster_5_94:0)Node4:0,cluster_6_186:0.004837060455464454)Node3:0,cluster_8_44:0.004857515988393873)Node2:0,cluster_10_81:0)Node1:0,cluster_11_45:0.004870684653507241,cluster_14_121:0)", 
   "S": "((((((((cluster_0_4293:0,cluster_1_1094:0.005104058797582281)Node7:0,cluster_2_477:0)Node6:0,cluster_3_2171:0.005103166311178259)Node5:0,cluster_5_94:0.005104058860172561)Node4:0,cluster_6_186:0)Node3:0,cluster_8_44:0)Node2:0,cluster_10_81:0)Node1:0,cluster_11_45:0,cluster_14_121:0)"
  }, 
  "omega": 0.6132425316638117
 }, 
 "210-420": {
  "BranchLength": {
   "NS": 0.001714831395112555, 
   "S": 0.0009191684063944298
  }, 
  "Diversity": {
   "NS": 0.003190538415239219, 
   "S": 0.00282741220660625
  }, 
  "Tree": {
   "Combined": "((((((((cluster_0_4697:0,cluster_1_2269:0.005208789077027283)Node7:0.004845069660895744,cluster_2_472:0.004864344028804268)Node6:0,cluster_3_679:0.01005880325161354)Node5:0,cluster_5_176:0)Node4:0,cluster_6_52:0.005208789076882874)Node3:0.004845847652036619,cluster_7_50:0.004863942499993724)Node2:0,cluster_9_53:0)Node1:0,cluster_10_49:0.004882411378364691,cluster_12_172:0)", 
   "NS": "((((((((cluster_0_4697:0,cluster_1_2269:0)Node7:0.004845069660895744,cluster_2_472:0.004864344028804268)Node6:0,cluster_3_679:0.004850518496818391)Node5:0,cluster_5_176:0)Node4:0,cluster_6_52:0)Node3:0.004845847652036619,cluster_7_50:0.004863942499993724)Node2:0,cluster_9_53:0)Node1:0,cluster_10_49:0.004882411378364691,cluster_12_172:0)", 
   "S": "((((((((cluster_0_4697:0,cluster_1_2269:0.005208789077027283)Node7:0,cluster_2_472:0)Node6:0,cluster_3_679:0.005208284754795151)Node5:0,cluster_5_176:0)Node4:0,cluster_6_52:0.005208789076882874)Node3:0,cluster_7_50:0)Node2:0,cluster_9_53:0)Node1:0,cluster_10_49:0,cluster_12_172:0)"
  }, 
  "omega": 0.7259917113540952
 }, 
 "240-450": {
  "BranchLength": {
   "NS": 0.001604186142595696, 
   "S": 0.0006639034226947016
  }, 
  "Diversity": {
   "NS": 0.00206968501016783, 
   "S": 0.001196084487413483
  }, 
  "Tree": {
   "Combined": "(((((((cluster_0_6415:0,cluster_1_1141:0.004979991042036656)Node6:0.004798479660860948,cluster_2_467:0.004816273222692483)Node5:0,cluster_4_219:0)Node4:0,cluster_5_50:0.004978560298383868)Node3:0.004799152988021917,cluster_6_50:0.004817214928757698)Node2:0,cluster_8_77:0)Node1:0,cluster_9_51:0.004831671338602395,cluster_11_195:0)", 
   "NS": "(((((((cluster_0_6415:0,cluster_1_1141:0)Node6:0.004798479660860948,cluster_2_467:0.004816273222692483)Node5:0,cluster_4_219:0)Node4:0,cluster_5_50:0)Node3:0.004799152988021917,cluster_6_50:0.004817214928757698)Node2:0,cluster_8_77:0)Node1:0,cluster_9_51:0.004831671338602395,cluster_11_195:0)", 
   "S": "(((((((cluster_0_6415:0,cluster_1_1141:0.004979991042036656)Node6:0,cluster_2_467:0)Node5:0,cluster_4_219:0)Node4:0,cluster_5_50:0.004978560298383868)Node3:0,cluster_6_50:0)Node2:0,cluster_8_77:0)Node1:0,cluster_9_51:0,cluster_11_195:0)"
  }, 
  "omega": 0.9273371627244711
 }, 
 "270-480": {
  "BranchLength": {
   "NS": 0.001608706964376595, 
   "S": 0.0006747162831797686
  }, 
  "Diversity": {
   "NS": 0.001271956397136717, 
   "S": 0.002416758454206183
  }, 
  "Tree": {
   "Combined": "(((((((cluster_0_4509:0,cluster_1_2856:0.004994808821968416)Node6:0,cluster_2_442:0.009718709253820462)Node5:0,cluster_3_173:0.005125935425728113)Node4:0,cluster_6_201:0.004788287316324207)Node3:0,cluster_8_43:0.004804433845164103)Node2:0,cluster_10_82:0)Node1:0,cluster_12_53:0.004819174050340154,cluster_15_250:0)", 
   "NS": "(((((((cluster_0_4509:0,cluster_1_2856:0)Node6:0,cluster_2_442:0.009718709253820462)Node5:0,cluster_3_173:0)Node4:0,cluster_6_201:0.004788287316324207)Node3:0,cluster_8_43:0.004804433845164103)Node2:0,cluster_10_82:0)Node1:0,cluster_12_53:0.004819174050340154,cluster_15_250:0)", 
   "S": "(((((((cluster_0_4509:0,cluster_1_2856:0.004994808821968416)Node6:0,cluster_2_442:0)Node5:0,cluster_3_173:0.005125935425728113)Node4:0,cluster_6_201:0)Node3:0,cluster_8_43:0)Node2:0,cluster_10_82:0)Node1:0,cluster_12_53:0,cluster_15_250:0)"
  }, 
  "omega": 1.105982096739616
 }, 
 "300-510": {
  "BranchLength": {
   "NS": 0.002173074397182936, 
   "S": 0.000474203777137853
  }, 
  "Diversity": {
   "NS": 0.001334294203610988, 
   "S": 0.0002649140624258109
  }, 
  "Tree": {
   "Combined": "(((((cluster_0_7518:0,cluster_1_445:0.009619504588048599)Node4:0,cluster_2_226:0.005216241548516382)Node3:0,cluster_3_78:0.004759383271677657)Node2:0,cluster_5_226:0.004752826628218514)Node1:0,cluster_6_111:0,cluster_8_65:0.004772103881067522)", 
   "NS": "(((((cluster_0_7518:0,cluster_1_445:0.009619504588048599)Node4:0,cluster_2_226:0)Node3:0,cluster_3_78:0.004759383271677657)Node2:0,cluster_5_226:0.004752826628218514)Node1:0,cluster_6_111:0,cluster_8_65:0.004772103881067522)", 
   "S": "(((((cluster_0_7518:0,cluster_1_445:0)Node4:0,cluster_2_226:0.005216241548516382)Node3:0,cluster_3_78:0)Node2:0,cluster_5_226:0)Node1:0,cluster_6_111:0,cluster_8_65:0)"
  }, 
  "omega": 1.847368070213047
 }, 
 "330-540": {
  "BranchLength": {
   "NS": 0, 
   "S": 0.005201470148379131
  }, 
  "Diversity": {
   "NS": 0,