{
 "117-528": {
  "BranchLength": {
   "NS": 0.01128722407044013, 
   "S": 0.002897470359027074
  }, 
  "Diversity": {
   "NS": 0.03671474675167943, 
   "S": 0.01317082557261271
  }, 
  "Tree": {
   "Combined": "(((((((((((((((((((((((((((((cluster_1_171:0.02889961779743698,cluster_2_699:0.005083478288797284)Node28:0,cluster_11_20:0.01529879455677687)Node27:0,cluster_14_11:0.01623284688221296)Node26:0.005264942929080699,cluster_17_20:0.00249530460879778)Node25:0.005177868916073096,cluster_18_51:0.05011034523017061)Node24:0,cluster_24_152:0.04974587897661271)Node23:0,cluster_28_14:0.01594966773123634)Node22:0,cluster_31_63:0.05233952107163375)Node21:0,cluster_34_14:0.0107248202616012)Node20:0,cluster_46_25:0.0103884594032067)Node19:0.007806416243016835,cluster_56_15:0.03092961041758336)Node18:0,cluster_58_11:0.02284313222073323)Node17:0,cluster_59_25:0.04697622378792022)Node16:0,(cluster_66_25:0.02595408097642378,cluster_67_11:0.03338745320260023)Node43:0)Node15:0,cluster_68_11:0.0334603158496768)Node14:0,cluster_70_14:0.009974639452953103)Node13:0,cluster_71_24:0.04693020404766535)Node12:0,(cluster_76_23:0.01313395686763842,cluster_78_22:0.009973005410992363)Node49:0.002631905383106752)Node11:0,cluster_85_53:0.03090427273609883)Node10:0.005214036270215439,cluster_88_17:0.02344790750278949)Node9:0.007889592619622217,cluster_110_17:0.01054804167280537)Node8:0,cluster_121_13:0.0308415522663414)Node7:0,cluster_128_24:0.05791003500419729)Node6:0.007126168087900237,cluster_190_11:0.02254089900129072)Node5:0,cluster_197_14:0.01114012603103109)Node4:0,cluster_202_13:0.01584020806283871)Node3:0.007154460770241097,cluster_205_10:0.02036539718917877)Node2:0,cluster_239_20:0.02826626457295559)Node1:0,cluster_269_11:0.01042717577474003,cluster_291_15:0.05230712098024035)", 
   "NS": "(((((((((((((((((((((((((((((cluster_1_171:0.01242278651397837,cluster_2_699:0.005083478288797284)Node28:0,cluster_11_20:0.009890503431886122)Node27:0,cluster_14_11:0.008787996734389319)Node26:0,cluster_17_20:0.00249530460879778)Node25:0,cluster_18_51:0.04493003605463325)Node24:0,cluster_24_152:0.04974587897661271)Node23:0,cluster_28_14:0.004873151547937864)Node22:0,cluster_31_63:0.04949477197473498)Node21:0,cluster_34_14:0)Node20:0,cluster_46_25:0.002494217461551346)Node19:0.007806416243016835,cluster_56_15:0.03092961041758336)Node18:0,cluster_58_11:0.02028005852848697)Node17:0,cluster_59_25:0.04405431499909421)Node16:0,(cluster_66_25:0.01784213627817135,cluster_67_11:0.03038725558537618)Node43:0)Node15:0,cluster_68_11:0.0334603158496768)Node14:0,cluster_70_14:0.007398529548331909)Node13:0,cluster_71_24:0.04693020404766535)Node12:0,(cluster_76_23:0.00497900123412345,cluster_78_22:0.007395863424914005)Node49:0)Node11:0,cluster_85_53:0.03090427273609883)Node10:0.002589806204357054,cluster_88_17:0.01537535860699953)Node9:0.007889592619622217,cluster_110_17:0)Node8:0,cluster_121_13:0.02783598838446226)Node7:0,cluster_128_24:0.05506917074941895)Node6:0,cluster_190_11:0.01422199288137276)Node5:0,cluster_197_14:0.00508396741704492)Node4:0,cluster_202_13:0.01242332422136996)Node3:0,cluster_205_10:0.01780663799462358)Node2:0,cluster_239_20:0.02826626457295559)Node1:0,cluster_269_11:0.002495434640388308,cluster_291_15:0.04945147365925495)", 
   "S": "(((((((((((((((((((((((((((((cluster_1_171:0.01647683128345862,cluster_2_699:0)Node28:0,cluster_11_20:0.005408291124890753)Node27:0,cluster_14_11:0.007444850147823644)Node26:0.005264942929080699,cluster_17_20:0)Node25:0.005177868916073096,cluster_18_51:0.00518030917553738)Node24:0,cluster_24_152:0)Node23:0,cluster_28_14:0.01107651618329847)Node22:0,cluster_31_63:0.002844749096898785)Node21:0,cluster_34_14:0.0107248202616012)Node20:0,cluster_46_25:0.007894241941655347)Node19:0,cluster_56_15:0)Node18:0,cluster_58_11:0.002563073692246259)Node17:0,cluster_59_25:0.002921908788825981)Node16:0,(cluster_66_25:0.00811194469825244,cluster_67_11:0.003000197617224047)Node43:0)Node15:0,cluster_68_11:0)Node14:0,cluster_70_14:0.002576109904621196)Node13:0,cluster_71_24:0)Node12:0,(cluster_76_23:0.008154955633514966,cluster_78_22:0.002577141986078358)Node49:0.002631905383106752)Node11:0,cluster_85_53:0)Node10:0.002624230065858385,cluster_88_17:0.008072548895789951)Node9:0,cluster_110_17:0.01054804167280537)Node8:0,cluster_121_13:0.003005563881879112)Node7:0,cluster_128_24:0.002840864254778329)Node6:0.007126168087900237,cluster_190_11:0.00831890611991796)Node5:0,cluster_197_14:0.00605615861398618)Node4:0,cluster_202_13:0.003416883841468755)Node3:0.007154460770241097,cluster_205_10:0.002558759194555201)Node2:0,cluster_239_20:0)Node1:0,cluster_269_11:0.007931741134351725,cluster_291_15:0.002855647320985406)"
  }, 
  "omega": 0.9919163683039848
 }, 
 "120-330": {
  "BranchLength": {
   "NS": 0.0135550686151633, 
   "S": 0.003411377835147244
  }, 
  "Diversity": {
   "NS": 0.03071774349632423, 
   "S": 0.01015508564503131
  }, 
  "Tree": {
   "Combined": "((((((((cluster_0_1084:0.01467014804332644,cluster_1_314:0.009421320370470282)Node7:0,cluster_2_53:0.00950296728582966)Node6:0,cluster_7_415:0.05597152703441227)Node5:0,cluster_13_44:0.004622383767937404)Node4:0.004798360191478866,cluster_14_56:0.04465906142935976)Node3:0,cluster_18_108:0.05519937547862653)Node2:0,cluster_27_141:0.02967348738409497)Node1:0,cluster_31_36:0.01465178667376805,cluster_33_49:0.04525917199597493)", 
   "NS": "((((((((cluster_0_1084:0,cluster_1_314:0.004804736845968943)Node7:0,cluster_2_53:0)Node6:0,cluster_7_415:0.05597152703441227)Node5:0,cluster_13_44:0)Node4:0.004798360191478866,cluster_14_56:0.04012884080640588)Node3:0,cluster_18_108:0.04980004219944015)Node2:0,cluster_27_141:0.02967348738409497)Node1:0,cluster_31_36:0,cluster_33_49:0.04525917199597493)", 
   "S": "((((((((cluster_0_1084:0.01467014804332644,cluster_1_314:0.004616583524501338)Node7:0,cluster_2_53:0.00950296728582966)Node6:0,cluster_7_415:0)Node5:0,cluster_13_44:0.004622383767937404)Node4:0,cluster_14_56:0.004530220622953884)Node3:0,cluster_18_108:0.005399333279186375)Node2:0,cluster_27_141:0)Node1:0,cluster_31_36:0.01465178667376805,cluster_33_49:0)"
  }, 
  "omega": 1.027439294029709
 }, 
 "150-360": {
  "BranchLength": {
   "NS": 0.006161922477060275, 
   "S": 0.004694529914778086
  }, 
  "Diversity": {
   "NS": 0.02205586663566566, 
   "S": 0.01512596150828487
  }, 
  "Tree": {
   "Combined": "(((((((cluster_0_1011:0.005045397437135972,cluster_1_285:0.02537921479630329)Node6:0,cluster_2_43:0)Node5:0,cluster_5_87:0.01026286809231937)Node4:0.00491327803618705,cluster_6_36:0)Node3:0.01473766739009963,cluster_7_363:0.05211761092532469)Node2:0,cluster_15_124:0.03046197182625634)Node1:0.004937036894227567,cluster_20_33:0.01020441571526084,cluster_22_37:0.004787324764460641)", 
   "NS": "(((((((cluster_0_1011:0,cluster_1_285:0.004923784940828774)Node6:0,cluster_2_43:0)Node5:0,cluster_5_87:0)Node4:0,cluster_6_36:0)Node3:0.004925469463494318,cluster_7_363:0.05211761092532469)Node2:0,cluster_15_124:0.03046197182625634)Node1:0,cluster_20_33:0,cluster_22_37:0)", 
   "S": "(((((((cluster_0_1011:0.005045397437135972,cluster_1_285:0.02045542985547453)Node6:0,cluster_2_43:0)Node5:0,cluster_5_87:0.01026286809231937)Node4:0.00491327803618705,cluster_6_36:0)Node3:0.009812197926605312,cluster_7_363:0)Node2:0,cluster_15_124:0)Node1:0.004937036894227567,cluster_20_33:0.01020441571526084,cluster_22_37:0.004787324764460641)"
  }, 
  "omega": 0.3382037650423869
 }, 
 "180-390": {
  "BranchLength": {
   "NS": 0.007051247706065673, 
   "S": 0.00388630062784241
  }, 
  "Diversity": {
   "NS": 0.02149900453057245, 
   "S": 0.01097680664175932
  }, 
  "Tree": {
   "Combined": "((((((cluster_0_984:0.01031748657414405,cluster_1_291:0.01480375094265926)Node5:0,cluster_3_94:0.005396289115392327)Node4:0,cluster_4_35:0.005100307650942358)Node3:0.009716658365469769,cluster_6_323:0.05168816696072522)Node2:0,cluster_12_133:0.03018298988522289)Node1:0.004984385922754101,cluster_19_32:0.005068940072934753,cluster_21_36:0.00492915285056036)",