{
 "144-564": {
  "BranchLength": {
   "NS": 0.0008611870696343799, 
   "S": 0.002640269938888842
  }, 
  "Diversity": {
   "NS": 0.008329124065528076, 
   "S": 0.02482640114988399
  }, 
  "Tree": {
   "Combined": "(((((((((((((((((((((((((((((((((((cluster_0_712:0,cluster_1_101:0.002664628061642522)Node34:0.01009330307914963,cluster_2_17:0.004983174945648725)Node33:0,cluster_4_10:0.002629312461510736)Node32:0,cluster_5_33:0)Node31:0.01009270901981815,cluster_7_208:0.005340456431122861)Node30:0,cluster_8_13:0.008059834204285868)Node29:0,cluster_10_148:0.002634213928333397)Node28:0,cluster_11_13:0.008123329990473863)Node27:0,cluster_13_11:0)Node26:0,cluster_14_38:0.01750676342657029)Node25:0,cluster_17_87:0.005326744344340413)Node24:0.005340521594617807,cluster_19_19:0.002659883902562445)Node23:0,cluster_20_13:0.008006778264004763)Node22:0,cluster_23_15:0.002373556950926871)Node21:0,cluster_24_18:0.01072341110459039)Node20:0,cluster_25_12:0.01750670520832752)Node19:0,cluster_27_18:0.002711059596741852)Node18:0,cluster_41_16:0.01013746560360088)Node17:0.002233602417798318,cluster_70_17:0.005883087563499936)Node16:0.02522042858659592,(cluster_72_15:0.01149197044438072,cluster_164_211:0)Node55:0)Node15:0,cluster_166_77:0.002639494406821971)Node14:0,cluster_167_347:0.002669979950149532)Node13:0.00266997980480963,cluster_168_61:0)Node12:0.005413791140578816,(cluster_170_138:0,cluster_173_103:0.005350648527947055)Node61:0)Node11:0,cluster_174_95:0.002669980016786732)Node10:0,cluster_175_106:0.002701183459165864)Node9:0,cluster_176_12:0.002422521316634017)Node8:0,cluster_177_13:0.008075312336977355)Node7:0.00541379167818964,cluster_178_22:0.002702143852438265)Node6:0,cluster_179_13:0)Node5:0.002710252869495253,cluster_184_16:0.01090913012042166)Node4:0,cluster_185_16:0.005430739777714154)Node3:0,cluster_192_13:0.005465392899976585)Node2:0,cluster_195_10:0.002745901789427215)Node1:0.002778350175658752,cluster_201_14:0.002626202172022851,cluster_214_24:0.005471538213482356)", 
   "NS": "(((((((((((((((((((((((((((((((((((cluster_0_712:0,cluster_1_101:0)Node34:0.004776837503307538,cluster_2_17:0.003235119029936525)Node33:0,cluster_4_10:0)Node32:0,cluster_5_33:0)Node31:0.004777067686910596,cluster_7_208:0)Node30:0,cluster_8_13:0)Node29:0,cluster_10_148:0)Node28:0,cluster_11_13:0)Node27:0,cluster_13_11:0)Node26:0,cluster_14_38:0.01750676342657029)Node25:0,cluster_17_87:0)Node24:0,cluster_19_19:0)Node23:0,cluster_20_13:0)Node22:0,cluster_23_15:0.002373556950926871)Node21:0,cluster_24_18:0)Node20:0,cluster_25_12:0.01750670520832752)Node19:0,cluster_27_18:0)Node18:0,cluster_41_16:0.004795782859878587)Node17:0,cluster_70_17:0)Node16:0.007194676240086549,(cluster_72_15:0,cluster_164_211:0)Node55:0)Node15:0,cluster_166_77:0)Node14:0,cluster_167_347:0)Node13:0,cluster_168_61:0)Node12:0,(cluster_170_138:0,cluster_173_103:0)Node61:0)Node11:0,cluster_174_95:0)Node10:0,cluster_175_106:0)Node9:0,cluster_176_12:0.002422521316634017)Node8:0,cluster_177_13:0)Node7:0,cluster_178_22:0)Node6:0,cluster_179_13:0)Node5:0,cluster_184_16:0)Node4:0,cluster_185_16:0)Node3:0,cluster_192_13:0)Node2:0,cluster_195_10:0)Node1:0,cluster_201_14:0,cluster_214_24:0)", 
   "S": "(((((((((((((((((((((((((((((((((((cluster_0_712:0,cluster_1_101:0.002664628061642522)Node34:0.005316465575842091,cluster_2_17:0.001748055915712202)Node33:0,cluster_4_10:0.002629312461510736)Node32:0,cluster_5_33:0)Node31:0.005315641332907549,cluster_7_208:0.005340456431122861)Node30:0,cluster_8_13:0.008059834204285868)Node29:0,cluster_10_148:0.002634213928333397)Node28:0,cluster_11_13:0.008123329990473863)Node27:0,cluster_13_11:0)Node26:0,cluster_14_38:0)Node25:0,cluster_17_87:0.005326744344340413)Node24:0.005340521594617807,cluster_19_19:0.002659883902562445)Node23:0,cluster_20_13:0.008006778264004763)Node22:0,cluster_23_15:0)Node21:0,cluster_24_18:0.01072341110459039)Node20:0,cluster_25_12:0)Node19:0,cluster_27_18:0.002711059596741852)Node18:0,cluster_41_16:0.005341682743722288)Node17:0.002233602417798318,cluster_70_17:0.005883087563499936)Node16:0.01802575234650939,(cluster_72_15:0.01149197044438072,cluster_164_211:0)Node55:0)Node15:0,cluster_166_77:0.002639494406821971)Node14:0,cluster_167_347:0.002669979950149532)Node13:0.00266997980480963,cluster_168_61:0)Node12:0.005413791140578816,(cluster_170_138:0,cluster_173_103:0.005350648527947055)Node61:0)Node11:0,cluster_174_95:0.002669980016786732)Node10:0,cluster_175_106:0.002701183459165864)Node9:0,cluster_176_12:0)Node8:0,cluster_177_13:0.008075312336977355)Node7:0.00541379167818964,cluster_178_22:0.002702143852438265)Node6:0,cluster_179_13:0)Node5:0.002710252869495253,cluster_184_16:0.01090913012042166)Node4:0,cluster_185_16:0.005430739777714154)Node3:0,cluster_192_13:0.005465392899976585)Node2:0,cluster_195_10:0.002745901789427215)Node1:0.002778350175658752,cluster_201_14:0.002626202172022851,cluster_214_24:0.005471538213482356)"
  }, 
  "omega": 0.08127782994675231
 }, 
 "150-360": {
  "BranchLength": {
   "NS": 0, 
   "S": 0.004043201611454407
  }, 
  "Diversity": {
   "NS": 0, 
   "S": 0.01249756038480146
  }, 
  "Tree": {
   "Combined": "((((((cluster_0_1034:0.005205384461001878,cluster_2_197:0)Node5:0,cluster_7_222:0)Node4:0.0104841524898842,cluster_33_319:0.01047702323463289)Node3:0,cluster_34_483:0.005206259585164528)Node2:0,cluster_35_221:0.005015449683327257)Node1:0,cluster_37_226:0,cluster_40_35:0.01617335149489654)", 
   "NS": "((((((cluster_0_1034:0,cluster_2_197:0)Node5:0,cluster_7_222:0)Node4:0,cluster_33_319:0)Node3:0,cluster_34_483:0)Node2:0,cluster_35_221:0)Node1:0,cluster_37_226:0,cluster_40_35:0)", 
   "S": "((((((cluster_0_1034:0.005205384461001878,cluster_2_197:0)Node5:0,cluster_7_222:0)Node4:0.0104841524898842,cluster_33_319:0.01047702323463289)Node3:0,cluster_34_483:0.005206259585164528)Node2:0,cluster_35_221:0.005015449683327257)Node1:0,cluster_37_226:0,cluster_40_35:0.01617335149489654)"
  }, 
  "omega": 0
 }, 
 "180-390": {
  "BranchLength": {
   "NS": 0.0002845638289867715, 
   "S": 0.003965937307212787
  }, 
  "Diversity": {
   "NS": 0.0001163358558715246, 
   "S": 0.006868715719613874
  }, 
  "Tree": {
   "Combined": "((((((((cluster_0_1636:0.00501652900850158,cluster_2_704:0)Node7:0,cluster_3_39:0.004837585092775116)Node6:0,cluster_5_58:0.01561934631596842)Node5:0,cluster_6_241:0.004873222604992193)Node4:0,cluster_8_36:0.004927804284932281)Node3:0.003725344999950632,cluster_9_67:0.01160165951956408)Node2:0,cluster_10_353:0.006290476768268526)Node1:0,cluster_11_39:0.009072869819719049,cluster_19_32:0.006293680900720623)", 
   "NS": "((((((((cluster_0_1636:0,cluster_2_704:0)Node7:0,cluster_3_39:0.004837585092775116)Node6:0,cluster_5_58:0)Node5:0,cluster_6_241:0)Node4:0,cluster_8_36:0)Node3:0,cluster_9_67:0)Node2:0,cluster_10_353:0)Node1:0,cluster_11_39:0,cluster_19_32:0)", 
   "S": "((((((((cluster_0_1636:0.00501652900850158,cluster_2_704:0)Node7:0,cluster_3_39:0)Node6:0,cluster_5_58:0.01561934631596842)Node5:0,cluster_6_241:0.004873222604992193)Node4:0,cluster_8_36:0.004927804284932281)Node3:0.003725344999950632,cluster_9_67:0.01160165951956408)Node2:0,cluster_10_353:0.006290476768268526)Node1:0,cluster_11_39:0.009072869819719049,cluster_19_32:0.006293680900720623)"
  }, 
  "omega": 0.02438293022757865
 }, 
 "210-420": {
  "BranchLength": {
   "NS": 0.0002541742487551802, 
   "S": 0.003595849253740018
  }, 
  "Diversity": {
   "NS": 0.0001126389994224137, 
   "S": 0.007736843549368237
  }, 
  "Tree": {
   "Combined": "(((((((((cluster_0_1588:0.005122332208185787,cluster_2_699:0)Node8:0,cluster_3_38:0.004829310726348423)Node7:0,cluster_7_245:0.004974214915270801)Node6:0,cluster_8_36:0.005031152944926378)Node5:0.003788173236574285,cluster_9_63:0.0118629391170774)Node4:0,cluster_10_347:0.006438968203755196)Node3:0,cluster_11_39:0.009269514218645053)Node2:0.006442574169321737,cluster_12_58:0.005088604915424394)Node1:0,cluster_20_33:0,cluster_28_75:0.01030266189187931)",