
{
	"Actual comparisons performed" :18446744073704886311,
	"Comparisons accounting for copy numbers " :1.15577e+07,
	"Total comparisons possible" : 2256750,
	"Links found" : 4715881,
	"Maximum distance" : 0.155601,
	"Mean distance" : 0.0149331,
	"Histogram" : [[0.005,2972369],[0.01,1743512],[0.015,2280709],[0.02,1624261],[0.025,953338],[0.03,642239],[0.035,480888],[0.04,283296],[0.045,269109],[0.05,204349],[0.055,31707],[0.06,20108],[0.065,18074],[0.07,7842],[0.075,4490],[0.08,5095],[0.085,4770],[0.09,1269],[0.095,2961],[0.1,410],[0.105,744],[0.11,315],[0.115,315],[0.12,261],[0.125,140],[0.13,138],[0.135,3312],[0.14,762],[0.145,744],[0.15,57],[0.155,95],[0.16,19],[0.165,0],[0.17,0],[0.175,0],[0.18,0],[0.185,0],[0.19,0],[0.195,0],[0.2,0],[0.205,0],[0.21,0],[0.215,0],[0.22,0],[0.225,0],[0.23,0],[0.235,0],[0.24,0],[0.245,0],[0.25,0],[0.255,0],[0.26,0],[0.265,0],[0.27,0],[0.275,0],[0.28,0],[0.285,0],[0.29,0],[0.295,0],[0.3,0],[0.305,0],[0.31,0],[0.315,0],[0.32,0],[0.325,0],[0.33,0],[0.335,0],[0.34,0],[0.345,0],[0.35,0],[0.355,0],[0.36,0],[0.365,0],[0.37,0],[0.375,0],[0.38,0],[0.385,0],[0.39,0],[0.395,0],[0.4,0],[0.405,0],[0.41,0],[0.415,0],[0.42,0],[0.425,0],[0.43,0],[0.435,0],[0.44,0],[0.445,0],[0.45,0],[0.455,0],[0.46,0],[0.465,0],[0.47,0],[0.475,0],[0.48,0],[0.485,0],[0.49,0],[0.495,0],[0.5,0],[0.505,0],[0.51,0],[0.515,0],[0.52,0],[0.525,0],[0.53,0],[0.535,0],[0.54,0],[0.545,0],[0.55,0],[0.555,0],[0.56,0],[0.565,0],[0.57,0],[0.575,0],[0.58,0],[0.585,0],[0.59,0],[0.595,0],[0.6,0],[0.605,0],[0.61,0],[0.615,0],[0.62,0],[0.625,0],[0.63,0],[0.635,0],[0.64,0],[0.645,0],[0.65,0],[0.655,0],[0.66,0],[0.665,0],[0.67,0],[0.675,0],[0.68,0],[0.685,0],[0.69,0],[0.695,0],[0.7,0],[0.705,0],[0.71,0],[0.715,0],[0.72,0],[0.725,0],[0.73,0],[0.735,0],[0.74,0],[0.745,0],[0.75,0],[0.755,0],[0.76,0],[0.765,0],[0.77,0],[0.775,0],[0.78,0],[0.785,0],[0.79,0],[0.795,0],[0.8,0],[0.805,0],[0.81,0],[0.815,0],[0.82,0],[0.825,0],[0.83,0],[0.835,0],[0.84,0],[0.845,0],[0.85,0],[0.855,0],[0.86,0],[0.865,0],[0.87,0],[0.875,0],[0.88,0],[0.885,0],[0.89,0],[0.895,0],[0.9,0],[0.905,0],[0.91,0],[0.915,0],[0.92,0],[0.925,0],[0.93,0],[0.935,0],[0.94,0],[0.945,0],[0.95,0],[0.955,0],[0.96,0],[0.965,0],[0.97,0],[0.975,0],[0.98,0],[0.985,0],[0.99,0],[0.995,0],[1,0]]
}
