{
 "150-360": {
  "BranchLength": {
   "NS": 0, 
   "S": 0.00367028932722893
  }, 
  "Diversity": {
   "NS": 0, 
   "S": 0.00405289294521057
  }, 
  "Tree": {
   "Combined": "((((cluster_1_1173:0,cluster_2_48:0.01100463698432023)Node3:0,cluster_3_142:0.005489177833241048)Node2:0,cluster_4_48:0.005598700004994874)Node1:0.00548917783373301,cluster_6_161:0.005450911288771208,cluster_8_51:0)", 
   "NS": "((((cluster_1_1173:0,cluster_2_48:0)Node3:0,cluster_3_142:0)Node2:0,cluster_4_48:0)Node1:0,cluster_6_161:0,cluster_8_51:0)", 
   "S": "((((cluster_1_1173:0,cluster_2_48:0.01100463698432023)Node3:0,cluster_3_142:0.005489177833241048)Node2:0,cluster_4_48:0.005598700004994874)Node1:0.00548917783373301,cluster_6_161:0.005450911288771208,cluster_8_51:0)"
  }, 
  "omega": 0
 }, 
 "159-552": {
  "BranchLength": {
   "NS": 0, 
   "S": 0.003366164559411559
  }, 
  "Diversity": {
   "NS": 0, 
   "S": 0.01345711285766254
  }, 
  "Tree": {
   "Combined": "((((((((((((((((((((((((((((((((((((((cluster_0_179:0.008638153700391562,cluster_1_1612:0)Node37:0,cluster_2_156:0.002788629998699175)Node36:0,cluster_3_66:0.002822951534039624)Node35:0,cluster_4_513:0.005603406030833436)Node34:0,cluster_5_63:0.01142168758252319)Node33:0,cluster_6_46:0.0116574047175622)Node32:0,cluster_7_47:0.005665043616903132)Node31:0,cluster_10_48:0.002789076469651557)Node30:0,cluster_11_207:0.00278900848549812)Node29:0,cluster_13_14:0.005641860456542548)Node28:0,cluster_15_56:0.005664157166244108)Node27:0,cluster_16_41:0.002824433318925731)Node26:0,cluster_18_10:0.008596639317891499)Node25:0.005596641695299263,cluster_20_63:0.00274656497786631)Node24:0,cluster_21_10:0.01155630855809271)Node23:0,cluster_22_11:0.00553658586031962)Node22:0.002769379364007174,cluster_23_120:0)Node21:0,cluster_26_22:0.002795805800319017)Node20:0,cluster_27_21:0.008537842852927925)Node19:0.005541015524315303,cluster_29_23:0)Node18:0.008329048305715495,cluster_30_48:0.002756011200526052)Node17:0,cluster_31_27:0.005528287254825094)Node16:0,(cluster_38_18:0.01432824405708676,cluster_39_29:0)Node61:0)Node15:0.008421001570521345,cluster_40_20:0.008439104880613398)Node14:0,cluster_41_13:0.01454814073228781)Node13:0,cluster_45_70:0.002791066427989198)Node12:0,(cluster_47_28:0.002767580462417355,cluster_48_26:0.005535266066574468)Node67:0)Node11:0,cluster_49_18:0.005690226365076979)Node10:0,cluster_50_62:0.005596262810378176)Node9:0,cluster_54_11:0.00564558375353435)Node8:0,cluster_58_27:0.005640905262300505)Node7:0.005940501220971017,cluster_64_21:0.002546769044422797)Node6:0,cluster_67_12:0.006265172093871399)Node5:0,cluster_68_17:0.005187577412720059)Node4:0.003307282126926514,cluster_69_12:0.005668719380609337)Node3:0.002843263617976417,cluster_72_16:0.002881237615784649)Node2:0,cluster_88_11:0.002846379496853202)Node1:0.002867123849274376,cluster_94_12:0.005734278757713928,cluster_133_15:0.008571698516512424)", 
   "NS": "((((((((((((((((((((((((((((((((((((((cluster_0_179:0,cluster_1_1612:0)Node37:0,cluster_2_156:0)Node36:0,cluster_3_66:0)Node35:0,cluster_4_513:0)Node34:0,cluster_5_63:0)Node33:0,cluster_6_46:0)Node32:0,cluster_7_47:0)Node31:0,cluster_10_48:0)Node30:0,cluster_11_207:0)Node29:0,cluster_13_14:0)Node28:0,cluster_15_56:0)Node27:0,cluster_16_41:0)Node26:0,cluster_18_10:0)Node25:0,cluster_20_63:0)Node24:0,cluster_21_10:0)Node23:0,cluster_22_11:0)Node22:0,cluster_23_120:0)Node21:0,cluster_26_22:0)Node20:0,cluster_27_21:0)Node19:0,cluster_29_23:0)Node18:0,cluster_30_48:0)Node17:0,cluster_31_27:0)Node16:0,(cluster_38_18:0,cluster_39_29:0)Node61:0)Node15:0,cluster_40_20:0)Node14:0,cluster_41_13:0)Node13:0,cluster_45_70:0)Node12:0,(cluster_47_28:0,cluster_48_26:0)Node67:0)Node11:0,cluster_49_18:0)Node10:0,cluster_50_62:0)Node9:0,cluster_54_11:0)Node8:0,cluster_58_27:0)Node7:0,cluster_64_21:0)Node6:0,cluster_67_12:0)Node5:0,cluster_68_17:0)Node4:0,cluster_69_12:0)Node3:0,cluster_72_16:0)Node2:0,cluster_88_11:0)Node1:0,cluster_94_12:0,cluster_133_15:0)", 
   "S": "((((((((((((((((((((((((((((((((((((((cluster_0_179:0.008638153700391562,cluster_1_1612:0)Node37:0,cluster_2_156:0.002788629998699175)Node36:0,cluster_3_66:0.002822951534039624)Node35:0,cluster_4_513:0.005603406030833436)Node34:0,cluster_5_63:0.01142168758252319)Node33:0,cluster_6_46:0.0116574047175622)Node32:0,cluster_7_47:0.005665043616903132)Node31:0,cluster_10_48:0.002789076469651557)Node30:0,cluster_11_207:0.00278900848549812)Node29:0,cluster_13_14:0.005641860456542548)Node28:0,cluster_15_56:0.005664157166244108)Node27:0,cluster_16_41:0.002824433318925731)Node26:0,cluster_18_10:0.008596639317891499)Node25:0.005596641695299263,cluster_20_63:0.00274656497786631)Node24:0,cluster_21_10:0.01155630855809271)Node23:0,cluster_22_11:0.00553658586031962)Node22:0.002769379364007174,cluster_23_120:0)Node21:0,cluster_26_22:0.002795805800319017)Node20:0,cluster_27_21:0.008537842852927925)Node19:0.005541015524315303,cluster_29_23:0)Node18:0.008329048305715495,cluster_30_48:0.002756011200526052)Node17:0,cluster_31_27:0.005528287254825094)Node16:0,(cluster_38_18:0.01432824405708676,cluster_39_29:0)Node61:0)Node15:0.008421001570521345,cluster_40_20:0.008439104880613398)Node14:0,cluster_41_13:0.01454814073228781)Node13:0,cluster_45_70:0.002791066427989198)Node12:0,(cluster_47_28:0.002767580462417355,cluster_48_26:0.005535266066574468)Node67:0)Node11:0,cluster_49_18:0.005690226365076979)Node10:0,cluster_50_62:0.005596262810378176)Node9:0,cluster_54_11:0.00564558375353435)Node8:0,cluster_58_27:0.005640905262300505)Node7:0.005940501220971017,cluster_64_21:0.002546769044422797)Node6:0,cluster_67_12:0.006265172093871399)Node5:0,cluster_68_17:0.005187577412720059)Node4:0.003307282126926514,cluster_69_12:0.005668719380609337)Node3:0.002843263617976417,cluster_72_16:0.002881237615784649)Node2:0,cluster_88_11:0.002846379496853202)Node1:0.002867123849274376,cluster_94_12:0.005734278757713928,cluster_133_15:0.008571698516512424)"
  }, 
  "omega": 0
 }, 
 "180-390": {
  "BranchLength": {
   "NS": 0, 
   "S": 0.004449663026081804
  }, 
  "Diversity": {
   "NS": 0, 
   "S": 0.008279664067132993
  }, 
  "Tree": {
   "Combined": "(((((((((((((cluster_0_286:0.01061919283070539,cluster_1_2349:0)Node12:0,cluster_2_243:0.005153671668556149)Node11:0.005153671427535019,cluster_3_395:0)Node10:0,cluster_4_100:0.0158520685389615)Node9:0,cluster_5_36:0.005101554689175668)Node8:0,cluster_7_43:0.005060648050095554)Node7:0,cluster_8_53:0.01602998897293481)Node6:0,cluster_10_99:0.01061952563267897)Node5:0,cluster_11_46:0.01028318555593078)Node4:0,cluster_13_82:0.004997956985698868)Node3:0.01038823097246587,cluster_14_52:0)Node2:0,cluster_16_34:0.01049298097402321)Node1:0,cluster_21_96:0.01038822540544692,cluster_24_60:0)", 
   "NS": "(((((((((((((cluster_0_286:0,cluster_1_2349:0)Node12:0,cluster_2_243:0)Node11:0,cluster_3_395:0)Node10:0,cluster_4_100:0)Node9:0,cluster_5_36:0)Node8:0,cluster_7_43:0)Node7:0,cluster_8_53:0)Node6:0,cluster_10_99:0)Node5:0,cluster_11_46:0)Node4:0,cluster_13_82:0)Node3:0,cluster_14_52:0)Node2:0,cluster_16_34:0)Node1:0,cluster_21_96:0,cluster_24_60:0)", 
   "S": "(((((((((((((cluster_0_286:0.01061919283070539,cluster_1_2349:0)Node12:0,cluster_2_243:0.005153671668556149)Node11:0.005153671427535019,cluster_3_395:0)Node10:0,cluster_4_100:0.0158520685389615)Node9:0,cluster_5_36:0.005101554689175668)Node8:0,cluster_7_43:0.005060648050095554)Node7:0,cluster_8_53:0.01602998897293481)Node6:0,cluster_10_99:0.01061952563267897)Node5:0,cluster_11_46:0.01028318555593078)Node4:0,cluster_13_82:0.004997956985698868)Node3:0.01038823097246587,cluster_14_52:0)Node2:0,cluster_16_34:0.01049298097402321)Node1:0,cluster_21_96:0.01038822540544692,cluster_24_60:0)"
  }, 
  "omega": 0
 }, 
 "210-420": {
  "BranchLength": {
   "NS": 0, 
   "S": 0.004495565083575203
  }, 
  "Diversity": {
   "NS": 0, 
   "S": 0.008631428334527323
  },