{
 "117-528": {
  "BranchLength": {
   "NS": 0.006370763403573949, 
   "S": 0.00268037400892027
  }, 
  "Diversity": {
   "NS": 0.03199312660621891, 
   "S": 0.01296656789226326
  }, 
  "Tree": {
   "Combined": "(((((((((((((((((((((((((((((((((cluster_6_42:0.00497041018952337,cluster_9_25:0.00249203503256094)Node32:0,cluster_11_181:0)Node31:0.002483637388110961,cluster_19_14:0.002507527916439373)Node30:0,cluster_20_38:0.007599372565217735)Node29:0,cluster_29_79:0)Node28:0.002353261267498291,cluster_34_75:0.09042643364503579)Node27:0.002653453095191721,cluster_36_44:0.002493742155696527)Node26:0.004969653736506575,cluster_38_16:0)Node25:0.002438593385908563,cluster_51_17:0.00251673187276335)Node24:0.002537835750266558,cluster_54_25:0.0050325684018652)Node23:0.007445536534940557,cluster_61_12:0.01769373774760316)Node22:0,cluster_63_48:0.05878062917348643)Node21:0,cluster_68_24:0.005019486262332096)Node20:0,cluster_72_12:0.06712226813148726)Node19:0.002527481606263827,cluster_81_36:0.005106476995846996)Node18:0,cluster_83_11:0.03380453247544046)Node17:0,cluster_87_31:0.0232976827572573)Node16:0,(cluster_91_22:0.01779927110850157,cluster_111_30:0.005017709206749489)Node51:0.00251922914216268)Node15:0,cluster_116_38:0)Node14:0,cluster_125_26:0.03673387504345384)Node13:0,cluster_144_18:0.007580855096754277)Node12:0,(cluster_220_33:0.002500650424473857,cluster_249_50:0.01005997264343848)Node57:0)Node11:0,cluster_256_11:0.02846757698609996)Node10:0,cluster_319_33:0.01262127030589639)Node9:0,cluster_364_22:0.01778819398100556)Node8:0,cluster_380_11:0.00774255516643458)Node7:0,cluster_385_17:0.03092500326284306)Node6:0.004990764678559867,cluster_417_21:0.005043522208314783)Node5:0,cluster_439_11:0.04485216136572604)Node4:0,cluster_563_15:0.01028981107652008)Node3:0,cluster_668_11:0.002546283079289736)Node2:0,cluster_695_11:0.007547227377757189)Node1:0,cluster_721_11:0.004996562653827748,cluster_817_25:0.02633517339203747)", 
   "NS": "(((((((((((((((((((((((((((((((((cluster_6_42:0.002486365109837709,cluster_9_25:0.00249203503256094)Node32:0,cluster_11_181:0)Node31:0.002483637388110961,cluster_19_14:0)Node30:0,cluster_20_38:0.002492222202313888)Node29:0,cluster_29_79:0)Node28:0.002353261267498291,cluster_34_75:0.07299230327021079)Node27:0.002653453095191721,cluster_36_44:0.002493742155696527)Node26:0.002494173252413941,cluster_38_16:0)Node25:0,cluster_51_17:0.00251673187276335)Node24:0.002537835750266558,cluster_54_25:0.0050325684018652)Node23:0.002474132488322582,cluster_61_12:0.01004576940535384)Node22:0,cluster_63_48:0.03511482469369778)Node21:0,cluster_68_24:0.002474803384850901)Node20:0,cluster_72_12:0.03902371316819755)Node19:0.002527481606263827,cluster_81_36:0.002523907140358882)Node18:0,cluster_83_11:0.02783335582004817)Node17:0,cluster_87_31:0.0232976827572573)Node16:0,(cluster_91_22:0.01389430082590866,cluster_111_30:0.005017709206749489)Node51:0.00251922914216268)Node15:0,cluster_116_38:0)Node14:0,cluster_125_26:0.03080872664810965)Node13:0,cluster_144_18:0.005020265515949501)Node12:0,(cluster_220_33:0.002500650424473857,cluster_249_50:0.007536185138227235)Node57:0)Node11:0,cluster_256_11:0.01266025272121133)Node10:0,cluster_319_33:0.01007082135150555)Node9:0,cluster_364_22:0.01061104706086068)Node8:0,cluster_380_11:0.002530488615614545)Node7:0,cluster_385_17:0.02790480412000509)Node6:0.004990764678559867,cluster_417_21:0.002492094385187727)Node5:0,cluster_439_11:0.02405172586107883)Node4:0,cluster_563_15:0.002492173271442673)Node3:0,cluster_668_11:0)Node2:0,cluster_695_11:0.007547227377757189)Node1:0,cluster_721_11:0.004996562653827748,cluster_817_25:0.02633517339203747)", 
   "S": "(((((((((((((((((((((((((((((((((cluster_6_42:0.002484045079685662,cluster_9_25:0)Node32:0,cluster_11_181:0)Node31:0,cluster_19_14:0.002507527916439373)Node30:0,cluster_20_38:0.005107150362903845)Node29:0,cluster_29_79:0)Node28:0,cluster_34_75:0.01743413037482499)Node27:0,cluster_36_44:0)Node26:0.002475480484092633,cluster_38_16:0)Node25:0.002438593385908563,cluster_51_17:0)Node24:0,cluster_54_25:0)Node23:0.004971404046617976,cluster_61_12:0.007647968342249317)Node22:0,cluster_63_48:0.02366580447978867)Node21:0,cluster_68_24:0.002544682877481194)Node20:0,cluster_72_12:0.02809855496328971)Node19:0,cluster_81_36:0.002582569855488115)Node18:0,cluster_83_11:0.005971176655392291)Node17:0,cluster_87_31:0)Node16:0,(cluster_91_22:0.00390497028259291,cluster_111_30:0)Node51:0)Node15:0,cluster_116_38:0)Node14:0,cluster_125_26:0.005925148395344183)Node13:0,cluster_144_18:0.002560589580804775)Node12:0,(cluster_220_33:0,cluster_249_50:0.002523787505211245)Node57:0)Node11:0,cluster_256_11:0.01580732426488864)Node10:0,cluster_319_33:0.002550448954390843)Node9:0,cluster_364_22:0.007177146920144877)Node8:0,cluster_380_11:0.005212066550820038)Node7:0,cluster_385_17:0.003020199142837969)Node6:0,cluster_417_21:0.002551427823127057)Node5:0,cluster_439_11:0.02080043550464723)Node4:0,cluster_563_15:0.007797637805077401)Node3:0,cluster_668_11:0.002546283079289736)Node2:0,cluster_695_11:0)Node1:0,cluster_721_11:0,cluster_817_25:0)"
  }, 
  "omega": 0.7204015940040982
 }, 
 "120-330": {
  "BranchLength": {
   "NS": 0.003750573137501116, 
   "S": 0.005759847200256449
  }, 
  "Diversity": {
   "NS": 0.01104463803849228, 
   "S": 0.0146967754852716
  }, 
  "Tree": {
   "Combined": "(((((((((((((((cluster_1_116:0.01911164394618587,cluster_2_1023:0)Node14:0,cluster_3_243:0.01438216884908921)Node13:0,cluster_12_51:0.03413426666157183)Node12:0,(cluster_14_103:0.009349150986799224,cluster_16_114:0.00485010902895956)Node19:0)Node11:0,cluster_21_158:0.00467263293861572)Node10:0,cluster_22_126:0.0190073689071842)Node9:0,cluster_23_137:0.04526634895707243)Node8:0,cluster_28_86:0.004672633303712756)Node7:0,cluster_29_82:0.01447943659378433)Node6:0,cluster_31_32:0.004635143886604927)Node5:0.02384601436676459,cluster_33_184:0.01401619056483778)Node4:0,cluster_37_87:0)Node3:0,cluster_42_43:0.01898089129720814)Node2:0.009147354384556224,cluster_45_41:0.03400648835286)Node1:0,cluster_66_32:0.00978688599000458,cluster_87_42:0.02949914213018824)", 
   "NS": "(((((((((((((((cluster_1_116:0.009777299306179125,cluster_2_1023:0)Node14:0,cluster_3_243:0.009801248474390853)Node13:0,cluster_12_51:0.009769523594551568)Node12:0,(cluster_14_103:0,cluster_16_114:0.00485010902895956)Node19:0)Node11:0,cluster_21_158:0)Node10:0,cluster_22_126:0.00980126464504193)Node9:0,cluster_23_137:0.03549848459727094)Node8:0,cluster_28_86:0)Node7:0,cluster_29_82:0)Node6:0,cluster_31_32:0)Node5:0.009777156056648086,cluster_33_184:0)Node4:0,cluster_37_87:0)Node3:0,cluster_42_43:0)Node2:0,cluster_45_41:0.01989163084721577)Node1:0,cluster_66_32:0.00978688599000458,cluster_87_42:0.004815310997274372)", 
   "S": "(((((((((((((((cluster_1_116:0.009334344640006747,cluster_2_1023:0)Node14:0,cluster_3_243:0.004580920374698358)Node13:0,cluster_12_51:0.02436474306702026)Node12:0,(cluster_14_103:0.009349150986799224,cluster_16_114:0)Node19:0)Node11:0,cluster_21_158:0.00467263293861572)Node10:0,cluster_22_126:0.009206104262142269)Node9:0,cluster_23_137:0.009767864359801497)Node8:0,cluster_28_86:0.004672633303712756)Node7:0,cluster_29_82:0.01447943659378433)Node6:0,cluster_31_32:0.004635143886604927)Node5:0.0140688583101165,cluster_33_184:0.01401619056483778)Node4:0,cluster_37_87:0)Node3:0,cluster_42_43:0.01898089129720814)Node2:0.009147354384556224,cluster_45_41:0.01411485750564422)Node1:0,cluster_66_32:0,cluster_87_42:0.02468383113291386)"
  }, 
  "omega": 0.2308744738129186
 }, 
 "150-360": {
  "BranchLength": {
   "NS": 0.004088641916479347, 
   "S": 0.00495192128743092
  }, 
  "Diversity": {
   "NS": 0.01140157709243284, 
   "S": 0.01445180287339049
  },