{
 "150-360": {
  "BranchLength": {
   "NS": 0, 
   "S": 0
  }, 
  "Diversity": {
   "NS": 0, 
   "S": 0
  }, 
  "Tree": "", 
  "omega": 0
 }, 
 "159-552": {
  "BranchLength": {
   "NS": 0.0003880106734701072, 
   "S": 0.001635556142615151
  }, 
  "Diversity": {
   "NS": 0.0007535736879947009, 
   "S": 0.003432791720342556
  }, 
  "Tree": {
   "Combined": "(((((((((((((cluster_0_189:0,cluster_1_18:0.005609583506631623)Node12:0,cluster_2_41:0.002606271016044583)Node11:0,cluster_3_42:0.002699309918771989)Node10:0,cluster_6_10:0.002750470380372218)Node9:0,cluster_8_13:0.00545444551282126)Node8:0,cluster_9_18:0.005555801418541937)Node7:0,cluster_10_45:0.002702389067441856)Node6:0,cluster_12_16:0.002658887092906061)Node5:0,cluster_13_31:0.002750470587571314)Node4:0,cluster_14_80:0.002750470679715553)Node3:0,cluster_15_18:0.005351755150335281)Node2:0,cluster_21_10:0.008268256933037272)Node1:0,cluster_25_15:0.002750469995515309,cluster_27_16:0.002727722774595723)", 
   "NS": "(((((((((((((cluster_0_189:0,cluster_1_18:0)Node12:0,cluster_2_41:0.002606271016044583)Node11:0,cluster_3_42:0)Node10:0,cluster_6_10:0)Node9:0,cluster_8_13:0)Node8:0,cluster_9_18:0)Node7:0,cluster_10_45:0)Node6:0,cluster_12_16:0.002658887092906061)Node5:0,cluster_13_31:0)Node4:0,cluster_14_80:0)Node3:0,cluster_15_18:0.002604887387462488)Node2:0,cluster_21_10:0.002606242687279763)Node1:0,cluster_25_15:0,cluster_27_16:0)", 
   "S": "(((((((((((((cluster_0_189:0,cluster_1_18:0.005609583506631623)Node12:0,cluster_2_41:0)Node11:0,cluster_3_42:0.002699309918771989)Node10:0,cluster_6_10:0.002750470380372218)Node9:0,cluster_8_13:0.00545444551282126)Node8:0,cluster_9_18:0.005555801418541937)Node7:0,cluster_10_45:0.002702389067441856)Node6:0,cluster_12_16:0)Node5:0,cluster_13_31:0.002750470587571314)Node4:0,cluster_14_80:0.002750470679715553)Node3:0,cluster_15_18:0.002746867762872792)Node2:0,cluster_21_10:0.005662014245757509)Node1:0,cluster_25_15:0.002750469995515309,cluster_27_16:0.002727722774595723)"
  }, 
  "omega": 0.1042976836577522
 }, 
 "180-390": {
  "BranchLength": {
   "NS": 0.00102252655186569, 
   "S": 0.001988171090954316
  }, 
  "Diversity": {
   "NS": 0.001155269843874196, 
   "S": 0.002557887624450084
  }, 
  "Tree": {
   "Combined": "((cluster_0_305:0,cluster_1_124:0.005066858568827398)Node1:0,cluster_2_71:0.005112632759328452,cluster_5_48:0.004873996885944182)", 
   "NS": "((cluster_0_305:0,cluster_1_124:0)Node1:0,cluster_2_71:0.005112632759328452,cluster_5_48:0)", 
   "S": "((cluster_0_305:0,cluster_1_124:0.005066858568827398)Node1:0,cluster_2_71:0,cluster_5_48:0.004873996885944182)"
  }, 
  "omega": 0.214928863805178
 }, 
 "210-420": {
  "BranchLength": {
   "NS": 0.001022757669725365, 
   "S": 0.001980771255394588
  }, 
  "Diversity": {
   "NS": 0.0009174222085526493, 
   "S": 0.002766880203015349
  }, 
  "Tree": {
   "Combined": "((cluster_0_282:0,cluster_2_50:0.005113788348626827)Node1:0,cluster_6_62:0.004870807831298581,cluster_7_109:0.005033048445674359)", 
   "NS": "((cluster_0_282:0,cluster_2_50:0.005113788348626827)Node1:0,cluster_6_62:0,cluster_7_109:0)", 
   "S": "((cluster_0_282:0,cluster_2_50:0)Node1:0,cluster_6_62:0.004870807831298581,cluster_7_109:0.005033048445674359)"
  }, 
  "omega": 0.2373599111141924
 }, 
 "240-450": {
  "BranchLength": {
   "NS": 0.0009939529391315447, 
   "S": 0.001933079459398433
  }, 
  "Diversity": {
   "NS": 0.0008821244226547768, 
   "S": 0.001816283236955196
  }, 
  "Tree": {
   "Combined": "((cluster_0_391:0,cluster_1_56:0.004969764695657723)Node1:0,cluster_5_87:0.004769486050070709,cluster_6_36:0.004895911246921458)", 
   "NS": "((cluster_0_391:0,cluster_1_56:0.004969764695657723)Node1:0,cluster_5_87:0,cluster_6_36:0)", 
   "S": "((cluster_0_391:0,cluster_1_56:0)Node1:0,cluster_5_87:0.004769486050070709,cluster_6_36:0.004895911246921458)"
  }, 
  "omega": 0.2538615501521064
 }, 
 "270-480": {
  "BranchLength": {
   "NS": 0.000982420092562962, 
   "S": 0.001954098140124238
  }, 
  "Diversity": {
   "NS": 0.0008440216279460542, 
   "S": 0.001951228063318267
  }, 
  "Tree": {
   "Combined": "((cluster_0_383:0,cluster_1_54:0.00491210046281481)Node1:0,cluster_3_97:0.004823985657023112,cluster_4_36:0.004946505043598078)", 
   "NS": "((cluster_0_383:0,cluster_1_54:0.00491210046281481)Node1:0,cluster_3_97:0,cluster_4_36:0)", 
   "S": "((cluster_0_383:0,cluster_1_54:0)Node1:0,cluster_3_97:0.004823985657023112,cluster_4_36:0.004946505043598078)"
  }, 
  "omega": 0.3114489364325609
 }, 
 "300-510": {
  "BranchLength": {
   "NS": 0.001954229131089802, 
   "S": 0.0009853718591936063
  }, 
  "Diversity": {
   "NS": 0.002414630472111066, 
   "S": 0.001134794679553252
  }, 
  "Tree": {
   "Combined": "((cluster_0_443:0.004885570175779667,cluster_1_61:0)Node1:0.004926859295968032,cluster_4_41:0.004885575479669345,cluster_5_36:0)", 
   "NS": "((cluster_0_443:0.004885570175779667,cluster_1_61:0)Node1:0,cluster_4_41:0.004885575479669345,cluster_5_36:0)", 
   "S": "((cluster_0_443:0,cluster_1_61:0)Node1:0.004926859295968032,cluster_4_41:0,cluster_5_36:0)"
  }, 
  "omega": 1.059083621790072
 }, 
 "330-540": {
  "BranchLength": {
   "NS": 0.0009661091665889565, 
   "S": 0.002031126570402764
  }, 
  "Diversity": {
   "NS": 0.0008857178021187196, 
   "S": 0.002015716284987461
  }, 
  "Tree": {
   "Combined": "((cluster_0_355:0,cluster_1_54:0.004830545832944783)Node1:0,cluster_2_82:0.00500955102790439,cluster_5_39:0.005146081824109433)", 
   "NS": "((cluster_0_355:0,cluster_1_54:0.004830545832944783)Node1:0,cluster_2_82:0,cluster_5_39:0)", 
   "S": "((cluster_0_355:0,cluster_1_54:0)Node1:0,cluster_2_82:0.00500955102790439,cluster_5_39:0.005146081824109433)"
  }, 
  "omega": 0.2087517474131284
 }
}