{
 "117-528": {
  "BranchLength": {
   "NS": 0.003482669942838571, 
   "S": 0.00246565736757707
  }, 
  "Diversity": {
   "NS": 0.01615840133949584, 
   "S": 0.0188346330145603
  }, 
  "Tree": {
   "Combined": "((((((((((((((((((((((((((((((((((((((((((cluster_4_54:0.002515040511480909,cluster_5_148:0.002524216141737227)Node41:0.002481131654864212,cluster_8_172:0)Node40:0,cluster_12_124:0.00247843341622319)Node39:0.002534002391178015,cluster_14_17:0.002499270644361652)Node38:0,cluster_19_293:0.002943154725457948)Node37:0.002543935682686595,cluster_20_17:0.03854964774459937)Node36:0,cluster_21_29:0.03878129865375558)Node35:0,cluster_22_12:0.005025918038133129)Node34:0.005471796216736199,cluster_23_89:0.002524876887814524)Node33:0,cluster_28_71:0.002462055024010201)Node32:0.00506700871978218,cluster_29_82:0.002475267218818133)Node31:0.002505376013834816,cluster_34_70:0)Node30:0.002619532182454851,cluster_50_15:0.005311251047460719)Node29:0.002450128626807062,cluster_54_23:0.005017542667548162)Node28:0.002486351117748724,cluster_58_10:0.01007278033434084)Node27:0.002506898299644366,cluster_61_12:0.002475266686079002)Node26:0,cluster_72_14:0.00513109493716823)Node25:0.002846859378990706,cluster_74_32:0.002555997105629741)Node24:0,cluster_78_40:0.005167585642813569)Node23:0.002874886334606369,cluster_86_14:0.01244490756306521)Node22:0,cluster_89_51:0.007445814969030133)Node21:0.002504853884925189,cluster_97_42:0.005073530494854409)Node20:0.002868952951344636,cluster_110_63:0)Node19:0,cluster_114_28:0.002524872632691195)Node18:0.002840534057539654,cluster_118_25:0.002525173283983249)Node17:0,cluster_121_26:0.002515183058582358)Node16:0,(cluster_122_18:0.004782182640337922,cluster_135_23:0.04249715854689448)Node69:0.00278578887581866)Node15:0.002524888684120522,cluster_144_20:0.0125602540720911)Node14:0.002455485791212575,cluster_146_14:0.005086649727864625)Node13:0.002338621071333008,cluster_159_26:0.03357507484046169)Node12:0,(cluster_161_10:0.009993479244196392,cluster_168_13:0.004993965250151849)Node75:0)Node11:0.002495561631544767,cluster_174_18:0)Node10:0.01247836325271825,cluster_175_11:0)Node9:0.00247403563953702,cluster_176_17:0.03596524073423143)Node8:0,cluster_190_12:0.002482865361920626)Node7:0.01243748431861058,cluster_195_16:0.03651055915599775)Node6:0,cluster_221_10:0.01019451709492121)Node5:0,cluster_249_10:0.005010870000930382)Node4:0,cluster_270_10:0.00759194727278335)Node3:0,cluster_335_13:0.04743032947589737)Node2:0.002513009928335808,cluster_442_10:0.01008299563909456)Node1:0,cluster_536_10:0,cluster_997_10:0.002497375433204036)", 
   "NS": "((((((((((((((((((((((((((((((((((((((((((cluster_4_54:0,cluster_5_148:0)Node41:0.002481131654864212,cluster_8_172:0)Node40:0,cluster_12_124:0.00247843341622319)Node39:0,cluster_14_17:0.002499270644361652)Node38:0,cluster_19_293:0.002943154725457948)Node37:0,cluster_20_17:0.02328108594915518)Node36:0,cluster_21_29:0.02058923066528822)Node35:0,cluster_22_12:0.002491281738649388)Node34:0.002927776865360983,cluster_23_89:0)Node33:0,cluster_28_71:0.002462055024010201)Node32:0,cluster_29_82:0.002475267218818133)Node31:0,cluster_34_70:0)Node30:0,cluster_50_15:0)Node29:0,cluster_54_23:0.005017542667548162)Node28:0,cluster_58_10:0.01007278033434084)Node27:0,cluster_61_12:0.002475266686079002)Node26:0,cluster_72_14:0)Node25:0.002846859378990706,cluster_74_32:0)Node24:0,cluster_78_40:0)Node23:0.002874886334606369,cluster_86_14:0.009933115546606834)Node22:0,cluster_89_51:0.007445814969030133)Node21:0,cluster_97_42:0.005073530494854409)Node20:0.002868952951344636,cluster_110_63:0)Node19:0,cluster_114_28:0)Node18:0.002840534057539654,cluster_118_25:0)Node17:0,cluster_121_26:0)Node16:0,(cluster_122_18:0.004782182640337922,cluster_135_23:0.02878662882569706)Node69:0.00278578887581866)Node15:0,cluster_144_20:0.01003322741701147)Node14:0.002455485791212575,cluster_146_14:0)Node13:0.002338621071333008,cluster_159_26:0.0178587194628864)Node12:0,(cluster_161_10:0.007503567749318561,cluster_168_13:0.002497755902486752)Node75:0)Node11:0,cluster_174_18:0)Node10:0.0100125456773973,cluster_175_11:0)Node9:0,cluster_176_17:0.02039199982016618)Node8:0,cluster_190_12:0)Node7:0.009941820010889177,cluster_195_16:0.01777251579064404)Node6:0,cluster_221_10:0.004968574020421942)Node5:0,cluster_249_10:0.005010870000930382)Node4:0,cluster_270_10:0.002486055501180047)Node3:0,cluster_335_13:0.03672119148162164)Node2:0,cluster_442_10:0.005034728116945904)Node1:0,cluster_536_10:0,cluster_997_10:0.002497375433204036)", 
   "S": "((((((((((((((((((((((((((((((((((((((((((cluster_4_54:0.002515040511480909,cluster_5_148:0.002524216141737227)Node41:0,cluster_8_172:0)Node40:0,cluster_12_124:0)Node39:0.002534002391178015,cluster_14_17:0)Node38:0,cluster_19_293:0)Node37:0.002543935682686595,cluster_20_17:0.01526856179544418)Node36:0,cluster_21_29:0.01819206798846735)Node35:0,cluster_22_12:0.002534636299483741)Node34:0.002544019351375217,cluster_23_89:0.002524876887814524)Node33:0,cluster_28_71:0)Node32:0.00506700871978218,cluster_29_82:0)Node31:0.002505376013834816,cluster_34_70:0)Node30:0.002619532182454851,cluster_50_15:0.005311251047460719)Node29:0.002450128626807062,cluster_54_23:0)Node28:0.002486351117748724,cluster_58_10:0)Node27:0.002506898299644366,cluster_61_12:0)Node26:0,cluster_72_14:0.00513109493716823)Node25:0,cluster_74_32:0.002555997105629741)Node24:0,cluster_78_40:0.005167585642813569)Node23:0,cluster_86_14:0.002511792016458379)Node22:0,cluster_89_51:0)Node21:0.002504853884925189,cluster_97_42:0)Node20:0,cluster_110_63:0)Node19:0,cluster_114_28:0.002524872632691195)Node18:0,cluster_118_25:0.002525173283983249)Node17:0,cluster_121_26:0.002515183058582358)Node16:0,(cluster_122_18:0,cluster_135_23:0.01371052972119741)Node69:0)Node15:0.002524888684120522,cluster_144_20:0.002527026655079628)Node14:0,cluster_146_14:0.005086649727864625)Node13:0,cluster_159_26:0.01571635537757528)Node12:0,(cluster_161_10:0.002489911494877831,cluster_168_13:0.002496209347665097)Node75:0)Node11:0.002495561631544767,cluster_174_18:0)Node10:0.002465817575320964,cluster_175_11:0)Node9:0.00247403563953702,cluster_176_17:0.01557324091406527)Node8:0,cluster_190_12:0.002482865361920626)Node7:0.002495664307721401,cluster_195_16:0.0187380433653537)Node6:0,cluster_221_10:0.005225943074499279)Node5:0,cluster_249_10:0)Node4:0,cluster_270_10:0.005105891771603301)Node3:0,cluster_335_13:0.01070913799427572)Node2:0.002513009928335808,cluster_442_10:0.005048267522148652)Node1:0,cluster_536_10:0,cluster_997_10:0)"
  }, 
  "omega": 0.3726885277439366
 }, 
 "120-330": {
  "BranchLength": {
   "NS": 0.002579693890736159, 
   "S": 0.00236367375801639
  }, 
  "Diversity": {
   "NS": 0.006408091667776464, 
   "S": 0.005025117687405184
  }, 
  "Tree": {
   "Combined": "((((((((((((cluster_2_64:0.009191593424862018,cluster_3_122:0.01991185436665235)Node11:0,cluster_4_622:0)Node10:0,cluster_5_761:0.004526953968060445)Node9:0,cluster_7_68:0.01426390327887745)Node8:0,cluster_8_450:0.004875207185280645)Node7:0,cluster_18_118:0.004606136673654699)Node6:0,cluster_19_36:0.004425746472338445)Node5:0,cluster_20_32:0.009053646747081071)Node4:0,cluster_24_177:0.004490649488836029)Node3:0,cluster_29_114:0.009414805907803183)Node2:0.009799123037046387,cluster_34_35:0)Node1:0,cluster_35_143:0.009345655289902459,cluster_55_84:0.01967891537841857)", 
   "NS": "((((((((((((cluster_2_64:0,cluster_3_122:0.01991185436665235)Node11:0,cluster_4_622:0)Node10:0,cluster_5_761:0)Node9:0,cluster_7_68:0.009790792396566649)Node8:0,cluster_8_450:0.004875207185280645)Node7:0,cluster_18_118:0)Node6:0,cluster_19_36:0)Node5:0,cluster_20_32:0)Node4:0,cluster_24_177:0)Node3:0,cluster_29_114:0)Node2:0.009799123037046387,cluster_34_35:0)Node1:0,cluster_35_143:0.004865050551805113,cluster_55_84:0.01525031973105285)",