{
 "117-528": {
  "BranchLength": {
   "NS": 0.00211170844486783, 
   "S": 0.001802151951599059
  }, 
  "Diversity": {
   "NS": 0.002258961068282907, 
   "S": 0.007089216153879044
  }, 
  "Tree": {
   "Combined": "((((((((((((((((((((((((((((cluster_2_1677:0,cluster_3_62:0.002491996272607086)Node27:0,cluster_4_38:0.005087036267061024)Node26:0.002585869605400481,cluster_6_225:0.005082546819524234)Node25:0,cluster_11_32:0.01930931533069941)Node24:0,cluster_12_93:0.005162172688877419)Node23:0,cluster_17_177:0.002491999778404451)Node22:0,cluster_21_42:0.007717614772311274)Node21:0,cluster_23_119:0)Node20:0.002586343712834317,cluster_26_102:0)Node19:0,cluster_32_324:0.002585869600531761)Node18:0,cluster_42_55:0.002588078726992538)Node17:0,cluster_54_115:0.002624458689820843)Node16:0,(cluster_60_47:0.007656613358873032,cluster_64_52:0.005242035898381907)Node41:0)Node15:0,cluster_82_82:0.002502006338838476)Node14:0,cluster_83_26:0.02050784759850279)Node13:0,cluster_85_71:0.01314941962052639)Node12:0,(cluster_107_35:0.002496545766754843,cluster_123_27:0.005014219815595268)Node47:0)Node11:0.005216092885338645,cluster_126_24:0)Node10:0,cluster_182_24:0.005004936297525616)Node9:0,cluster_185_47:0.01050973628748866)Node8:0,cluster_196_35:0.002573484294672551)Node7:0.005216092886720668,cluster_210_33:0.005013713727470106)Node6:0,cluster_253_26:0.02594811707801714)Node5:0,cluster_259_49:0.01037284341841573)Node4:0,cluster_280_26:0.002616473643774025)Node3:0,cluster_342_22:0.01067044879279607)Node2:0,cluster_400_22:0.02840228687804399)Node1:0,cluster_448_22:0.005019659689677627,cluster_468_28:0.005299607642001855)", 
   "NS": "((((((((((((((((((((((((((((cluster_2_1677:0,cluster_3_62:0.002491996272607086)Node27:0,cluster_4_38:0.00249188766183241)Node26:0,cluster_6_225:0)Node25:0,cluster_11_32:0.01391541935611675)Node24:0,cluster_12_93:0)Node23:0,cluster_17_177:0.002491999778404451)Node22:0,cluster_21_42:0)Node21:0,cluster_23_119:0)Node20:0,cluster_26_102:0)Node19:0,cluster_32_324:0)Node18:0,cluster_42_55:0)Node17:0,cluster_54_115:0)Node16:0,(cluster_60_47:0.00499452080510381,cluster_64_52:0)Node41:0)Node15:0,cluster_82_82:0.002502006338838476)Node14:0,cluster_83_26:0.02050784759850279)Node13:0,cluster_85_71:0)Node12:0,(cluster_107_35:0.002496545766754843,cluster_123_27:0.005014219815595268)Node47:0)Node11:0,cluster_126_24:0)Node10:0,cluster_182_24:0.002500770020574149)Node9:0,cluster_185_47:0.002491669709287228)Node8:0,cluster_196_35:0)Node7:0,cluster_210_33:0.005013713727470106)Node6:0,cluster_253_26:0.02502283120693145)Node5:0,cluster_259_49:0.006120533740504359)Node4:0,cluster_280_26:0)Node3:0,cluster_342_22:0)Node2:0,cluster_400_22:0.02573859364873681)Node1:0,cluster_448_22:0.005019659689677627,cluster_468_28:0)", 
   "S": "((((((((((((((((((((((((((((cluster_2_1677:0,cluster_3_62:0)Node27:0,cluster_4_38:0.002595148605228612)Node26:0.002585869605400481,cluster_6_225:0.005082546819524234)Node25:0,cluster_11_32:0.005393895974582654)Node24:0,cluster_12_93:0.005162172688877419)Node23:0,cluster_17_177:0)Node22:0,cluster_21_42:0.007717614772311274)Node21:0,cluster_23_119:0)Node20:0.002586343712834317,cluster_26_102:0)Node19:0,cluster_32_324:0.002585869600531761)Node18:0,cluster_42_55:0.002588078726992538)Node17:0,cluster_54_115:0.002624458689820843)Node16:0,(cluster_60_47:0.002662092553769225,cluster_64_52:0.005242035898381907)Node41:0)Node15:0,cluster_82_82:0)Node14:0,cluster_83_26:0)Node13:0,cluster_85_71:0.01314941962052639)Node12:0,(cluster_107_35:0,cluster_123_27:0)Node47:0)Node11:0.005216092885338645,cluster_126_24:0)Node10:0,cluster_182_24:0.002504166276951469)Node9:0,cluster_185_47:0.00801806657820143)Node8:0,cluster_196_35:0.002573484294672551)Node7:0.005216092886720668,cluster_210_33:0)Node6:0,cluster_253_26:0.0009252858710856934)Node5:0,cluster_259_49:0.004252309677911382)Node4:0,cluster_280_26:0.002616473643774025)Node3:0,cluster_342_22:0.01067044879279607)Node2:0,cluster_400_22:0.002663693229307167)Node1:0,cluster_448_22:0,cluster_468_28:0.005299607642001855)"
  }, 
  "omega": 0.262236094072905
 }, 
 "120-330": {
  "BranchLength": {
   "NS": 0.001040472218796173, 
   "S": 0.003998772372821991
  }, 
  "Diversity": {
   "NS": 0.006036003848587807, 
   "S": 0.006331738503604233
  }, 
  "Tree": {
   "Combined": "(((((((((((((((((((cluster_1_3248:0.004777938455452238,cluster_2_89:0.004783939136511412)Node18:0,cluster_3_36:0.004957948236696018)Node17:0.00477341411561517,cluster_4_471:0.009225018851264097)Node16:0,(cluster_6_122:0.01878723585366874,cluster_9_335:0.004772637395932214)Node23:0)Node15:0,cluster_11_135:0.01460602659779107)Node14:0,cluster_13_78:0.01420786196576786)Node13:0,cluster_14_60:0.004630996169610107)Node12:0,(cluster_15_276:0,cluster_16_95:0.01463951494964883)Node29:0)Node11:0,cluster_18_123:0.009732503254924481)Node10:0,cluster_22_187:0.009834689009461248)Node9:0,cluster_24_44:0.01006346859922514)Node8:0,cluster_25_110:0.00949326486103937)Node7:0,cluster_31_32:0.004708555615080546)Node6:0,cluster_38_52:0.01454139162140067)Node5:0,cluster_41_56:0.009607670350196487)Node4:0.004778369887674883,cluster_46_88:0.009818737229492972)Node3:0,cluster_54_46:0.009782643551678011)Node2:0,cluster_92_38:0.01450452013041225)Node1:0,cluster_110_52:0.004881667893755662,cluster_158_39:0.004777503707281621)", 
   "NS": "(((((((((((((((((((cluster_1_3248:0.004777938455452238,cluster_2_89:0)Node18:0,cluster_3_36:0)Node17:0.00477341411561517,cluster_4_471:0)Node16:0,(cluster_6_122:0,cluster_9_335:0.004772637395932214)Node23:0)Node15:0,cluster_11_135:0.009663040483507293)Node14:0,cluster_13_78:0)Node13:0,cluster_14_60:0)Node12:0,(cluster_15_276:0,cluster_16_95:0)Node29:0)Node11:0,cluster_18_123:0)Node10:0,cluster_22_187:0)Node9:0,cluster_24_44:0)Node8:0,cluster_25_110:0)Node7:0,cluster_31_32:0)Node6:0,cluster_38_52:0)Node5:0,cluster_41_56:0.004799775365122529)Node4:0,cluster_46_88:0.004818341941228683)Node3:0,cluster_54_46:0.006305713798439766)Node2:0,cluster_92_38:0.004829443852937538)Node1:0,cluster_110_52:0,cluster_158_39:0)", 
   "S": "(((((((((((((((((((cluster_1_3248:0,cluster_2_89:0.004783939136511412)Node18:0,cluster_3_36:0.004957948236696018)Node17:0,cluster_4_471:0.009225018851264097)Node16:0,(cluster_6_122:0.01878723585366874,cluster_9_335:0)Node23:0)Node15:0,cluster_11_135:0.004942986114283783)Node14:0,cluster_13_78:0.01420786196576786)Node13:0,cluster_14_60:0.004630996169610107)Node12:0,(cluster_15_276:0,cluster_16_95:0.01463951494964883)Node29:0)Node11:0,cluster_18_123:0.009732503254924481)Node10:0,cluster_22_187:0.009834689009461248)Node9:0,cluster_24_44:0.01006346859922514)Node8:0,cluster_25_110:0.00949326486103937)Node7:0,cluster_31_32:0.004708555615080546)Node6:0,cluster_38_52:0.01454139162140067)Node5:0,cluster_41_56:0.004807894985073956)Node4:0.004778369887674883,cluster_46_88:0.005000395288264289)Node3:0,cluster_54_46:0.003476929753238245)Node2:0,cluster_92_38:0.009675076277474715)Node1:0,cluster_110_52:0.004881667893755662,cluster_158_39:0.004777503707281621)"
  }, 
  "omega": 0.05727260674301111
 }, 
 "150-360": {
  "BranchLength": {
   "NS": 0.001206208733675868, 
   "S": 0.00421272995794165
  }, 
  "Diversity": {
   "NS": 0.0058952499855675, 
   "S": 0.006560445505390081
  },