{
 "150-360": {
  "BranchLength": {
   "NS": 0, 
   "S": 0.01180840270242804
  }, 
  "Diversity": {
   "NS": 0, 
   "S": 0
  }, 
  "Tree": {
   "Combined": "(cluster_3_74:0.01180840270242804)", 
   "NS": "(cluster_3_74:0)", 
   "S": "(cluster_3_74:0.01180840270242804)"
  }, 
  "omega": 0
 }, 
 "159-552": {
  "BranchLength": {
   "NS": 0.0003307258074750431, 
   "S": 0.004237965486656352
  }, 
  "Diversity": {
   "NS": 0.0008216232561294986, 
   "S": 0.02103294261251352
  }, 
  "Tree": {
   "Combined": "(((((((((((cluster_1_74:0.00898602474654993,cluster_3_13:0.005930501276664039)Node10:0.005557375591090031,cluster_4_90:0.002765307927379839)Node9:0,cluster_5_19:0)Node8:0,cluster_9_65:0.005280857984168256)Node7:0.008628363775328312,cluster_11_55:0.008696775912194652)Node6:0.005720931444519759,cluster_13_11:0.0053197686255056)Node5:0,cluster_15_66:0)Node4:0.0027428472881067,cluster_17_19:0.01736374909336421)Node3:0,cluster_32_23:0)Node2:0.01717593875751529,cluster_33_17:0)Node1:0.002764287773341144,cluster_36_13:0.005382720982427855,cluster_48_27:0.002764448586866473)", 
   "NS": "(((((((((((cluster_1_74:0,cluster_3_13:0)Node10:0,cluster_4_90:0)Node9:0,cluster_5_19:0)Node8:0,cluster_9_65:0.002520633301255733)Node7:0,cluster_11_55:0)Node6:0,cluster_13_11:0.002553940135639877)Node5:0,cluster_15_66:0)Node4:0,cluster_17_19:0)Node3:0,cluster_32_23:0)Node2:0,cluster_33_17:0)Node1:0,cluster_36_13:0.00253212013503038,cluster_48_27:0)", 
   "S": "(((((((((((cluster_1_74:0.00898602474654993,cluster_3_13:0.005930501276664039)Node10:0.005557375591090031,cluster_4_90:0.002765307927379839)Node9:0,cluster_5_19:0)Node8:0,cluster_9_65:0.002760224682912527)Node7:0.008628363775328312,cluster_11_55:0.008696775912194652)Node6:0.005720931444519759,cluster_13_11:0.002765828489865724)Node5:0,cluster_15_66:0)Node4:0.0027428472881067,cluster_17_19:0.01736374909336421)Node3:0,cluster_32_23:0)Node2:0.01717593875751529,cluster_33_17:0)Node1:0.002764287773341144,cluster_36_13:0.002850600847397475,cluster_48_27:0.002764448586866473)"
  }, 
  "omega": 0.02955305675589609
 }, 
 "180-390": {
  "BranchLength": {
   "NS": 0.000520190477555706, 
   "S": 0.004606780012959811
  }, 
  "Diversity": {
   "NS": 0.001291735322239277, 
   "S": 0.01280072693873221
  }, 
  "Tree": {
   "Combined": "((((cluster_1_106:0.01060459818356842,cluster_2_102:0)Node3:0,cluster_8_74:0.004681714298001355)Node2:0.005000537799034862,cluster_10_60:0.01054131036684283)Node1:0,cluster_14_73:0.0153145737671922,cluster_17_34:0)", 
   "NS": "((((cluster_1_106:0,cluster_2_102:0)Node3:0,cluster_8_74:0.004681714298001355)Node2:0,cluster_10_60:0)Node1:0,cluster_14_73:0,cluster_17_34:0)", 
   "S": "((((cluster_1_106:0.01060459818356842,cluster_2_102:0)Node3:0,cluster_8_74:0)Node2:0.005000537799034862,cluster_10_60:0.01054131036684283)Node1:0,cluster_14_73:0.0153145737671922,cluster_17_34:0)"
  }, 
  "omega": 0.03766748538412569
 }, 
 "210-420": {
  "BranchLength": {
   "NS": 0.0005211127051846182, 
   "S": 0.004635860652570906
  }, 
  "Diversity": {
   "NS": 0.001249149120267869, 
   "S": 0.01286898501429745
  }, 
  "Tree": {
   "Combined": "((((cluster_1_78:0.01066136543158273,cluster_2_106:0)Node3:0,cluster_8_74:0.004690014346661563)Node2:0.005038529786884118,cluster_10_87:0.01058565613623219)Node1:0,cluster_14_76:0.01543719451843911,cluster_17_48:0)", 
   "NS": "((((cluster_1_78:0,cluster_2_106:0)Node3:0,cluster_8_74:0.004690014346661563)Node2:0,cluster_10_87:0)Node1:0,cluster_14_76:0,cluster_17_48:0)", 
   "S": "((((cluster_1_78:0.01066136543158273,cluster_2_106:0)Node3:0,cluster_8_74:0)Node2:0.005038529786884118,cluster_10_87:0.01058565613623219)Node1:0,cluster_14_76:0.01543719451843911,cluster_17_48:0)"
  }, 
  "omega": 0.03660056455243801
 }, 
 "240-450": {
  "BranchLength": {
   "NS": 0.0005281039850361748, 
   "S": 0.005666955415066816
  }, 
  "Diversity": {
   "NS": 0.001259961421273052, 
   "S": 0.01546540293613655
  }, 
  "Tree": {
   "Combined": "((((cluster_1_79:0.01556508677463101,cluster_4_117:0)Node3:0,cluster_7_72:0.004752935865325573)Node2:0.004909886034584658,cluster_9_82:0.01537159821154245)Node1:0,cluster_12_74:0.01515602771484322,cluster_34_35:0)", 
   "NS": "((((cluster_1_79:0,cluster_4_117:0)Node3:0,cluster_7_72:0.004752935865325573)Node2:0,cluster_9_82:0)Node1:0,cluster_12_74:0,cluster_34_35:0)", 
   "S": "((((cluster_1_79:0.01556508677463101,cluster_4_117:0)Node3:0,cluster_7_72:0)Node2:0.004909886034584658,cluster_9_82:0.01537159821154245)Node1:0,cluster_12_74:0.01515602771484322,cluster_34_35:0)"
  }, 
  "omega": 0.03071417914650557
 }, 
 "270-480": {
  "BranchLength": {
   "NS": 0.0005277132586724521, 
   "S": 0.006894128730638597
  }, 
  "Diversity": {
   "NS": 0.001247324650372107, 
   "S": 0.01808885589046597
  }, 
  "Tree": {
   "Combined": "((((cluster_1_85:0.02116392122897892,cluster_4_137:0)Node3:0,cluster_6_76:0.004749419328052069)Node2:0.00489955827728675,cluster_8_72:0.02082366698865274)Node1:0,cluster_9_87:0.01516001208082896,cluster_31_33:0)", 
   "NS": "((((cluster_1_85:0,cluster_4_137:0)Node3:0,cluster_6_76:0.004749419328052069)Node2:0,cluster_8_72:0)Node1:0,cluster_9_87:0,cluster_31_33:0)", 
   "S": "((((cluster_1_85:0.02116392122897892,cluster_4_137:0)Node3:0,cluster_6_76:0)Node2:0.00489955827728675,cluster_8_72:0.02082366698865274)Node1:0,cluster_9_87:0.01516001208082896,cluster_31_33:0)"
  }, 
  "omega": 0.03100460631887839
 }, 
 "300-510": {
  "BranchLength": {
   "NS": 0.0005376591428375515, 
   "S": 0.005153928960072205
  }, 
  "Diversity": {
   "NS": 0.001107401154858826, 
   "S": 0.01235911380844035
  }, 
  "Tree": {
   "Combined": "((((cluster_1_147:0.0158064396086541,cluster_3_185:0)Node3:0,cluster_4_78:0.004838932285537963)Node2:0,cluster_6_97:0.01026022850739741)Node1:0.004873391117323647,cluster_8_51:0.0154453014072747,cluster_11_35:0)", 
   "NS": "((((cluster_1_147:0,cluster_3_185:0)Node3:0,cluster_4_78:0.004838932285537963)Node2:0,cluster_6_97:0)Node1:0,cluster_8_51:0,cluster_11_35:0)", 
   "S": "((((cluster_1_147:0.0158064396086541,cluster_3_185:0)Node3:0,cluster_4_78:0)Node2:0,cluster_6_97:0.01026022850739741)Node1:0.004873391117323647,cluster_8_51:0.0154453014072747,cluster_11_35:0)"
  }, 
  "omega": 0.04916066278595264
 }, 
 "330-540": {
  "BranchLength": {
   "NS": 0, 
   "S": 0.006492767886601697
  }, 
  "Diversity": {
   "NS": 0, 
   "S": 0.01230938559909124
  }, 
  "Tree": {
   "Combined": "((cluster_1_186:0.005283020223035306,cluster_2_33:0.005834857344690592)Node1:0.005410930313838001,cluster_3_257:0.01047683838413716,cluster_6_120:0.005458193167307428)", 
   "NS": "((cluster_1_186:0,cluster_2_33:0)Node1:0,cluster_3_257:0,cluster_6_120:0)", 
   "S": "((cluster_1_186:0.005283020223035306,cluster_2_33:0.005834857344690592)Node1:0.005410930313838001,cluster_3_257:0.01047683838413716,cluster_6_120:0.005458193167307428)"
  }, 
  "omega": 0
 }
}