{
 "180-390": {
  "BranchLength": {
   "NS": 0.001559116442468718, 
   "S": 0.00304828521980857
  }, 
  "Diversity": {
   "NS": 0.003331467769364831, 
   "S": 0.01019953418660995
  }, 
  "Tree": {
   "Combined": "(((((((((((((((cluster_0_4021:0.01118185164262293,cluster_1_196:0)Node14:0,cluster_2_1890:0.009380418189285342)Node13:0.005553553322819722,cluster_3_3846:0)Node12:0,(cluster_4_32:0.00467640592353694,cluster_5_104:0.005708581846495363)Node19:0)Node11:0,cluster_7_156:0.01118185164314099)Node10:0,cluster_9_176:0.009381764494052867)Node9:0,cluster_10_56:0.01021494349631189)Node8:0,cluster_11_143:0.005716838555851412)Node7:0,cluster_12_194:0.01579965979656176)Node6:0,cluster_13_285:0.005575622558010826)Node5:0,cluster_15_204:0.004664501774237247)Node4:0.005589281322572142,cluster_17_211:0.005564169441245731)Node3:0,cluster_23_196:0.005553622696695655)Node2:0,cluster_24_90:0.005664902184509264)Node1:0.02054382994797654,cluster_30_64:0.005441146388398798,cluster_52_32:0.004651309630825069)", 
   "NS": "(((((((((((((((cluster_0_4021:0,cluster_1_196:0)Node14:0,cluster_2_1890:0.009380418189285342)Node13:0,cluster_3_3846:0)Node12:0,(cluster_4_32:0.00467640592353694,cluster_5_104:0)Node19:0)Node11:0,cluster_7_156:0)Node10:0,cluster_9_176:0.009381764494052867)Node9:0,cluster_10_56:0.004662429045980306)Node8:0,cluster_11_143:0)Node7:0,cluster_12_194:0.004661558965943388)Node6:0,cluster_13_285:0)Node5:0,cluster_15_204:0.004664501774237247)Node4:0,cluster_17_211:0)Node3:0,cluster_23_196:0)Node2:0,cluster_24_90:0)Node1:0.00937245457760652,cluster_30_64:0,cluster_52_32:0.004651309630825069)", 
   "S": "(((((((((((((((cluster_0_4021:0.01118185164262293,cluster_1_196:0)Node14:0,cluster_2_1890:0)Node13:0.005553553322819722,cluster_3_3846:0)Node12:0,(cluster_4_32:0,cluster_5_104:0.005708581846495363)Node19:0)Node11:0,cluster_7_156:0.01118185164314099)Node10:0,cluster_9_176:0)Node9:0,cluster_10_56:0.005552514450331579)Node8:0,cluster_11_143:0.005716838555851412)Node7:0,cluster_12_194:0.01113810083061837)Node6:0,cluster_13_285:0.005575622558010826)Node5:0,cluster_15_204:0)Node4:0.005589281322572142,cluster_17_211:0.005564169441245731)Node3:0,cluster_23_196:0.005553622696695655)Node2:0,cluster_24_90:0.005664902184509264)Node1:0.01117137537037002,cluster_30_64:0.005441146388398798,cluster_52_32:0)"
  }, 
  "omega": 0.1426462470264694
 }, 
 "180-429": {
  "BranchLength": {
   "NS": 0.001546699601421787, 
   "S": 0.002726477003017651
  }, 
  "Diversity": {
   "NS": 0.01021705675142186, 
   "S": 0.01099278812050464
  }, 
  "Tree": {
   "Combined": "((((((((((((((((((((((cluster_0_58:0,cluster_1_2917:0.008823005255181099)Node21:0,cluster_2_87:0.01200860669141931)Node20:0.004388872621867304,cluster_3_1853:0)Node19:0.003974590399959873,cluster_5_386:0.004565439775185972)Node18:0,cluster_6_1270:0)Node17:0.01647829960145275,cluster_7_1431:0)Node16:0,(cluster_9_56:0.004313729920532623,cluster_11_116:0.01229846646254995)Node29:0)Node15:0,cluster_13_130:0.004388872617717679)Node14:0.003967154261618614,cluster_15_140:0.004316383236832706)Node13:0.003967586613110444,cluster_17_168:0.008445150189799749)Node12:0,(cluster_18_84:0.008670255679933654,cluster_19_161:0.009092467226682289)Node35:0.004377453875048602)Node11:0,cluster_21_117:0.003969045558716031)Node10:0,cluster_23_37:0.003967826730375545)Node9:0.004388962080640701,cluster_32_161:0.008905025331514686)Node8:0,cluster_33_219:0.004422773990439462)Node7:0,cluster_34_76:0.009061097649754862)Node6:0,cluster_38_84:0.004420115606436637)Node5:0,cluster_41_56:0.01681773273232208)Node4:0,cluster_47_42:0.004515854447901661)Node3:0.004487320530653735,cluster_51_31:0)Node2:0.004484398052330202,cluster_58_64:0)Node1:0,cluster_59_47:0.0169415773644567,cluster_61_47:0.008927589113097569)", 
   "NS": "((((((((((((((((((((((cluster_0_58:0,cluster_1_2917:0)Node21:0,cluster_2_87:0.01200860669141931)Node20:0,cluster_3_1853:0)Node19:0.003974590399959873,cluster_5_386:0)Node18:0,cluster_6_1270:0)Node17:0.0120214608624201,cluster_7_1431:0)Node16:0,(cluster_9_56:0,cluster_11_116:0.007987760496939195)Node29:0)Node15:0,cluster_13_130:0)Node14:0.003967154261618614,cluster_15_140:0)Node13:0.003967586613110444,cluster_17_168:0.003968456154299891)Node12:0,(cluster_18_84:0.003974273317899014,cluster_19_161:0)Node35:0)Node11:0,cluster_21_117:0.003969045558716031)Node10:0,cluster_23_37:0.003967826730375545)Node9:0,cluster_32_161:0)Node8:0,cluster_33_219:0)Node7:0,cluster_34_76:0)Node6:0,cluster_38_84:0)Node5:0,cluster_41_56:0.007990249770762231)Node4:0,cluster_47_42:0)Node3:0,cluster_51_31:0)Node2:0,cluster_58_64:0)Node1:0,cluster_59_47:0.007991269612147304,cluster_61_47:0)", 
   "S": "((((((((((((((((((((((cluster_0_58:0,cluster_1_2917:0.008823005255181099)Node21:0,cluster_2_87:0)Node20:0.004388872621867304,cluster_3_1853:0)Node19:0,cluster_5_386:0.004565439775185972)Node18:0,cluster_6_1270:0)Node17:0.004456838739032637,cluster_7_1431:0)Node16:0,(cluster_9_56:0.004313729920532623,cluster_11_116:0.004310705965610762)Node29:0)Node15:0,cluster_13_130:0.004388872617717679)Node14:0,cluster_15_140:0.004316383236832706)Node13:0,cluster_17_168:0.004476694035499854)Node12:0,(cluster_18_84:0.004695982362034637,cluster_19_161:0.009092467226682289)Node35:0.004377453875048602)Node11:0,cluster_21_117:0)Node10:0,cluster_23_37:0)Node9:0.004388962080640701,cluster_32_161:0.008905025331514686)Node8:0,cluster_33_219:0.004422773990439462)Node7:0,cluster_34_76:0.009061097649754862)Node6:0,cluster_38_84:0.004420115606436637)Node5:0,cluster_41_56:0.008827482961559835)Node4:0,cluster_47_42:0.004515854447901661)Node3:0.004487320530653735,cluster_51_31:0)Node2:0.004484398052330202,cluster_58_64:0)Node1:0,cluster_59_47:0.008950307752309398,cluster_61_47:0.008927589113097569)"
  }, 
  "omega": 0.1616499009938967
 }, 
 "210-420": {
  "BranchLength": {
   "NS": 0.001990627103094016, 
   "S": 0.002994295302380984
  }, 
  "Diversity": {
   "NS": 0.005168892656145218, 
   "S": 0.01332593893147425
  }, 
  "Tree": {
   "Combined": "(((((((((((((((((((((((((cluster_0_3080:0.01020507769171012,cluster_1_59:0)Node24:0,cluster_2_86:0.01433925363075174)Node23:0.005068524429612768,cluster_3_1947:0)Node22:0,cluster_5_389:0.009947075735862145)Node21:0,cluster_6_1309:0.00474199885185356)Node20:0.005068519064148674,cluster_7_1448:0.009530930177613152)Node19:0,cluster_9_107:0.01449758720349508)Node18:0,cluster_11_124:0.004970110175908743)Node17:0.005068519045019548,cluster_13_136:0.009547272780594871)Node16:0,(cluster_15_151:0.0149568966999503,cluster_17_172:0.004736351135946357)Node35:0)Node15:0,cluster_18_86:0.01007961663546471)Node14:0,cluster_19_176:0.01041079980367449)Node13:0,cluster_21_120:0.009892687451624539)Node12:0,(cluster_23_40:0.009802975731102139,cluster_32_167:0.01031877797951805)Node41:0)Node11:0,cluster_33_224:0.005127829047575917)Node10:0,cluster_34_77:0.01053316129025073)Node9:0,cluster_38_108:0.00511851460902651)Node8:0,cluster_42_55:0.01976031751269681)Node7:0,cluster_47_43:0.004742015407210829)Node6:0,cluster_48_44:0.005245558264784116)Node5:0.005197580078153976,cluster_49_70:0.005187919781095995)Node4:0,cluster_53_39:0)Node3:0,cluster_60_63:0.0146769991537704)Node2:0.005245582135568299,cluster_61_33:0.005245533686635519)Node1:0,cluster_62_49:0.01026349347543058,cluster_95_42:0.01464325363507433)",