{
 "180-390": {
  "BranchLength": {
   "NS": 0.001914799101647802, 
   "S": 0.0064570259979377
  }, 
  "Diversity": {
   "NS": 0.008893947541842383, 
   "S": 0.02897681007953046
  }, 
  "Tree": {
   "Combined": "((((((((((((((((((((((((((((((((((cluster_0_8593:0.005568403304577568,cluster_2_262:0.0329497626728199)Node33:0,cluster_3_640:0)Node32:0,cluster_4_183:0.01025351456680746)Node31:0.02065933712132588,cluster_5_1767:0.0055751976782659)Node30:0,cluster_6_390:0.01129709337609881)Node29:0,cluster_7_159:0.005493631167529837)Node28:0,cluster_8_383:0.005577937732211131)Node27:0.005575461963583112,cluster_9_164:0.01147927539643708)Node26:0,cluster_10_470:0.01166138782042422)Node25:0,cluster_11_125:0.00557278458789472)Node24:0,cluster_12_372:0.03294839441086281)Node23:0,cluster_14_72:0.02711688900049491)Node22:0,cluster_15_679:0.005663331578379578)Node21:0,cluster_16_99:0.02560119754328569)Node20:0,cluster_17_113:0.005667445109155001)Node19:0,cluster_18_168:0.01146329626907292)Node18:0.01128808425470384,cluster_19_1056:0.005491597200874855)Node17:0,cluster_20_613:0)Node16:0.005490870947983438,(cluster_21_435:0,cluster_22_285:0.01742644756662625)Node53:0)Node15:0,cluster_23_321:0.01147221227508515)Node14:0,cluster_24_170:0.005579434493833041)Node13:0,cluster_25_142:0.04265724709635214)Node12:0,(cluster_27_81:0.01169270554325566,cluster_28_140:0.005290696829251096)Node59:0.005748182066221078)Node11:0.02069941190898386,cluster_29_257:0.03412898852982709)Node10:0,cluster_30_183:0.01127357761811347)Node9:0,cluster_36_88:0.03217825107407892)Node8:0.006245467385044167,cluster_37_445:0.0046519883338015)Node7:0,cluster_39_135:0.00556930200255415)Node6:0,cluster_41_117:0.0397774874650418)Node5:0,cluster_49_116:0.005569631889384828)Node4:0,cluster_50_55:0.005656353269417981)Node3:0.02106985615256052,cluster_54_119:0.005347489770338456)Node2:0,cluster_55_81:0.006405663035180181)Node1:0,cluster_57_102:0.02325505505658503,cluster_61_129:0.02705288920541658)", 
   "NS": "((((((((((((((((((((((((((((((((((cluster_0_8593:0,cluster_2_262:0.009584701634213507)Node33:0,cluster_3_640:0)Node32:0,cluster_4_183:0.00468423446664011)Node31:0.009756985499882237,cluster_5_1767:0)Node30:0,cluster_6_390:0)Node29:0,cluster_7_159:0)Node28:0,cluster_8_383:0)Node27:0,cluster_9_164:0)Node26:0,cluster_10_470:0)Node25:0,cluster_11_125:0)Node24:0,cluster_12_372:0.009585587659120156)Node23:0,cluster_14_72:0.009639163629792264)Node22:0,cluster_15_679:0)Node21:0,cluster_16_99:0.01471198384565908)Node20:0,cluster_17_113:0)Node19:0,cluster_18_168:0)Node18:0,cluster_19_1056:0)Node17:0,cluster_20_613:0)Node16:0,(cluster_21_435:0,cluster_22_285:0)Node53:0)Node15:0,cluster_23_321:0)Node14:0,cluster_24_170:0)Node13:0,cluster_25_142:0.01947997743180237)Node12:0,(cluster_27_81:0,cluster_28_140:0)Node59:0)Node11:0.009752400605545627,cluster_29_257:0.009439011681952878)Node10:0,cluster_30_183:0)Node9:0,cluster_36_88:0.009591437727131688)Node8:0,cluster_37_445:0.0046519883338015)Node7:0,cluster_39_135:0)Node6:0,cluster_41_117:0.00955282140933828)Node5:0,cluster_49_116:0)Node4:0,cluster_50_55:0)Node3:0.009727044429112442,cluster_54_119:0)Node2:0,cluster_55_81:0)Node1:0,cluster_57_102:0,cluster_61_129:0.009622996066297384)", 
   "S": "((((((((((((((((((((((((((((((((((cluster_0_8593:0.005568403304577568,cluster_2_262:0.0233650610386064)Node33:0,cluster_3_640:0)Node32:0,cluster_4_183:0.005569280100167354)Node31:0.01090235162144365,cluster_5_1767:0.0055751976782659)Node30:0,cluster_6_390:0.01129709337609881)Node29:0,cluster_7_159:0.005493631167529837)Node28:0,cluster_8_383:0.005577937732211131)Node27:0.005575461963583112,cluster_9_164:0.01147927539643708)Node26:0,cluster_10_470:0.01166138782042422)Node25:0,cluster_11_125:0.00557278458789472)Node24:0,cluster_12_372:0.02336280675174266)Node23:0,cluster_14_72:0.01747772537070265)Node22:0,cluster_15_679:0.005663331578379578)Node21:0,cluster_16_99:0.01088921369762661)Node20:0,cluster_17_113:0.005667445109155001)Node19:0,cluster_18_168:0.01146329626907292)Node18:0.01128808425470384,cluster_19_1056:0.005491597200874855)Node17:0,cluster_20_613:0)Node16:0.005490870947983438,(cluster_21_435:0,cluster_22_285:0.01742644756662625)Node53:0)Node15:0,cluster_23_321:0.01147221227508515)Node14:0,cluster_24_170:0.005579434493833041)Node13:0,cluster_25_142:0.02317726966454977)Node12:0,(cluster_27_81:0.01169270554325566,cluster_28_140:0.005290696829251096)Node59:0.005748182066221078)Node11:0.01094701130343824,cluster_29_257:0.02468997684787421)Node10:0,cluster_30_183:0.01127357761811347)Node9:0,cluster_36_88:0.02258681334694723)Node8:0.006245467385044167,cluster_37_445:0)Node7:0,cluster_39_135:0.00556930200255415)Node6:0,cluster_41_117:0.03022466605570352)Node5:0,cluster_49_116:0.005569631889384828)Node4:0,cluster_50_55:0.005656353269417981)Node3:0.01134281172344807,cluster_54_119:0.005347489770338456)Node2:0,cluster_55_81:0.006405663035180181)Node1:0,cluster_57_102:0.02325505505658503,cluster_61_129:0.01742989313911921)"
  }, 
  "omega": 0.1193432856145247
 }, 
 "180-429": {
  "BranchLength": {
   "NS": 0.001655855479809021, 
   "S": 0.005319808775386516
  }, 
  "Diversity": {
   "NS": 0.00925632710744605, 
   "S": 0.02611038723533836
  }, 
  "Tree": {
   "Combined": "(((((((((((((((((((((((((((((((((((((((cluster_0_7937:0,cluster_2_244:0.03300814673940345)Node38:0,cluster_3_596:0.00465829580684235)Node37:0,cluster_4_117:0.003975091193060869)Node36:0.01749142229743142,cluster_5_1470:0)Node35:0,cluster_6_355:0.01446980598306494)Node34:0,cluster_7_199:0.02265533332316791)Node33:0,cluster_8_138:0.00940426068871692)Node32:0,cluster_9_342:0.009555300136934649)Node31:0,cluster_10_156:0.009536420858185754)Node30:0,cluster_11_431:0.009666766039728084)Node29:0,cluster_12_114:0.004651116578503105)Node28:0.004524963575541615,cluster_13_341:0.0224415918524446)Node27:0,cluster_15_71:0.01769506147084119)Node26:0,cluster_16_593:0.009403659072439305)Node25:0,cluster_17_93:0.0168374058101502)Node24:0,cluster_18_106:0.009388107834873012)Node23:0,cluster_19_151:0.004777034590104485)Node22:0.01412978250630934,cluster_20_1005:0.004615372708438716)Node21:0,cluster_21_535:0)Node20:0.004607084024796096,cluster_22_403:0)Node19:0.004621984843693314,cluster_23_255:0.009595015506816211)Node18:0,cluster_24_309:0.004752183123092388)Node17:0,cluster_25_168:0.009497454982275423)Node16:0,(cluster_27_141:0.03088448945432412,cluster_29_81:0.009576937965126266)Node63:0)Node15:0,cluster_30_122:0.01422677738240266)Node14:0.01752824052476538,cluster_31_242:0.02294854661670044)Node13:0,cluster_32_320:0.004022370634954401)Node12:0,(cluster_33_163:0.01425427190353897,cluster_40_53:0.008698274826250324)Node69:0)Node11:0.007988047521097327,cluster_42_81:0.02504793227534868)Node10:0,cluster_43_421:0.003961373898800078)Node9:0,cluster_45_174:0.01467903115039656)Node8:0,cluster_46_133:0.01266710165893132)Node7:0,cluster_48_106:0.02505017621880449)Node6:0,cluster_56_144:0.01265664092416867)Node5:0.00953501821459155,cluster_61_116:0.004661571169925091)Node4:0,cluster_62_88:0.004653191606008625)Node3:0,cluster_64_81:0.004025173772661873)Node2:0.008000560316613821,cluster_65_98:0.01081978565555427)Node1:0,cluster_69_128:0.03107115212598347,cluster_80_59:0.006064805817425902)",