{
 "180-390": {
  "BranchLength": {
   "NS": 0.002584144219329027, 
   "S": 0.005731360701816942
  }, 
  "Diversity": {
   "NS": 0.02400317814181248, 
   "S": 0.03701823341962773
  }, 
  "Tree": {
   "Combined": "(((((((((((((((((((((((((((((((((((cluster_0_2639:0.01504755961293953,cluster_2_3130:0)Node34:0,cluster_3_100:0.005790344252483755)Node33:0,cluster_5_147:0.01156251471401988)Node32:0,cluster_6_34:0.005790626938408702)Node31:0.02098397574309413,cluster_7_378:0)Node30:0.005824134024270154,cluster_8_1066:0.01181995105893659)Node29:0,cluster_9_35:0)Node28:0,cluster_10_45:0.04335197131280846)Node27:0,cluster_11_39:0.02453376168516139)Node26:0,cluster_12_219:0.005839944288032511)Node25:0,cluster_13_472:0)Node24:0.03240221753973884,cluster_14_66:0.005855293370754817)Node23:0,cluster_16_51:0.004641126060880637)Node22:0.01736530860565437,cluster_17_202:0.02132640983368678)Node21:0.005598431394261413,cluster_18_558:0)Node20:0,cluster_20_95:0.01171069426711527)Node19:0,cluster_22_255:0.02688970282123253)Node18:0.009322821845879972,cluster_24_33:0)Node17:0.005572744598898754,cluster_28_51:0.004642609531365573)Node16:0,(cluster_30_397:0.04278185267652957,cluster_31_32:0.01155812093098163)Node55:0)Node15:0,cluster_32_202:0)Node14:0,cluster_33_65:0.01140095983537469)Node13:0.004642822357588538,cluster_35_144:0.03163001571142821)Node12:0.005612860480606702,(cluster_36_75:0.004642894854349736,cluster_37_53:0.0219208106413558)Node61:0)Node11:0,cluster_41_32:0.005526963917761247)Node10:0.004643106891331615,cluster_45_85:0.04031825142144761)Node9:0,cluster_46_52:0.005730335231293029)Node8:0.005716199086263527,cluster_48_100:0.005790649544606549)Node7:0,cluster_50_59:0.03409186993634735)Node6:0,cluster_51_48:0)Node5:0.009321982399694144,cluster_52_204:0.01140920174900017)Node4:0,cluster_54_122:0.01137835878027571)Node3:0.03025731625221005,cluster_55_32:0)Node2:0,cluster_68_41:0.005733789509106577)Node1:0.005749168297230525,cluster_107_84:0,cluster_109_32:0.01793319508154053)", 
   "NS": "(((((((((((((((((((((((((((((((((((cluster_0_2639:0.009331359510646191,cluster_2_3130:0)Node34:0,cluster_3_100:0)Node33:0,cluster_5_147:0)Node32:0,cluster_6_34:0)Node31:0.009605733123202285,cluster_7_378:0)Node30:0,cluster_8_1066:0)Node29:0,cluster_9_35:0)Node28:0,cluster_10_45:0.01911736208068565)Node27:0,cluster_11_39:0)Node26:0,cluster_12_219:0)Node25:0,cluster_13_472:0)Node24:0.01405023366063106,cluster_14_66:0)Node23:0,cluster_16_51:0.004641126060880637)Node22:0.004639182281086352,cluster_17_202:0.009334435784324236)Node21:0,cluster_18_558:0)Node20:0,cluster_20_95:0)Node19:0,cluster_22_255:0.009508281240026574)Node18:0.009322821845879972,cluster_24_33:0)Node17:0,cluster_28_51:0.004642609531365573)Node16:0,(cluster_30_397:0.01910551638465468,cluster_31_32:0)Node55:0)Node15:0,cluster_32_202:0)Node14:0,cluster_33_65:0)Node13:0.004642822357588538,cluster_35_144:0.01434217298568388)Node12:0,(cluster_36_75:0.004642894854349736,cluster_37_53:0.004645964005020924)Node61:0)Node11:0,cluster_41_32:0)Node10:0.004643106891331615,cluster_45_85:0.009432640270293308)Node9:0,cluster_46_52:0)Node8:0,cluster_48_100:0)Node7:0,cluster_50_59:0.009464053171695207)Node6:0,cluster_51_48:0)Node5:0.009321982399694144,cluster_52_204:0)Node4:0,cluster_54_122:0)Node3:0.01937651801063643,cluster_55_32:0)Node2:0,cluster_68_41:0)Node1:0,cluster_107_84:0,cluster_109_32:0)", 
   "S": "(((((((((((((((((((((((((((((((((((cluster_0_2639:0.005716200102293341,cluster_2_3130:0)Node34:0,cluster_3_100:0.005790344252483755)Node33:0,cluster_5_147:0.01156251471401988)Node32:0,cluster_6_34:0.005790626938408702)Node31:0.01137824261989184,cluster_7_378:0)Node30:0.005824134024270154,cluster_8_1066:0.01181995105893659)Node29:0,cluster_9_35:0)Node28:0,cluster_10_45:0.02423460923212283)Node27:0,cluster_11_39:0.02453376168516139)Node26:0,cluster_12_219:0.005839944288032511)Node25:0,cluster_13_472:0)Node24:0.01835198387910779,cluster_14_66:0.005855293370754817)Node23:0,cluster_16_51:0)Node22:0.01272612632456803,cluster_17_202:0.01199197404936254)Node21:0.005598431394261413,cluster_18_558:0)Node20:0,cluster_20_95:0.01171069426711527)Node19:0,cluster_22_255:0.01738142158120595)Node18:0,cluster_24_33:0)Node17:0.005572744598898754,cluster_28_51:0)Node16:0,(cluster_30_397:0.02367633629187491,cluster_31_32:0.01155812093098163)Node55:0)Node15:0,cluster_32_202:0)Node14:0,cluster_33_65:0.01140095983537469)Node13:0,cluster_35_144:0.01728784272574432)Node12:0.005612860480606702,(cluster_36_75:0,cluster_37_53:0.01727484663633488)Node61:0)Node11:0,cluster_41_32:0.005526963917761247)Node10:0,cluster_45_85:0.03088561115115429)Node9:0,cluster_46_52:0.005730335231293029)Node8:0.005716199086263527,cluster_48_100:0.005790649544606549)Node7:0,cluster_50_59:0.02462781676465213)Node6:0,cluster_51_48:0)Node5:0,cluster_52_204:0.01140920174900017)Node4:0,cluster_54_122:0.01137835878027571)Node3:0.01088079824157361,cluster_55_32:0)Node2:0,cluster_68_41:0.005733789509106577)Node1:0.005749168297230525,cluster_107_84:0,cluster_109_32:0.01793319508154053)"
  }, 
  "omega": 0.1693704511042468
 }, 
 "180-429": {
  "BranchLength": {
   "NS": 0.002302976876708723, 
   "S": 0.00480062037269429
  }, 
  "Diversity": {
   "NS": 0.01907006150378913, 
   "S": 0.03102699541591123
  }, 
  "Tree": {
   "Combined": "(((((((((((((((((((((((((((((((((((cluster_0_2515:0.01269341237967792,cluster_2_2862:0)Node34:0,cluster_3_98:0.004788061578447534)Node33:0,cluster_5_136:0.009561659768144879)Node32:0,cluster_6_33:0.004788061595905686)Node31:0.01756221045070406,cluster_7_332:0)Node30:0.004806079941681619,cluster_8_1017:0.009748530491203874)Node29:0,cluster_9_35:0)Node28:0,cluster_10_44:0.03615992654052928)Node27:0,cluster_11_38:0.02007441742778506)Node26:0,cluster_12_202:0.004823945061958117)Node25:0,cluster_13_428:0)Node24:0.02702937389329746,cluster_14_66:0.004842721972254018)Node23:0,cluster_16_42:0.003957079857618912)Node22:0.01439220397830597,cluster_17_160:0.01780918900168678)Node21:0.004643787309639451,cluster_18_562:0)Node20:0,cluster_20_95:0.009670235544224715)Node19:0,cluster_22_238:0.02244102714179174)Node18:0.003962272221366645,cluster_24_33:0.003962008676985239)Node17:0.00465490213724259,cluster_27_43:0)Node16:0,(cluster_29_364:0.03176440552951306,cluster_31_192:0.003962104882540183)Node55:0)Node15:0,cluster_32_62:0.01345001700941947)Node14:0.00396218171264765,cluster_34_122:0.02256227702730103)Node13:0.004733546783230185,cluster_35_65:0)Node12:0,(cluster_36_49:0.0223850337084808,cluster_44_86:0.03332654749688544)Node61:0)Node11:0,cluster_45_51:0.004750248588665271)Node10:0.004733548356466778,cluster_47_100:0.004788227648756892)Node9:0,cluster_49_52:0.02819850188266654)Node8:0,cluster_50_44:0)Node7:0.007945906153952758,cluster_51_179:0.009449680615574396)Node6:0,cluster_53_108:0.009414396736648305)Node5:0,cluster_71_37:0.03038852247291622)Node4:0,cluster_91_64:0.009700549684299753)Node3:0.007945692835979016,cluster_105_50:0.004716359568054517)Node2:0,cluster_124_74:0.02256108229452584)Node1:0,cluster_140_106:0.004861722590640005,cluster_215_49:0.004798133155610404)",