{
 "150-360": {
  "BranchLength": {
   "NS": 0.0006480322680733663, 
   "S": 0.003801650781189804
  }, 
  "Diversity": {
   "NS": 0.0001551892512817935, 
   "S": 0.005338707547710683
  }, 
  "Tree": {
   "Combined": "(((((((cluster_0_4483:0,cluster_3_1305:0.01034188435076959)Node6:0,cluster_4_74:0.004881517576159595)Node5:0,cluster_5_251:0.005124598150774701)Node4:0.005184274090688793,cluster_6_226:0)Node3:0,cluster_8_99:0.01060511526431022)Node2:0.004977294698887278,cluster_12_32:0.004838966444940899)Node1:0,cluster_15_81:0.01586818870259195,cluster_16_39:0.004923406459824533)", 
   "NS": "(((((((cluster_0_4483:0,cluster_3_1305:0)Node6:0,cluster_4_74:0.004881517576159595)Node5:0,cluster_5_251:0)Node4:0,cluster_6_226:0)Node3:0,cluster_8_99:0)Node2:0,cluster_12_32:0.004838966444940899)Node1:0,cluster_15_81:0,cluster_16_39:0)", 
   "S": "(((((((cluster_0_4483:0,cluster_3_1305:0.01034188435076959)Node6:0,cluster_4_74:0)Node5:0,cluster_5_251:0.005124598150774701)Node4:0.005184274090688793,cluster_6_226:0)Node3:0,cluster_8_99:0.01060511526431022)Node2:0.004977294698887278,cluster_12_32:0)Node1:0,cluster_15_81:0.01586818870259195,cluster_16_39:0.004923406459824533)"
  }, 
  "omega": 0.04406612868686086
 }, 
 "159-552": {
  "BranchLength": {
   "NS": 0.0003427986547501378, 
   "S": 0.001899859694784153
  }, 
  "Diversity": {
   "NS": 0.0002532668939292549, 
   "S": 0.007359869715776494
  }, 
  "Tree": {
   "Combined": "(((((((((((((((((((((((cluster_0_7279:0,cluster_1_555:0.00283781661483876)Node22:0,cluster_2_295:0.008582618610817987)Node21:0,cluster_3_74:0.005816431812792927)Node20:0,cluster_5_160:0.002860189841307384)Node19:0,cluster_6_161:0.002861141527541755)Node18:0.005699002754208282,cluster_8_90:0.002486130910018142)Node17:0,cluster_9_2105:0)Node16:0,(cluster_10_333:0.002494952070293288,cluster_12_2827:0.002847691504331885)Node31:0.005699526195952)Node15:0,cluster_13_84:0.002794986285228792)Node14:0,cluster_14_118:0.002774520649186537)Node13:0,cluster_15_42:0.002479368915003512)Node12:0,(cluster_16_438:0,cluster_17_135:0.005331586548552037)Node37:0.002804614656052706)Node11:0,cluster_18_253:0)Node10:0,cluster_21_71:0.008583684042806993)Node9:0,cluster_23_41:0.00277521117116215)Node8:0,cluster_25_61:0.005273616174667879)Node7:0.00569784113101383,cluster_31_72:0.002860189715634695)Node6:0,cluster_32_157:0.002860681704055843)Node5:0,cluster_33_75:0.005773413059667668)Node4:0,cluster_42_103:0.002869519173603188)Node3:0,cluster_47_84:0.002504863892505866)Node2:0,cluster_48_61:0.0057189050151788)Node1:0.002838453617476552,cluster_61_53:0.005713712321828303,cluster_92_66:0.002534905910521088)", 
   "NS": "(((((((((((((((((((((((cluster_0_7279:0,cluster_1_555:0)Node22:0,cluster_2_295:0)Node21:0,cluster_3_74:0)Node20:0,cluster_5_160:0)Node19:0,cluster_6_161:0)Node18:0,cluster_8_90:0.002486130910018142)Node17:0,cluster_9_2105:0)Node16:0,(cluster_10_333:0.002494952070293288,cluster_12_2827:0)Node31:0)Node15:0,cluster_13_84:0)Node14:0,cluster_14_118:0)Node13:0,cluster_15_42:0.002479368915003512)Node12:0,(cluster_16_438:0,cluster_17_135:0.002483633491055892)Node37:0)Node11:0,cluster_18_253:0)Node10:0,cluster_21_71:0)Node9:0,cluster_23_41:0)Node8:0,cluster_25_61:0.002498876202859243)Node7:0,cluster_31_72:0)Node6:0,cluster_32_157:0)Node5:0,cluster_33_75:0)Node4:0,cluster_42_103:0)Node3:0,cluster_47_84:0.002504863892505866)Node2:0,cluster_48_61:0)Node1:0,cluster_61_53:0,cluster_92_66:0.002534905910521088)", 
   "S": "(((((((((((((((((((((((cluster_0_7279:0,cluster_1_555:0.00283781661483876)Node22:0,cluster_2_295:0.008582618610817987)Node21:0,cluster_3_74:0.005816431812792927)Node20:0,cluster_5_160:0.002860189841307384)Node19:0,cluster_6_161:0.002861141527541755)Node18:0.005699002754208282,cluster_8_90:0)Node17:0,cluster_9_2105:0)Node16:0,(cluster_10_333:0,cluster_12_2827:0.002847691504331885)Node31:0.005699526195952)Node15:0,cluster_13_84:0.002794986285228792)Node14:0,cluster_14_118:0.002774520649186537)Node13:0,cluster_15_42:0)Node12:0,(cluster_16_438:0,cluster_17_135:0.002847953057496147)Node37:0.002804614656052706)Node11:0,cluster_18_253:0)Node10:0,cluster_21_71:0.008583684042806993)Node9:0,cluster_23_41:0.00277521117116215)Node8:0,cluster_25_61:0.002774739971808638)Node7:0.00569784113101383,cluster_31_72:0.002860189715634695)Node6:0,cluster_32_157:0.002860681704055843)Node5:0,cluster_33_75:0.005773413059667668)Node4:0,cluster_42_103:0.002869519173603188)Node3:0,cluster_47_84:0)Node2:0,cluster_48_61:0.0057189050151788)Node1:0.002838453617476552,cluster_61_53:0.005713712321828303,cluster_92_66:0)"
  }, 
  "omega": 0.06072310755866518
 }, 
 "180-390": {
  "BranchLength": {
   "NS": 0.0007366946613056893, 
   "S": 0.002805394111383879
  }, 
  "Diversity": {
   "NS": 0.0003937913079918072, 
   "S": 0.006837803072277417
  }, 
  "Tree": {
   "Combined": "((((((((((((((((((((cluster_0_7564:0,cluster_1_617:0.004996729828233025)Node19:0,cluster_2_2006:0.01008595702614995)Node18:0,cluster_3_177:0.005099707691820253)Node17:0,cluster_4_121:0.005095028666929726)Node16:0,(cluster_5_48:0.004751809048135477,cluster_6_71:0.01493955818904106)Node25:0)Node15:0,cluster_7_188:0.004869517549226896)Node14:0,cluster_8_2816:0.005042508142189871)Node13:0,cluster_9_133:0.00509596860885511)Node12:0,(cluster_10_46:0.004831676767557544,cluster_11_50:0.004658516308429437)Node31:0.01008807772424145)Node11:0,cluster_13_113:0.004719608165325931)Node10:0.005041621097400397,cluster_14_176:0)Node9:0,cluster_15_132:0.009715418234420018)Node8:0,cluster_16_765:0.004935688846467137)Node7:0,cluster_17_249:0)Node6:0,cluster_19_159:0.009830280075336994)Node5:0,cluster_20_84:0)Node4:0,cluster_21_64:0.01017567946491386)Node3:0,cluster_22_44:0.00994059108243966)Node2:0.005041621097439578,cluster_23_65:0.004751808442815714)Node1:0,cluster_28_261:0,cluster_29_37:0.01568662271366145)", 
   "NS": "((((((((((((((((((((cluster_0_7564:0,cluster_1_617:0)Node19:0,cluster_2_2006:0)Node18:0,cluster_3_177:0)Node17:0,cluster_4_121:0)Node16:0,(cluster_5_48:0.004751809048135477,cluster_6_71:0.004726202590344742)Node25:0)Node15:0,cluster_7_188:0.004869517549226896)Node14:0,cluster_8_2816:0)Node13:0,cluster_9_133:0)Node12:0,(cluster_10_46:0,cluster_11_50:0.004658516308429437)Node31:0)Node11:0,cluster_13_113:0.004719608165325931)Node10:0,cluster_14_176:0)Node9:0,cluster_15_132:0.00467379765447782)Node8:0,cluster_16_765:0)Node7:0,cluster_17_249:0)Node6:0,cluster_19_159:0)Node5:0,cluster_20_84:0)Node4:0,cluster_21_64:0)Node3:0,cluster_22_44:0)Node2:0,cluster_23_65:0.004751808442815714)Node1:0,cluster_28_261:0,cluster_29_37:0)", 
   "S": "((((((((((((((((((((cluster_0_7564:0,cluster_1_617:0.004996729828233025)Node19:0,cluster_2_2006:0.01008595702614995)Node18:0,cluster_3_177:0.005099707691820253)Node17:0,cluster_4_121:0.005095028666929726)Node16:0,(cluster_5_48:0,cluster_6_71:0.01021335559869633)Node25:0)Node15:0,cluster_7_188:0)Node14:0,cluster_8_2816:0.005042508142189871)Node13:0,cluster_9_133:0.00509596860885511)Node12:0,(cluster_10_46:0.004831676767557544,cluster_11_50:0)Node31:0.01008807772424145)Node11:0,cluster_13_113:0)Node10:0.005041621097400397,cluster_14_176:0)Node9:0,cluster_15_132:0.0050416205799422)Node8:0,cluster_16_765:0.004935688846467137)Node7:0,cluster_17_249:0)Node6:0,cluster_19_159:0.009830280075336994)Node5:0,cluster_20_84:0)Node4:0,cluster_21_64:0.01017567946491386)Node3:0,cluster_22_44:0.00994059108243966)Node2:0.005041621097439578,cluster_23_65:0)Node1:0,cluster_28_261:0,cluster_29_37:0.01568662271366145)"
  }, 
  "omega": 0.0781333547500081
 }, 
 "210-420": {
  "BranchLength": {
   "NS": 0.0007264720975955553, 
   "S": 0.003457492558923403
  }, 
  "Diversity": {
   "NS": 0.0002639216668793725, 
   "S": 0.01090955257613986
  },