{
 "144-564": {
  "BranchLength": {
   "NS": 0.001810635071148369, 
   "S": 0.002149487394472641
  }, 
  "Diversity": {
   "NS": 0.01154946696229866, 
   "S": 0.009109019329907686
  }, 
  "Tree": {
   "Combined": "((((((((((((((((((((((((((cluster_2_1929:0,cluster_3_36:0.01132248489364779)Node25:0,cluster_4_34:0.01034303330605708)Node24:0.002707836524794054,cluster_5_96:0.005144098326057506)Node23:0,cluster_6_22:0)Node22:0,cluster_10_50:0.01122230908714518)Node21:0.002707826200780774,cluster_11_31:0.005152749876432806)Node20:0,cluster_12_97:0.01810908348333665)Node19:0,cluster_13_35:0.01669050334090604)Node18:0,cluster_17_33:0.00236910317252856)Node17:0,cluster_19_16:0.0027311046615559)Node16:0,(cluster_21_18:0,cluster_28_10:0.01135424871735562)Node37:0.002779203884277788)Node15:0,cluster_29_96:0.002731103768733902)Node14:0.002906109699029086,cluster_30_11:0.005273717170528935)Node13:0,cluster_32_15:0.002373729758853374)Node12:0,(cluster_33_13:0.002379998541026371,cluster_43_10:0)Node43:0)Node11:0,cluster_50_10:0.005401478157873404)Node10:0,cluster_57_48:0)Node9:0.002910128298483064,cluster_85_14:0.01307398661904752)Node8:0.01160252787677512,cluster_126_27:0)Node7:0.01752520203374338,cluster_137_98:0)Node6:0.002694049222998596,cluster_138_717:0)Node5:0,cluster_139_15:0.01301346654535628)Node4:0,cluster_144_11:0.002734549194527489)Node3:0,cluster_145_21:0.01033580885607751)Node2:0,cluster_147_11:0.005148534739034267)Node1:0.01282416763652682,cluster_167_28:0.00498760068480623,cluster_197_10:0.005177236262100473)", 
   "NS": "((((((((((((((((((((((((((cluster_2_1929:0,cluster_3_36:0.002713015378328199)Node25:0,cluster_4_34:0.005369329811928648)Node24:0,cluster_5_96:0.002381099968750806)Node23:0,cluster_6_22:0)Node22:0,cluster_10_50:0)Node21:0,cluster_11_31:0.0023787105361753)Node20:0,cluster_12_97:0.01230343912171373)Node19:0,cluster_13_35:0.002375537889606398)Node18:0,cluster_17_33:0.00236910317252856)Node17:0,cluster_19_16:0)Node16:0,(cluster_21_18:0,cluster_28_10:0.002748983494137675)Node37:0)Node15:0,cluster_29_96:0)Node14:0.002906109699029086,cluster_30_11:0.002429139631881342)Node13:0,cluster_32_15:0.002373729758853374)Node12:0,(cluster_33_13:0.002379998541026371,cluster_43_10:0)Node43:0)Node11:0,cluster_50_10:0.002487141307021677)Node10:0,cluster_57_48:0)Node9:0.002910128298483064,cluster_85_14:0.005155341554166548)Node8:0.006760916960260678,cluster_126_27:0)Node7:0.01318052593356229,cluster_137_98:0)Node6:0,cluster_138_717:0)Node5:0,cluster_139_15:0.007461244809835645)Node4:0,cluster_144_11:0)Node3:0,cluster_145_21:0.007540896048086134)Node2:0,cluster_147_11:0.002412760148405457)Node1:0.005168136425047298,cluster_167_28:0.00498760068480623,cluster_197_10:0.00241330988182253)", 
   "S": "((((((((((((((((((((((((((cluster_2_1929:0,cluster_3_36:0.008609469515319582)Node25:0,cluster_4_34:0.004973703494128431)Node24:0.002707836524794054,cluster_5_96:0.002762998357306699)Node23:0,cluster_6_22:0)Node22:0,cluster_10_50:0.01122230908714518)Node21:0.002707826200780774,cluster_11_31:0.002774039340257507)Node20:0,cluster_12_97:0.005805644361622929)Node19:0,cluster_13_35:0.01431496545129964)Node18:0,cluster_17_33:0)Node17:0,cluster_19_16:0.0027311046615559)Node16:0,(cluster_21_18:0,cluster_28_10:0.008605265223217936)Node37:0.002779203884277788)Node15:0,cluster_29_96:0.002731103768733902)Node14:0,cluster_30_11:0.002844577538647593)Node13:0,cluster_32_15:0)Node12:0,(cluster_33_13:0,cluster_43_10:0)Node43:0)Node11:0,cluster_50_10:0.002914336850851728)Node10:0,cluster_57_48:0)Node9:0,cluster_85_14:0.007918645064880969)Node8:0.004841610916514443,cluster_126_27:0)Node7:0.004344676100181097,cluster_137_98:0)Node6:0.002694049222998596,cluster_138_717:0)Node5:0,cluster_139_15:0.005552221735520631)Node4:0,cluster_144_11:0.002734549194527489)Node3:0,cluster_145_21:0.002794912807991386)Node2:0,cluster_147_11:0.002735774590628812)Node1:0.007656031211479523,cluster_167_28:0,cluster_197_10:0.002763926380277943)"
  }, 
  "omega": 0.2290887445954012
 }, 
 "150-360": {
  "BranchLength": {
   "NS": 0.00221810173947376, 
   "S": 0.00226478674292986
  }, 
  "Diversity": {
   "NS": 0.008187325941435324, 
   "S": 0.006026035551142428
  }, 
  "Tree": {
   "Combined": "((((cluster_1_2182:0,cluster_2_38:0.005583817836970795)Node3:0,cluster_4_153:0)Node2:0.02025796423334815,cluster_11_37:0)Node1:0.009371578470178065,cluster_16_128:0,cluster_18_819:0.005132635801135568)", 
   "NS": "((((cluster_1_2182:0,cluster_2_38:0)Node3:0,cluster_4_153:0)Node2:0.01059133718508577,cluster_11_37:0)Node1:0.009371578470178065,cluster_16_128:0,cluster_18_819:0)", 
   "S": "((((cluster_1_2182:0,cluster_2_38:0.005583817836970795)Node3:0,cluster_4_153:0)Node2:0.009666627048262379,cluster_11_37:0)Node1:0,cluster_16_128:0,cluster_18_819:0.005132635801135568)"
  }, 
  "omega": 0.2473855480681032
 }, 
 "180-390": {
  "BranchLength": {
   "NS": 0.00111373648411118, 
   "S": 0.001639206942297559
  }, 
  "Diversity": {
   "NS": 0.0005825571441970791, 
   "S": 0.002237003123496043
  }, 
  "Tree": {
   "Combined": "((((cluster_0_2778:0.004892761042235889,cluster_1_180:0.005011569985865764)Node3:0,cluster_2_56:0.009979398766178638)Node2:0,cluster_3_623:0)Node1:0,cluster_4_35:0.004892761043398365,cluster_5_233:0)", 
   "NS": "((((cluster_0_2778:0,cluster_1_180:0.005011569985865764)Node3:0,cluster_2_56:0.005012058371134858)Node2:0,cluster_3_623:0)Node1:0,cluster_4_35:0,cluster_5_233:0)", 
   "S": "((((cluster_0_2778:0.004892761042235889,cluster_1_180:0)Node3:0,cluster_2_56:0.004967340395043781)Node2:0,cluster_3_623:0)Node1:0,cluster_4_35:0.004892761043398365,cluster_5_233:0)"
  }, 
  "omega": 0.3032543464514296
 }, 
 "210-420": {
  "BranchLength": {
   "NS": 0.001073959318663724, 
   "S": 0.002245329834134408
  }, 
  "Diversity": {
   "NS": 0.0005546816264252856, 
   "S": 0.00272363446407213
  }, 
  "Tree": {
   "Combined": "((((cluster_0_2611:0.004969083762919907,cluster_1_180:0.004832821694403599)Node3:0,cluster_2_53:0.01506340634818094)Node2:0,cluster_3_99:0.005008290569678744)Node1:0,cluster_4_807:0,cluster_7_154:0)", 
   "NS": "((((cluster_0_2611:0,cluster_1_180:0.004832821694403599)Node3:0,cluster_2_53:0.004832812173569914)Node2:0,cluster_3_99:0)Node1:0,cluster_4_807:0,cluster_7_154:0)", 
   "S": "((((cluster_0_2611:0.004969083762919907,cluster_1_180:0)Node3:0,cluster_2_53:0.01023059417461102)Node2:0,cluster_3_99:0.005008290569678744)Node1:0,cluster_4_807:0,cluster_7_154:0)"
  }, 
  "omega": 0.22377656714256
 }, 
 "240-450": {
  "BranchLength": {
   "NS": 0.001056601546135643, 
   "S": 0.003928847281549635
  }, 
  "Diversity": {
   "NS": 0.0004914305729377886, 
   "S": 0.003226555837879751
  }, 
  "Tree": {
   "Combined": "((((cluster_0_2712:0.004912851628687462,cluster_1_161:0.009712111264389535)Node3:0,cluster_2_44:0.02019445198460679)Node2:0,cluster_3_87:0.01004962457148371)Node1:0,cluster_4_642:0,cluster_12_181:0)", 
   "NS": "((((cluster_0_2712:0,cluster_1_161:0.004754721437418152)Node3:0,cluster_2_44:0.004754692477802633)Node2:0,cluster_3_87:0)Node1:0,cluster_4_642:0,cluster_12_181:0)", 
   "S": "((((cluster_0_2712:0.004912851628687462,cluster_1_161:0.004957389826971382)Node3:0,cluster_2_44:0.01543975950680416)Node2:0,cluster_3_87:0.01004962457148371)Node1:0,cluster_4_642:0,cluster_12_181:0)"
  }, 
  "omega": 0.1412138098417309
 }, 
 "270-480": {
  "BranchLength": {
   "NS": 0.001031458170357199, 
   "S": 0.004098315944177737
  }, 
  "Diversity": {
   "NS": 0.0004702462449441287, 
   "S": 0.00346873170400344
  }, 
  "Tree": {
   "Combined": "((((cluster_0_2637:0.00510061831966391,cluster_1_157:0.009803285957325365)Node3:0,cluster_2_44:0.02079045638554975)Node2:0,cluster_3_95:0.0104736063682754)Node1:0,cluster_4_722:0,cluster_12_177:0)", 
   "NS": "((((cluster_0_2637:0,cluster_1_157:0.004641601062205098)Node3:0,cluster_2_44:0.004641522471009692)Node2:0,cluster_3_95:0)Node1:0,cluster_4_722:0,cluster_12_177:0)",