
{
	"Actual comparisons performed" :1941589,
	"Comparisons accounting for copy numbers " :2.08227e+07,
	"Total comparisons possible" : 4145760,
	"Links found" : 5619163,
	"Maximum distance" : 0.382372,
	"Mean distance" : 0.0239736,
	"Histogram" : [[0.005,3924459],[0.01,1694704],[0.015,1354079],[0.02,3264694],[0.025,2836160],[0.03,1572965],[0.035,1142027],[0.04,1075655],[0.045,1115505],[0.05,657313],[0.055,478776],[0.06,507233],[0.065,442437],[0.07,229049],[0.075,149462],[0.08,96114],[0.085,63405],[0.09,34371],[0.095,30379],[0.1,17672],[0.105,17300],[0.11,14626],[0.115,15281],[0.12,10909],[0.125,13138],[0.13,9086],[0.135,11497],[0.14,5773],[0.145,4187],[0.15,5540],[0.155,4035],[0.16,3159],[0.165,4348],[0.17,2569],[0.175,1784],[0.18,1536],[0.185,1261],[0.19,1287],[0.195,975],[0.2,1732],[0.205,877],[0.21,853],[0.215,420],[0.22,612],[0.225,378],[0.23,326],[0.235,359],[0.24,269],[0.245,248],[0.25,194],[0.255,261],[0.26,157],[0.265,211],[0.27,111],[0.275,204],[0.28,96],[0.285,66],[0.29,47],[0.295,78],[0.3,78],[0.305,48],[0.31,65],[0.315,58],[0.32,59],[0.325,35],[0.33,16],[0.335,21],[0.34,4],[0.345,4],[0.35,18],[0.355,2],[0.36,1],[0.365,6],[0.37,1],[0.375,0],[0.38,2],[0.385,1],[0.39,0],[0.395,0],[0.4,0],[0.405,0],[0.41,0],[0.415,0],[0.42,0],[0.425,0],[0.43,0],[0.435,0],[0.44,0],[0.445,0],[0.45,0],[0.455,0],[0.46,0],[0.465,0],[0.47,0],[0.475,0],[0.48,0],[0.485,0],[0.49,0],[0.495,0],[0.5,0],[0.505,0],[0.51,0],[0.515,0],[0.52,0],[0.525,0],[0.53,0],[0.535,0],[0.54,0],[0.545,0],[0.55,0],[0.555,0],[0.56,0],[0.565,0],[0.57,0],[0.575,0],[0.58,0],[0.585,0],[0.59,0],[0.595,0],[0.6,0],[0.605,0],[0.61,0],[0.615,0],[0.62,0],[0.625,0],[0.63,0],[0.635,0],[0.64,0],[0.645,0],[0.65,0],[0.655,0],[0.66,0],[0.665,0],[0.67,0],[0.675,0],[0.68,0],[0.685,0],[0.69,0],[0.695,0],[0.7,0],[0.705,0],[0.71,0],[0.715,0],[0.72,0],[0.725,0],[0.73,0],[0.735,0],[0.74,0],[0.745,0],[0.75,0],[0.755,0],[0.76,0],[0.765,0],[0.77,0],[0.775,0],[0.78,0],[0.785,0],[0.79,0],[0.795,0],[0.8,0],[0.805,0],[0.81,0],[0.815,0],[0.82,0],[0.825,0],[0.83,0],[0.835,0],[0.84,0],[0.845,0],[0.85,0],[0.855,0],[0.86,0],[0.865,0],[0.87,0],[0.875,0],[0.88,0],[0.885,0],[0.89,0],[0.895,0],[0.9,0],[0.905,0],[0.91,0],[0.915,0],[0.92,0],[0.925,0],[0.93,0],[0.935,0],[0.94,0],[0.945,0],[0.95,0],[0.955,0],[0.96,0],[0.965,0],[0.97,0],[0.975,0],[0.98,0],[0.985,0],[0.99,0],[0.995,0],[1,0]]
}
