{
 "117-528": {
  "BranchLength": {
   "NS": 0.01197978396434394, 
   "S": 0.001831300294364102
  }, 
  "Diversity": {
   "NS": 0.04629411858540648, 
   "S": 0.006726489517935409
  }, 
  "Tree": {
   "Combined": "(((((((((((((((((((((((cluster_0_102:0.02632540308917469,cluster_2_20:0.05978172670232754)Node22:0,cluster_3_1236:0)Node21:0.01550698329414213,cluster_4_58:0)Node20:0.03922132047310121,cluster_6_20:0.007664701564933853)Node19:0,cluster_8_605:0.005277208019193898)Node18:0.002426273949668349,cluster_9_10:0.0484164460167917)Node17:0,cluster_11_114:0.007985829905940395)Node16:0,(cluster_13_92:0.0101314978425683,cluster_14_77:0.06542649288200662)Node31:0)Node15:0,cluster_17_49:0.04868203278737371)Node14:0,cluster_19_32:0.05716764022279604)Node13:0.002434466839848218,cluster_20_33:0.005223632387837489)Node12:0.002603816714851027,(cluster_21_12:0.03047971172815327,cluster_29_94:0)Node37:0.02252766473443821)Node11:0,cluster_35_38:0.002645254143999924)Node10:0,cluster_38_21:0.01263732755431106)Node9:0.006976382491642584,cluster_42_38:0.0234151540071111)Node8:0.02068409404716437,cluster_50_36:0.0053879217573571)Node7:0,cluster_55_14:0.02549075558571691)Node6:0,cluster_56_10:0.00269051383970636)Node5:0.0435445158352304,cluster_81_15:0)Node4:0.007393469730589491,cluster_82_14:0.03035413128172079)Node3:0.002527347058697829,cluster_85_10:0)Node2:0,cluster_91_23:0.03327299804745806)Node1:0.02253804868467243,cluster_105_17:0.007524533973585194,cluster_199_11:0)", 
   "NS": "(((((((((((((((((((((((cluster_0_102:0.01965367082511464,cluster_2_20:0.05375908642274532)Node22:0,cluster_3_1236:0)Node21:0.01550698329414213,cluster_4_58:0)Node20:0.03600152451415737,cluster_6_20:0.002765143893172318)Node19:0,cluster_8_605:0)Node18:0.002426273949668349,cluster_9_10:0.04523778507186651)Node17:0,cluster_11_114:0)Node16:0,(cluster_13_92:0.005545496051817291,cluster_14_77:0.05932269478489568)Node31:0)Node15:0,cluster_17_49:0.04868203278737371)Node14:0,cluster_19_32:0.05109737209904649)Node13:0.002434466839848218,cluster_20_33:0)Node12:0,(cluster_21_12:0.03047971172815327,cluster_29_94:0)Node37:0.02252766473443821)Node11:0,cluster_35_38:0)Node10:0,cluster_38_21:0.005125389360652784)Node9:0.006976382491642584,cluster_42_38:0.0234151540071111)Node8:0.02068409404716437,cluster_50_36:0)Node7:0,cluster_55_14:0.02183604828154928)Node6:0,cluster_56_10:0)Node5:0.0435445158352304,cluster_81_15:0)Node4:0.007393469730589491,cluster_82_14:0.03035413128172079)Node3:0,cluster_85_10:0)Node2:0,cluster_91_23:0.03070660973840668)Node1:0.01887182222310622,cluster_105_17:0.006621458187927858,cluster_199_11:0)", 
   "S": "(((((((((((((((((((((((cluster_0_102:0.006671732264060059,cluster_2_20:0.006022640279582239)Node22:0,cluster_3_1236:0)Node21:0,cluster_4_58:0)Node20:0.003219795958943837,cluster_6_20:0.004899557671761533)Node19:0,cluster_8_605:0.005277208019193898)Node18:0,cluster_9_10:0.003178660944925172)Node17:0,cluster_11_114:0.007985829905940395)Node16:0,(cluster_13_92:0.004586001790751007,cluster_14_77:0.006103798097110938)Node31:0)Node15:0,cluster_17_49:0)Node14:0,cluster_19_32:0.006070268123749576)Node13:0,cluster_20_33:0.005223632387837489)Node12:0.002603816714851027,(cluster_21_12:0,cluster_29_94:0)Node37:0)Node11:0,cluster_35_38:0.002645254143999924)Node10:0,cluster_38_21:0.00751193819365828)Node9:0,cluster_42_38:0)Node8:0,cluster_50_36:0.0053879217573571)Node7:0,cluster_55_14:0.003654707304167615)Node6:0,cluster_56_10:0.00269051383970636)Node5:0,cluster_81_15:0)Node4:0,cluster_82_14:0)Node3:0.002527347058697829,cluster_85_10:0)Node2:0,cluster_91_23:0.002566388309051378)Node1:0.003666226461566217,cluster_105_17:0.0009030757856573349,cluster_199_11:0)"
  }, 
  "omega": 1.841243762248236
 }, 
 "120-330": {
  "BranchLength": {
   "NS": 0.01101940544439204, 
   "S": 0.002659268031526114
  }, 
  "Diversity": {
   "NS": 0.02273328548413187, 
   "S": 0.006377205024618893
  }, 
  "Tree": {
   "Combined": "((((cluster_0_1927:0.05452143074199561,cluster_1_870:0)Node3:0,cluster_8_145:0.00474008694297101)Node2:0,cluster_10_81:0.009600743005643619)Node1:0,cluster_11_69:0.04930519657119181,cluster_21_60:0.004940604021461322)", 
   "NS": "((((cluster_0_1927:0.04208471123574255,cluster_1_870:0)Node3:0,cluster_8_145:0.00474008694297101)Node2:0,cluster_10_81:0.009600743005643619)Node1:0,cluster_11_69:0.04274910781517117,cluster_21_60:0)", 
   "S": "((((cluster_0_1927:0.01243671950625306,cluster_1_870:0)Node3:0,cluster_8_145:0)Node2:0,cluster_10_81:0)Node1:0,cluster_11_69:0.006556088756020636,cluster_21_60:0.004940604021461322)"
  }, 
  "omega": 1.150418660913023
 }, 
 "150-360": {
  "BranchLength": {
   "NS": 0.01446891480723152, 
   "S": 0.002379594913552407
  }, 
  "Diversity": {
   "NS": 0.03610924726973421, 
   "S": 0.007401491827952325
  }, 
  "Tree": {
   "Combined": "((((((cluster_0_1768:0.07211372965201385,cluster_1_753:0)Node5:0,cluster_4_129:0.004823437311126524)Node4:0,cluster_7_65:0.004898302016994173)Node3:0,cluster_8_58:0.01473005392321188)Node2:0,cluster_9_71:0.06670340693530852)Node1:0.005171001237104541,cluster_14_117:0.05059069529443153,cluster_18_47:0)", 
   "NS": "((((((cluster_0_1768:0.0596155970050715,cluster_1_753:0)Node5:0,cluster_4_129:0.004823437311126524)Node4:0,cluster_7_65:0.004898302016994173)Node3:0,cluster_8_58:0.01473005392321188)Node2:0,cluster_9_71:0.06034093974132221)Node1:0,cluster_14_117:0.04368756249628345,cluster_18_47:0)", 
   "S": "((((((cluster_0_1768:0.01249813264694234,cluster_1_753:0)Node5:0,cluster_4_129:0)Node4:0,cluster_7_65:0)Node3:0,cluster_8_58:0)Node2:0,cluster_9_71:0.006362467193986292)Node1:0.005171001237104541,cluster_14_117:0.006903132798148102,cluster_18_47:0)"
  }, 
  "omega": 1.72015414078603
 }, 
 "180-390": {
  "BranchLength": {
   "NS": 0.01581888025328806, 
   "S": 0.00227462132502377
  }, 
  "Diversity": {
   "NS": 0.04143669589880859, 
   "S": 0.008189433434095401
  }, 
  "Tree": {
   "Combined": "((((((((cluster_0_1712:0.07782343317337444,cluster_2_710:0)Node7:0,cluster_5_128:0.00481519734614023)Node6:0,cluster_6_60:0.004892450721472804)Node5:0,cluster_7_55:0.01967393077527238)Node4:0.005143274970128116,cluster_8_69:0.06703766256957967)Node3:0,cluster_10_34:0.01032383749023935)Node2:0.005215944672783561,cluster_12_105:0.04546958182099323)Node1:0,cluster_17_43:0.005291266846748468,cluster_18_53:0.06190294644456899)", 
   "NS": "((((((((cluster_0_1712:0.06512919462786983,cluster_2_710:0)Node7:0,cluster_5_128:0.00481519734614023)Node6:0,cluster_6_60:0.004892450721472804)Node5:0,cluster_7_55:0.01967393077527238)Node4:0,cluster_8_69:0.06703766256957967)Node3:0,cluster_10_34:0)Node2:0,cluster_12_105:0.04546958182099323)Node1:0,cluster_17_43:0,cluster_18_53:0.06190294644456899)", 
   "S": "((((((((cluster_0_1712:0.0126942385455046,cluster_2_710:0)Node7:0,cluster_5_128:0)Node6:0,cluster_6_60:0)Node5:0,cluster_7_55:0)Node4:0.005143274970128116,cluster_8_69:0)Node3:0,cluster_10_34:0.01032383749023935)Node2:0.005215944672783561,cluster_12_105:0)Node1:0,cluster_17_43:0.005291266846748468,cluster_18_53:0)"
  }, 
  "omega": 1.615728257300823
 }, 
 "210-420": {
  "BranchLength": {
   "NS": 0.01239477481469681, 
   "S": 0.001570416301129671
  }, 
  "Diversity": {
   "NS": 0.04064508473457723, 
   "S": 0.004388651938463568
  }, 
  "Tree": {
   "Combined": "((((((cluster_0_1815:0.07712927609673999,cluster_2_759:0)Node5:0,cluster_5_130:0.00474674676586348)Node4:0,cluster_6_60:0.004814637581079878)Node3:0,cluster_7_66:0.02429394941605005)Node2:0,cluster_9_35:0.005628007751130235)Node1:0.05040283971076517,cluster_11_127:0,cluster_16_54:0.01453202718411544)", 
   "NS": "((((((cluster_0_1815:0.07008189652541888,cluster_2_759:0)Node5:0,cluster_5_130:0.00474674676586348)Node4:0,cluster_6_60:0.004814637581079878)Node3:0,cluster_7_66:0.02429394941605005)Node2:0,cluster_9_35:0)Node1:0.04266281511853075,cluster_11_127:0,cluster_16_54:0.01453202718411544)",