
{
	"Actual comparisons performed" :666329,
	"Comparisons accounting for copy numbers " :1.59002e+06,
	"Total comparisons possible" : 948753,
	"Links found" : 106334,
	"Maximum distance" : 0.316802,
	"Mean distance" : 0.0625647,
	"Histogram" : [[0.005,47228],[0.01,59106],[0.015,69450],[0.02,71144],[0.025,66777],[0.03,52734],[0.035,54913],[0.04,47925],[0.045,51539],[0.05,52396],[0.055,64037],[0.06,62058],[0.065,62665],[0.07,70555],[0.075,98410],[0.08,128593],[0.085,132239],[0.09,108043],[0.095,96068],[0.1,53693],[0.105,30968],[0.11,22625],[0.115,14022],[0.12,8146],[0.125,5900],[0.13,4928],[0.135,5309],[0.14,3843],[0.145,6822],[0.15,4260],[0.155,3412],[0.16,3269],[0.165,3484],[0.17,2598],[0.175,1506],[0.18,1405],[0.185,1335],[0.19,1619],[0.195,2574],[0.2,1103],[0.205,1347],[0.21,2245],[0.215,1233],[0.22,2140],[0.225,1587],[0.23,403],[0.235,487],[0.24,245],[0.245,610],[0.25,346],[0.255,132],[0.26,328],[0.265,60],[0.27,37],[0.275,46],[0.28,25],[0.285,14],[0.29,21],[0.295,3],[0.3,5],[0.305,0],[0.31,6],[0.315,0],[0.32,3],[0.325,0],[0.33,0],[0.335,0],[0.34,0],[0.345,0],[0.35,0],[0.355,0],[0.36,0],[0.365,0],[0.37,0],[0.375,0],[0.38,0],[0.385,0],[0.39,0],[0.395,0],[0.4,0],[0.405,0],[0.41,0],[0.415,0],[0.42,0],[0.425,0],[0.43,0],[0.435,0],[0.44,0],[0.445,0],[0.45,0],[0.455,0],[0.46,0],[0.465,0],[0.47,0],[0.475,0],[0.48,0],[0.485,0],[0.49,0],[0.495,0],[0.5,0],[0.505,0],[0.51,0],[0.515,0],[0.52,0],[0.525,0],[0.53,0],[0.535,0],[0.54,0],[0.545,0],[0.55,0],[0.555,0],[0.56,0],[0.565,0],[0.57,0],[0.575,0],[0.58,0],[0.585,0],[0.59,0],[0.595,0],[0.6,0],[0.605,0],[0.61,0],[0.615,0],[0.62,0],[0.625,0],[0.63,0],[0.635,0],[0.64,0],[0.645,0],[0.65,0],[0.655,0],[0.66,0],[0.665,0],[0.67,0],[0.675,0],[0.68,0],[0.685,0],[0.69,0],[0.695,0],[0.7,0],[0.705,0],[0.71,0],[0.715,0],[0.72,0],[0.725,0],[0.73,0],[0.735,0],[0.74,0],[0.745,0],[0.75,0],[0.755,0],[0.76,0],[0.765,0],[0.77,0],[0.775,0],[0.78,0],[0.785,0],[0.79,0],[0.795,0],[0.8,0],[0.805,0],[0.81,0],[0.815,0],[0.82,0],[0.825,0],[0.83,0],[0.835,0],[0.84,0],[0.845,0],[0.85,0],[0.855,0],[0.86,0],[0.865,0],[0.87,0],[0.875,0],[0.88,0],[0.885,0],[0.89,0],[0.895,0],[0.9,0],[0.905,0],[0.91,0],[0.915,0],[0.92,0],[0.925,0],[0.93,0],[0.935,0],[0.94,0],[0.945,0],[0.95,0],[0.955,0],[0.96,0],[0.965,0],[0.97,0],[0.975,0],[0.98,0],[0.985,0],[0.99,0],[0.995,0],[1,0]]
}
