{
 "117-528": {
  "BranchLength": {
   "NS": 0.001871191869320082, 
   "S": 0.0006547402168855281
  }, 
  "Diversity": {
   "NS": 0.002813324670874701, 
   "S": 0.001144259598405977
  }, 
  "Tree": {
   "Combined": "(((((((((((((((((((((((((((cluster_0_368:0.002460835545249672,cluster_2_20972:0)Node26:0,cluster_3_200:0.004941161168081619)Node25:0,cluster_4_148:0.007486393456123772)Node24:0,cluster_6_334:0.002473259565649889)Node23:0,cluster_7_98:0.005015454785054337)Node22:0,cluster_12_108:0.002453921971100841)Node21:0,cluster_13_389:0.01497662879526009)Node20:0,cluster_14_208:0.00253493284106017)Node19:0,cluster_15_275:0.0050081642204495)Node18:0,cluster_16_2238:0.01003710630124057)Node17:0,cluster_17_221:0.002457355440005157)Node16:0,(cluster_18_177:0.007367222987691938,cluster_19_394:0.002448158152560852)Node39:0)Node15:0,cluster_20_238:0)Node14:0,cluster_23_553:0.002547190786241227)Node13:0,cluster_24_169:0.009960675246241234)Node12:0,(cluster_28_778:0.002453158733700346,cluster_30_88:0.01015922765064108)Node45:0)Node11:0,cluster_32_409:0.005029975258975691)Node10:0,cluster_44_154:0.002454993230911426)Node9:0,cluster_45_148:0.004913698239445165)Node8:0,cluster_47_107:0.002581648186353667)Node7:0,cluster_49_199:0.002548569331446547)Node6:0,cluster_50_168:0.00245343920261527)Node5:0.004878271450597233,cluster_64_248:0.00488266150922304)Node4:0,cluster_65_331:0.009785635640269854)Node3:0,cluster_99_110:0.002456120983081676)Node2:0,cluster_115_380:0.007362824207937618)Node1:0,cluster_148_128:0.004901308198921534,cluster_310_176:0)", 
   "NS": "(((((((((((((((((((((((((((cluster_0_368:0.002460835545249672,cluster_2_20972:0)Node26:0,cluster_3_200:0.004941161168081619)Node25:0,cluster_4_148:0.004915420542259249)Node24:0,cluster_6_334:0.002473259565649889)Node23:0,cluster_7_98:0.002452998248791612)Node22:0,cluster_12_108:0.002453921971100841)Node21:0,cluster_13_389:0.009888933366754225)Node20:0,cluster_14_208:0)Node19:0,cluster_15_275:0.002459465608617182)Node18:0,cluster_16_2238:0.00551079341277216)Node17:0,cluster_17_221:0.002457355440005157)Node16:0,(cluster_18_177:0.007367222987691938,cluster_19_394:0.002448158152560852)Node39:0)Node15:0,cluster_20_238:0)Node14:0,cluster_23_553:0)Node13:0,cluster_24_169:0.005993812936094596)Node12:0,(cluster_28_778:0.002453158733700346,cluster_30_88:0.005578648579043283)Node45:0)Node11:0,cluster_32_409:0.002456221368509416)Node10:0,cluster_44_154:0.002454993230911426)Node9:0,cluster_45_148:0.004913698239445165)Node8:0,cluster_47_107:0)Node7:0,cluster_49_199:0)Node6:0,cluster_50_168:0.00245343920261527)Node5:0.004878271450597233,cluster_64_248:0.00488266150922304)Node4:0,cluster_65_331:0.009785635640269854)Node3:0,cluster_99_110:0.002456120983081676)Node2:0,cluster_115_380:0.007362824207937618)Node1:0,cluster_148_128:0.004901308198921534,cluster_310_176:0)", 
   "S": "(((((((((((((((((((((((((((cluster_0_368:0,cluster_2_20972:0)Node26:0,cluster_3_200:0)Node25:0,cluster_4_148:0.002570972913864522)Node24:0,cluster_6_334:0)Node23:0,cluster_7_98:0.002562456536262725)Node22:0,cluster_12_108:0)Node21:0,cluster_13_389:0.005087695428505867)Node20:0,cluster_14_208:0.00253493284106017)Node19:0,cluster_15_275:0.002548698611832318)Node18:0,cluster_16_2238:0.004526312888468414)Node17:0,cluster_17_221:0)Node16:0,(cluster_18_177:0,cluster_19_394:0)Node39:0)Node15:0,cluster_20_238:0)Node14:0,cluster_23_553:0.002547190786241227)Node13:0,cluster_24_169:0.003966862310146638)Node12:0,(cluster_28_778:0,cluster_30_88:0.00458057907159779)Node45:0)Node11:0,cluster_32_409:0.002573753890466276)Node10:0,cluster_44_154:0)Node9:0,cluster_45_148:0)Node8:0,cluster_47_107:0.002581648186353667)Node7:0,cluster_49_199:0.002548569331446547)Node6:0,cluster_50_168:0)Node5:0,cluster_64_248:0)Node4:0,cluster_65_331:0)Node3:0,cluster_99_110:0)Node2:0,cluster_115_380:0)Node1:0,cluster_148_128:0,cluster_310_176:0)"
  }, 
  "omega": 0.8455602570994677
 }, 
 "120-330": {
  "BranchLength": {
   "NS": 0.001879671285380176, 
   "S": 0.0006707806740491694
  }, 
  "Diversity": {
   "NS": 0.001051013532147669, 
   "S": 0.000416355666088603
  }, 
  "Tree": {
   "Combined": "((((((((((((((((((cluster_0_241:0.004792237043313472,cluster_1_30321:0)Node17:0,cluster_2_78:0.00970032364929946)Node16:0,(cluster_4_542:0.01428223184058125,cluster_5_297:0.004579355606429814)Node21:0)Node15:0,cluster_6_382:0.009384685999417311)Node14:0,cluster_7_241:0.004804253542394827)Node13:0,cluster_8_255:0)Node12:0,(cluster_9_96:0.004793277900044694,cluster_10_47:0)Node27:0)Node11:0,cluster_11_1024:0.004796825198371271)Node10:0,cluster_12_271:0.004592236315250443)Node9:0,cluster_14_44:0.009383110756697019)Node8:0,cluster_15_179:0.009666555734828912)Node7:0,cluster_22_39:0)Node6:0,cluster_28_47:0)Node5:0,cluster_29_34:0.004811681154521812)Node4:0,cluster_32_44:0.00457939602726912)Node3:0,cluster_36_44:0.00479246859724606)Node2:0,cluster_44_33:0.004807381845586119)Node1:0,cluster_48_74:0.004802509125351581,cluster_66_77:0)", 
   "NS": "((((((((((((((((((cluster_0_241:0.004792237043313472,cluster_1_30321:0)Node17:0,cluster_2_78:0.00970032364929946)Node16:0,(cluster_4_542:0.009702821373176835,cluster_5_297:0)Node21:0)Node15:0,cluster_6_382:0.004792476537766648)Node14:0,cluster_7_241:0.004804253542394827)Node13:0,cluster_8_255:0)Node12:0,(cluster_9_96:0.004793277900044694,cluster_10_47:0)Node27:0)Node11:0,cluster_11_1024:0.004796825198371271)Node10:0,cluster_12_271:0)Node9:0,cluster_14_44:0.004803710998685515)Node8:0,cluster_15_179:0.009666555734828912)Node7:0,cluster_22_39:0)Node6:0,cluster_28_47:0)Node5:0,cluster_29_34:0.004811681154521812)Node4:0,cluster_32_44:0)Node3:0,cluster_36_44:0.00479246859724606)Node2:0,cluster_44_33:0.004807381845586119)Node1:0,cluster_48_74:0.004802509125351581,cluster_66_77:0)", 
   "S": "((((((((((((((((((cluster_0_241:0,cluster_1_30321:0)Node17:0,cluster_2_78:0)Node16:0,(cluster_4_542:0.004579410467404405,cluster_5_297:0.004579355606429814)Node21:0)Node15:0,cluster_6_382:0.004592209461650661)Node14:0,cluster_7_241:0)Node13:0,cluster_8_255:0)Node12:0,(cluster_9_96:0,cluster_10_47:0)Node27:0)Node11:0,cluster_11_1024:0)Node10:0,cluster_12_271:0.004592236315250443)Node9:0,cluster_14_44:0.004579399758011504)Node8:0,cluster_15_179:0)Node7:0,cluster_22_39:0)Node6:0,cluster_28_47:0)Node5:0,cluster_29_34:0)Node4:0,cluster_32_44:0.00457939602726912)Node3:0,cluster_36_44:0)Node2:0,cluster_44_33:0)Node1:0,cluster_48_74:0,cluster_66_77:0)"
  }, 
  "omega": 0.9004859393613501
 }, 
 "150-360": {
  "BranchLength": {
   "NS": 0.001888178620737864, 
   "S": 0.0009774702124686042
  }, 
  "Diversity": {
   "NS": 0.001857155371434673, 
   "S": 0.0002433761811687234
  }, 
  "Tree": {
   "Combined": "(((((((((((((cluster_0_28643:0.001999411934394479,cluster_2_104:0.004772232311700111)Node12:7.64694490863858e-05,(cluster_3_108:0.01496964300325593,cluster_4_301:0.004711853596543182)Node15:0)Node11:0.002840923934008971,cluster_5_253:0.004926743406824534)Node10:0,cluster_6_294:0)Node9:0,cluster_7_101:0.0049319785093928)Node8:0,cluster_8_2382:0)Node7:0,cluster_9_1063:0.004964391859769498)Node6:0,cluster_10_280:0.00472075881678862)Node5:0,cluster_11_44:0.009596746319726474)Node4:0,cluster_12_184:0.009981188080822871)Node3:0,cluster_19_49:0)Node2:0,cluster_22_43:0.00471185367964252)Node1:0,cluster_30_33:0.004962277712842261,cluster_33_75:0.004937343548188939)", 
   "NS": "(((((((((((((cluster_0_28643:0.001999411934394479,cluster_2_104:0)Node12:7.64694490863858e-05,(cluster_3_108:0.01019975169795285,cluster_4_301:0)Node15:0)Node11:0.002840923934008971,cluster_5_253:0.004926743406824534)Node10:0,cluster_6_294:0)Node9:0,cluster_7_101:0.0049319785093928)Node8:0,cluster_8_2382:0)Node7:0,cluster_9_1063:0.004964391859769498)Node6:0,cluster_10_280:0)Node5:0,cluster_11_44:0.004936699868114475)Node4:0,cluster_12_184:0.009981188080822871)Node3:0,cluster_19_49:0)Node2:0,cluster_22_43:0)Node1:0,cluster_30_33:0.004962277712842261,cluster_33_75:0.004937343548188939)",