
{
	"Actual comparisons performed" :151124782,
	"Comparisons accounting for copy numbers " :2.66849e+09,
	"Total comparisons possible" : 189705981,
	"Links found" : 200405259,
	"Maximum distance" : 0.562806,
	"Mean distance" : 0.108893,
	"Histogram" : [[0.005,51029754],[0.01,149375505],[0.015,138483642],[0.02,118530215],[0.025,129195346],[0.03,127577518],[0.035,53252402],[0.04,95294946],[0.045,59537838],[0.05,30193846],[0.055,22303127],[0.06,15721766],[0.065,10286945],[0.07,8297990],[0.075,6320772],[0.08,7452119],[0.085,6810653],[0.09,6651266],[0.095,8236433],[0.1,13561232],[0.105,28454158],[0.11,50410740],[0.115,75665692],[0.12,76010742],[0.125,79863327],[0.13,76640394],[0.135,89339490],[0.14,90819194],[0.145,95041757],[0.15,83164227],[0.155,73086514],[0.16,70064548],[0.165,71375899],[0.17,59733647],[0.175,82257599],[0.18,67848636],[0.185,49098145],[0.19,41137438],[0.195,27296441],[0.2,17034718],[0.205,14009061],[0.21,13402709],[0.215,19300065],[0.22,19622883],[0.225,28754095],[0.23,28143523],[0.235,36366570],[0.24,30796618],[0.245,26200671],[0.25,33288174],[0.255,20664048],[0.26,13019021],[0.265,8101794],[0.27,5142677],[0.275,3572112],[0.28,1939277],[0.285,1380938],[0.29,597238],[0.295,383628],[0.3,210505],[0.305,149974],[0.31,90657],[0.315,62307],[0.32,99281],[0.325,59738],[0.33,43123],[0.335,54607],[0.34,54166],[0.345,48061],[0.35,56091],[0.355,54494],[0.36,50405],[0.365,57663],[0.37,29934],[0.375,33968],[0.38,61328],[0.385,26270],[0.39,24781],[0.395,20232],[0.4,27700],[0.405,9963],[0.41,5198],[0.415,5632],[0.42,6024],[0.425,1600],[0.43,1948],[0.435,1537],[0.44,1380],[0.445,911],[0.45,210],[0.455,222],[0.46,212],[0.465,143],[0.47,116],[0.475,67],[0.48,104],[0.485,62],[0.49,14],[0.495,51],[0.5,6],[0.505,7],[0.51,5],[0.515,4],[0.52,3],[0.525,1],[0.53,2],[0.535,0],[0.54,1],[0.545,1],[0.55,0],[0.555,0],[0.56,0],[0.565,1],[0.57,0],[0.575,0],[0.58,0],[0.585,0],[0.59,0],[0.595,0],[0.6,0],[0.605,0],[0.61,0],[0.615,0],[0.62,0],[0.625,0],[0.63,0],[0.635,0],[0.64,0],[0.645,0],[0.65,0],[0.655,0],[0.66,0],[0.665,0],[0.67,0],[0.675,0],[0.68,0],[0.685,0],[0.69,0],[0.695,0],[0.7,0],[0.705,0],[0.71,0],[0.715,0],[0.72,0],[0.725,0],[0.73,0],[0.735,0],[0.74,0],[0.745,0],[0.75,0],[0.755,0],[0.76,0],[0.765,0],[0.77,0],[0.775,0],[0.78,0],[0.785,0],[0.79,0],[0.795,0],[0.8,0],[0.805,0],[0.81,0],[0.815,0],[0.82,0],[0.825,0],[0.83,0],[0.835,0],[0.84,0],[0.845,0],[0.85,0],[0.855,0],[0.86,0],[0.865,0],[0.87,0],[0.875,0],[0.88,0],[0.885,0],[0.89,0],[0.895,0],[0.9,0],[0.905,0],[0.91,0],[0.915,0],[0.92,0],[0.925,0],[0.93,0],[0.935,0],[0.94,0],[0.945,0],[0.95,0],[0.955,0],[0.96,0],[0.965,0],[0.97,0],[0.975,0],[0.98,0],[0.985,0],[0.99,0],[0.995,0],[1,0]]
}
