{
 "117-528": {
  "BranchLength": {
   "NS": 0.00285299005435152, 
   "S": 0.001605654436216175
  }, 
  "Diversity": {
   "NS": 0.004215283925141178, 
   "S": 0.003469940694216769
  }, 
  "Tree": {
   "Combined": "(((((((((((((((((((((((((cluster_0_213:0.002417536799505864,cluster_1_30241:0)Node24:0,cluster_2_410:0.007794980709099526)Node23:0,cluster_4_393:0.02508544860041265)Node22:0,cluster_6_186:0.007514953727732879)Node21:0,cluster_9_562:0.002689585213187915)Node20:0,cluster_12_341:0.005109141134658164)Node19:0,cluster_15_1267:0.02545080753388735)Node18:0.0002926150450689546,cluster_18_346:0.002413859592424291)Node17:0.00237092804042896,cluster_22_5781:0.007488192964890864)Node16:0,(cluster_23_481:0.01264981917598811,cluster_24_312:0.005027086324490939)Node35:0)Node15:0,cluster_25_898:0.03100744750662145)Node14:0,cluster_27_150:0.01009472793695164)Node13:0,cluster_30_456:0.002445660359754848)Node12:0,(cluster_31_260:0.009818850928883746,cluster_33_284:0.01006640858326035)Node41:0)Node11:0,cluster_38_250:0.002698489907674717)Node10:0,cluster_40_141:0.02794690345759022)Node9:0,cluster_46_181:0.005133229072954479)Node8:0,cluster_80_188:0.007520168667426121)Node7:0,cluster_92_155:0.002422574425635558)Node6:0,cluster_112_889:0)Node5:0,cluster_122_175:0.005070489592255066)Node4:0,cluster_170_780:0.00266713280622106)Node3:0.00723966340565235,cluster_274_132:0.002585539957798422)Node2:0,cluster_375_151:0)Node1:0.00255650713713105,cluster_420_442:0.009646698373635708,cluster_502_154:0)", 
   "NS": "(((((((((((((((((((((((((cluster_0_213:0.002417536799505864,cluster_1_30241:0)Node24:0,cluster_2_410:0.002474611453909599)Node23:0,cluster_4_393:0.01818439807043356)Node22:0,cluster_6_186:0.00482708807753763)Node21:0,cluster_9_562:0)Node20:0,cluster_12_341:0.002410679106354973)Node19:0,cluster_15_1267:0.01552980738254858)Node18:0,cluster_18_346:0.002413859592424291)Node17:0,cluster_22_5781:0.004853134617626852)Node16:0,(cluster_23_481:0.007314124036522385,cluster_24_312:0.003192434559206763)Node35:0)Node15:0,cluster_25_898:0.01819023682518063)Node14:0,cluster_27_150:0.005472188718286579)Node13:0,cluster_30_456:0.002445660359754848)Node12:0,(cluster_31_260:0.009779059927751386,cluster_33_284:0.007379252399007857)Node41:0)Node11:0,cluster_38_250:0)Node10:0,cluster_40_141:0.02103417020350572)Node9:0,cluster_46_181:0.002416728687489985)Node8:0,cluster_80_188:0.004858364129756356)Node7:0,cluster_92_155:0.002422574425635558)Node6:0,cluster_112_889:0)Node5:0,cluster_122_175:0.002412181837606137)Node4:0,cluster_170_780:0)Node3:0.00723966340565235,cluster_274_132:0)Node2:0,cluster_375_151:0)Node1:0,cluster_420_442:0.009646698373635708,cluster_502_154:0)", 
   "S": "(((((((((((((((((((((((((cluster_0_213:0,cluster_1_30241:0)Node24:0,cluster_2_410:0.005320369255189927)Node23:0,cluster_4_393:0.006901050529979094)Node22:0,cluster_6_186:0.002687865650195248)Node21:0,cluster_9_562:0.002689585213187915)Node20:0,cluster_12_341:0.002698462028303192)Node19:0,cluster_15_1267:0.009921000151338797)Node18:0.0002926150450689546,cluster_18_346:0)Node17:0.00237092804042896,cluster_22_5781:0.002635058347264014)Node16:0,(cluster_23_481:0.005335695139465722,cluster_24_312:0.001834651765284172)Node35:0)Node15:0,cluster_25_898:0.01281721068144081)Node14:0,cluster_27_150:0.004622539218665059)Node13:0,cluster_30_456:0)Node12:0,(cluster_31_260:3.979100113236352e-05,cluster_33_284:0.002687156184252491)Node41:0)Node11:0,cluster_38_250:0.002698489907674717)Node10:0,cluster_40_141:0.006912733254084495)Node9:0,cluster_46_181:0.002716500385464493)Node8:0,cluster_80_188:0.002661804537669761)Node7:0,cluster_92_155:0)Node6:0,cluster_112_889:0)Node5:0,cluster_122_175:0.00265830775464893)Node4:0,cluster_170_780:0.00266713280622106)Node3:0,cluster_274_132:0.002585539957798422)Node2:0,cluster_375_151:0)Node1:0.00255650713713105,cluster_420_442:0,cluster_502_154:0)"
  }, 
  "omega": 0.4796055271008549
 }, 
 "120-330": {
  "BranchLength": {
   "NS": 0.0009425287586257979, 
   "S": 0.001011865516879323
  }, 
  "Diversity": {
   "NS": 0.0001930824792631365, 
   "S": 0.0003796698495644939
  }, 
  "Tree": {
   "Combined": "(((((((cluster_0_49901:0,cluster_1_193:0.004712643238218826)Node6:0,cluster_3_942:0.005032734450593585)Node5:0,cluster_4_105:0)Node4:0,cluster_5_703:0.009785279116284601)Node3:0,cluster_6_191:0.004712643239017089)Node2:0,cluster_7_80:0)Node1:0,cluster_8_357:0.005072614088462708,cluster_9_63:0)", 
   "NS": "(((((((cluster_0_49901:0,cluster_1_193:0.004712643238218826)Node6:0,cluster_3_942:0)Node5:0,cluster_4_105:0)Node4:0,cluster_5_703:0.004712644902151055)Node3:0,cluster_6_191:0.004712643239017089)Node2:0,cluster_7_80:0)Node1:0,cluster_8_357:0,cluster_9_63:0)", 
   "S": "(((((((cluster_0_49901:0,cluster_1_193:0)Node6:0,cluster_3_942:0.005032734450593585)Node5:0,cluster_4_105:0)Node4:0,cluster_5_703:0.005072634214133546)Node3:0,cluster_6_191:0)Node2:0,cluster_7_80:0)Node1:0,cluster_8_357:0.005072614088462708,cluster_9_63:0)"
  }, 
  "omega": 0.2555059563772268
 }, 
 "150-360": {
  "BranchLength": {
   "NS": 0, 
   "S": 0.0019207774376241
  }, 
  "Diversity": {
   "NS": 0, 
   "S": 0.003704392359380006
  }, 
  "Tree": {
   "Combined": "((((((cluster_0_35906:0,cluster_2_945:0.00509597825496795)Node5:0,cluster_3_284:0.005069160485228134)Node4:0.002100133873470732,cluster_4_39:0)Node3:0.002859624605657404,cluster_5_6811:0.004981003274622848)Node2:0,cluster_6_6460:0)Node1:0.004864206195166225,cluster_8_1616:0,cluster_9_76:0)", 
   "NS": "((((((cluster_0_35906:0,cluster_2_945:0)Node5:0,cluster_3_284:0)Node4:0,cluster_4_39:0)Node3:0,cluster_5_6811:0)Node2:0,cluster_6_6460:0)Node1:0,cluster_8_1616:0,cluster_9_76:0)", 
   "S": "((((((cluster_0_35906:0,cluster_2_945:0.00509597825496795)Node5:0,cluster_3_284:0.005069160485228134)Node4:0.002100133873470732,cluster_4_39:0)Node3:0.002859624605657404,cluster_5_6811:0.004981003274622848)Node2:0,cluster_6_6460:0)Node1:0.004864206195166225,cluster_8_1616:0,cluster_9_76:0)"
  }, 
  "omega": 0
 }, 
 "180-390": {
  "BranchLength": {
   "NS": 0.002459464834736398, 
   "S": 0.001174959207748502
  }, 
  "Diversity": {
   "NS": 0.001590610398868919, 
   "S": 0.002253567875671385
  }, 
  "Tree": {
   "Combined": "(((((((((((((cluster_0_38997:0,cluster_2_212:0.01490089994266723)Node12:0,cluster_3_931:0.00536134456089913)Node11:0,cluster_4_323:0.005244628036900811)Node10:0,cluster_5_90:0.009524722387722119)Node9:0,cluster_6_34:0)Node8:0,cluster_7_95:0.009524722386392979)Node7:0.005243782612525565,cluster_8_7729:0.004716595791558851)Node6:0,cluster_9_99:0.004748121966987858)Node5:0,cluster_10_155:0.009485313807636892)Node4:0,cluster_11_1474:0)Node3:0,cluster_14_45:0.009545522586714537)Node2:0,cluster_17_845:0.004679624145974685)Node1:0,cluster_18_54:0.009952539806638324,cluster_27_841:0.005201631114473308)", 
   "NS": "(((((((((((((cluster_0_38997:0,cluster_2_212:0.009468686962928349)Node12:0,cluster_3_931:0)Node11:0,cluster_4_323:0)Node10:0,cluster_5_90:0.009524722387722119)Node9:0,cluster_6_34:0)Node8:0,cluster_7_95:0.009524722386392979)Node7:0,cluster_8_7729:0.004716595791558851)Node6:0,cluster_9_99:0.004748121966987858)Node5:0,cluster_10_155:0.009485313807636892)Node4:0,cluster_11_1474:0)Node3:0,cluster_14_45:0.009545522586714537)Node2:0,cluster_17_845:0.004679624145974685)Node1:0,cluster_18_54:0.004712240501966469,cluster_27_841:0)", 
   "S": "(((((((((((((cluster_0_38997:0,cluster_2_212:0.00543221297973888)Node12:0,cluster_3_931:0.00536134456089913)Node11:0,cluster_4_323:0.005244628036900811)Node10:0,cluster_5_90:0)Node9:0,cluster_6_34:0)Node8:0,cluster_7_95:0)Node7:0.005243782612525565,cluster_8_7729:0)Node6:0,cluster_9_99:0)Node5:0,cluster_10_155:0)Node4:0,cluster_11_1474:0)Node3:0,cluster_14_45:0)Node2:0,cluster_17_845:0)Node1:0,cluster_18_54:0.005240299304671858,cluster_27_841:0.005201631114473308)"
  }, 
  "omega": 0.5168828314036653
 }, 
 "210-420": {
  "BranchLength": {
   "NS": 0.002311785994433223, 
   "S": 0.001497010701033808
  },