
{
	"Actual comparisons performed" :18446744073667544182,
	"Comparisons accounting for copy numbers " :3.41671e+08,
	"Total comparisons possible" : 45339003,
	"Links found" : 188700892,
	"Maximum distance" : 0.656649,
	"Mean distance" : 0.0278471,
	"Histogram" : [[0.005,117884908],[0.01,70815984],[0.015,63923023],[0.02,37285524],[0.025,16656678],[0.03,7347654],[0.035,3613551],[0.04,1343980],[0.045,642841],[0.05,431819],[0.055,343269],[0.06,326949],[0.065,352523],[0.07,452466],[0.075,427754],[0.08,1253832],[0.085,1151619],[0.09,373855],[0.095,216142],[0.1,114046],[0.105,128203],[0.11,48050],[0.115,23047],[0.12,21814],[0.125,14809],[0.13,25996],[0.135,21191],[0.14,10253],[0.145,7395],[0.15,9179],[0.155,11582],[0.16,11857],[0.165,15463],[0.17,26501],[0.175,23233],[0.18,14956],[0.185,77362],[0.19,28490],[0.195,31176],[0.2,45552],[0.205,9987],[0.21,34525],[0.215,9087],[0.22,6298],[0.225,16416],[0.23,5659],[0.235,7080],[0.24,4822],[0.245,3706],[0.25,11086],[0.255,6226],[0.26,4623],[0.265,9130],[0.27,15743],[0.275,22373],[0.28,29242],[0.285,39610],[0.29,27863],[0.295,86241],[0.3,106365],[0.305,84665],[0.31,80984],[0.315,167443],[0.32,297781],[0.325,427323],[0.33,239751],[0.335,888014],[0.34,1215644],[0.345,525570],[0.35,521670],[0.355,3388670],[0.36,724013],[0.365,1114338],[0.37,523523],[0.375,381327],[0.38,2872584],[0.385,277679],[0.39,189554],[0.395,177913],[0.4,159051],[0.405,139823],[0.41,115614],[0.415,120753],[0.42,41935],[0.425,82372],[0.43,63559],[0.435,36177],[0.44,21124],[0.445,21113],[0.45,75207],[0.455,66700],[0.46,24902],[0.465,21850],[0.47,11644],[0.475,11314],[0.48,15307],[0.485,38201],[0.49,17179],[0.495,21215],[0.5,13030],[0.505,44141],[0.51,35066],[0.515,52434],[0.52,24663],[0.525,13344],[0.53,37928],[0.535,107489],[0.54,59088],[0.545,9248],[0.55,9642],[0.555,3505],[0.56,8143],[0.565,7041],[0.57,3252],[0.575,4576],[0.58,3167],[0.585,5139],[0.59,2763],[0.595,4072],[0.6,1812],[0.605,1213],[0.61,2889],[0.615,916],[0.62,492],[0.625,80],[0.63,1486],[0.635,29],[0.64,24],[0.645,19],[0.65,8],[0.655,18],[0.66,1],[0.665,0],[0.67,0],[0.675,0],[0.68,0],[0.685,0],[0.69,0],[0.695,0],[0.7,0],[0.705,0],[0.71,0],[0.715,0],[0.72,0],[0.725,0],[0.73,0],[0.735,0],[0.74,0],[0.745,0],[0.75,0],[0.755,0],[0.76,0],[0.765,0],[0.77,0],[0.775,0],[0.78,0],[0.785,0],[0.79,0],[0.795,0],[0.8,0],[0.805,0],[0.81,0],[0.815,0],[0.82,0],[0.825,0],[0.83,0],[0.835,0],[0.84,0],[0.845,0],[0.85,0],[0.855,0],[0.86,0],[0.865,0],[0.87,0],[0.875,0],[0.88,0],[0.885,0],[0.89,0],[0.895,0],[0.9,0],[0.905,0],[0.91,0],[0.915,0],[0.92,0],[0.925,0],[0.93,0],[0.935,0],[0.94,0],[0.945,0],[0.95,0],[0.955,0],[0.96,0],[0.965,0],[0.97,0],[0.975,0],[0.98,0],[0.985,0],[0.99,0],[0.995,0],[1,0]]
}
