{
 "180-390": {
  "BranchLength": {
   "NS": 0, 
   "S": 0.005354578910271498
  }, 
  "Diversity": {
   "NS": 0, 
   "S": 0.009913558087273868
  }, 
  "Tree": {
   "Combined": "((((((((((cluster_0_63:0.005213482802031081,cluster_1_731:0)Node9:0,cluster_2_1077:0.005240921697249584)Node8:0,cluster_3_96:0.01646233251908569)Node7:0,cluster_4_95:0.01058108457448913)Node6:0,cluster_6_137:0.01063660769176865)Node5:0,cluster_7_104:0.005315279214271774)Node4:0,cluster_8_190:0.0107504336264272)Node3:0,cluster_9_446:0.005323797908074083)Node2:0.004847282094082917,cluster_10_65:0.005663405163798364)Node1:0,cluster_12_41:0.01433683250183668,cluster_15_73:0.01807469732258632)", 
   "NS": "((((((((((cluster_0_63:0,cluster_1_731:0)Node9:0,cluster_2_1077:0)Node8:0,cluster_3_96:0)Node7:0,cluster_4_95:0)Node6:0,cluster_6_137:0)Node5:0,cluster_7_104:0)Node4:0,cluster_8_190:0)Node3:0,cluster_9_446:0)Node2:0,cluster_10_65:0)Node1:0,cluster_12_41:0,cluster_15_73:0)", 
   "S": "((((((((((cluster_0_63:0.005213482802031081,cluster_1_731:0)Node9:0,cluster_2_1077:0.005240921697249584)Node8:0,cluster_3_96:0.01646233251908569)Node7:0,cluster_4_95:0.01058108457448913)Node6:0,cluster_6_137:0.01063660769176865)Node5:0,cluster_7_104:0.005315279214271774)Node4:0,cluster_8_190:0.0107504336264272)Node3:0,cluster_9_446:0.005323797908074083)Node2:0.004847282094082917,cluster_10_65:0.005663405163798364)Node1:0,cluster_12_41:0.01433683250183668,cluster_15_73:0.01807469732258632)"
  }, 
  "omega": 0
 }, 
 "180-429": {
  "BranchLength": {
   "NS": 0.0006525354212505632, 
   "S": 0.004575305061926212
  }, 
  "Diversity": {
   "NS": 0.002712820143015747, 
   "S": 0.0159465891428462
  }, 
  "Tree": {
   "Combined": "(((((((((((((((((((((((((((((((cluster_0_50:0.004607345751984258,cluster_1_574:0)Node30:0,cluster_2_567:0.004603613974159644)Node29:0,cluster_3_31:0.01923473087530178)Node28:0,cluster_4_60:0.009266698826662622)Node27:0,cluster_6_95:0.009343401546777314)Node26:0,cluster_7_26:0.004636700239457275)Node25:0,cluster_9_43:0.00460517050001511)Node24:0,cluster_10_109:0.009278971933964642)Node23:0,cluster_11_21:0.004608874435372325)Node22:0.004534589468357125,cluster_13_71:0.008995668160175795)Node21:0,cluster_15_16:0.009396186576714032)Node20:0,cluster_16_36:0.00469780650822118)Node19:0.00453453794169453,cluster_17_21:0.00393926619529707)Node18:0,cluster_19_15:0.01342769831961071)Node17:0,cluster_22_55:0.004617567131773213)Node16:0,(cluster_24_32:0.009400442941671383,cluster_26_39:0.01411609994524717)Node47:0)Node15:0,cluster_33_24:0.00940451176340156)Node14:0,cluster_37_24:0)Node13:0,cluster_46_18:0.01431722850895802)Node12:0.008585750326498455,(cluster_49_332:0.004633337341729495,cluster_60_356:0)Node53:0)Node11:0,cluster_61_29:0.02771522434948929)Node10:0,cluster_62_49:0.00933967579136666)Node9:0,cluster_63_43:0.01364570893199731)Node8:0.004694509165372652,cluster_64_29:0.004715430450613056)Node7:0.004329680133938728,cluster_65_34:0.005017989906677961)Node6:0,cluster_68_15:0.02417058876955567)Node5:0.003961969353538436,cluster_70_10:0.005111059602107749)Node4:0,cluster_74_10:0.003977598891235864)Node3:0,cluster_77_15:0.01789885556440313)Node2:0.005019789229326344,cluster_78_17:0.004646269720076692)Node1:0.003928371174663517,cluster_91_11:0.02730639212543619,cluster_102_21:0)", 
   "NS": "(((((((((((((((((((((((((((((((cluster_0_50:0,cluster_1_574:0)Node30:0,cluster_2_567:0)Node29:0,cluster_3_31:0)Node28:0,cluster_4_60:0)Node27:0,cluster_6_95:0)Node26:0,cluster_7_26:0)Node25:0,cluster_9_43:0)Node24:0,cluster_10_109:0)Node23:0,cluster_11_21:0)Node22:0,cluster_13_71:0.004109622842745728)Node21:0,cluster_15_16:0)Node20:0,cluster_16_36:0)Node19:0,cluster_17_21:0.00393926619529707)Node18:0,cluster_19_15:0.003940911034555939)Node17:0,cluster_22_55:0)Node16:0,(cluster_24_32:0,cluster_26_39:0)Node47:0)Node15:0,cluster_33_24:0)Node14:0,cluster_37_24:0)Node13:0,cluster_46_18:0)Node12:0.003965553159299458,(cluster_49_332:0,cluster_60_356:0)Node53:0)Node11:0,cluster_61_29:0.007919318448329932)Node10:0,cluster_62_49:0)Node9:0,cluster_63_43:0.004010339985652049)Node8:0,cluster_64_29:0)Node7:0,cluster_65_34:0)Node6:0,cluster_68_15:0)Node5:0.003961969353538436,cluster_70_10:0)Node4:0,cluster_74_10:0.003977598891235864)Node3:0,cluster_77_15:0.003966922138469734)Node2:0,cluster_78_17:0)Node1:0.003928371174663517,cluster_91_11:0,cluster_102_21:0)", 
   "S": "(((((((((((((((((((((((((((((((cluster_0_50:0.004607345751984258,cluster_1_574:0)Node30:0,cluster_2_567:0.004603613974159644)Node29:0,cluster_3_31:0.01923473087530178)Node28:0,cluster_4_60:0.009266698826662622)Node27:0,cluster_6_95:0.009343401546777314)Node26:0,cluster_7_26:0.004636700239457275)Node25:0,cluster_9_43:0.00460517050001511)Node24:0,cluster_10_109:0.009278971933964642)Node23:0,cluster_11_21:0.004608874435372325)Node22:0.004534589468357125,cluster_13_71:0.004886045317430068)Node21:0,cluster_15_16:0.009396186576714032)Node20:0,cluster_16_36:0.00469780650822118)Node19:0.00453453794169453,cluster_17_21:0)Node18:0,cluster_19_15:0.009486787285054773)Node17:0,cluster_22_55:0.004617567131773213)Node16:0,(cluster_24_32:0.009400442941671383,cluster_26_39:0.01411609994524717)Node47:0)Node15:0,cluster_33_24:0.00940451176340156)Node14:0,cluster_37_24:0)Node13:0,cluster_46_18:0.01431722850895802)Node12:0.004620197167198994,(cluster_49_332:0.004633337341729495,cluster_60_356:0)Node53:0)Node11:0,cluster_61_29:0.01979590590115934)Node10:0,cluster_62_49:0.00933967579136666)Node9:0,cluster_63_43:0.009635368946345263)Node8:0.004694509165372652,cluster_64_29:0.004715430450613056)Node7:0.004329680133938728,cluster_65_34:0.005017989906677961)Node6:0,cluster_68_15:0.02417058876955567)Node5:0,cluster_70_10:0.005111059602107749)Node4:0,cluster_74_10:0)Node3:0,cluster_77_15:0.0139319334259334)Node2:0.005019789229326344,cluster_78_17:0.004646269720076692)Node1:0,cluster_91_11:0.02730639212543619,cluster_102_21:0)"
  }, 
  "omega": 0.05379862115609624
 }, 
 "210-420": {
  "BranchLength": {
   "NS": 0.0004593048125126376, 
   "S": 0.004316652743276651
  }, 
  "Diversity": {
   "NS": 0.002428760479741682, 
   "S": 0.01219664090315218
  }, 
  "Tree": {
   "Combined": "((((((((((((((cluster_0_41:0.005262449640878765,cluster_1_154:0)Node13:0,cluster_2_508:0.005274717858938059)Node12:0,(cluster_4_58:0.01064728702570123,cluster_7_45:0.005292989298106298)Node17:0)Node11:0,cluster_8_87:0.0107089976015102)Node10:0,cluster_9_106:0.01067792457324728)Node9:0,cluster_10_400:0.005288207080900643)Node8:0,cluster_12_44:0.01568941703902219)Node7:0,cluster_13_32:0.01073122380857786)Node6:0,cluster_19_51:0.005263321997726441)Node5:0,cluster_21_39:0.016302819388358)Node4:0.01003339003057009,cluster_41_330:0.005305071957814871)Node3:0,cluster_45_356:0)Node2:0,cluster_47_48:0.01073951500279197)Node1:0.01073685544260724,cluster_48_32:0.004809282798816827,cluster_50_46:0.005291213683899995)", 
   "NS": "((((((((((((((cluster_0_41:0,cluster_1_154:0)Node13:0,cluster_2_508:0)Node12:0,(cluster_4_58:0,cluster_7_45:0)Node17:0)Node11:0,cluster_8_87:0)Node10:0,cluster_9_106:0)Node9:0,cluster_10_400:0)Node8:0,cluster_12_44:0.004695346928282551)Node7:0,cluster_13_32:0)Node6:0,cluster_19_51:0)Node5:0,cluster_21_39:0)Node4:0.004733819460792386,cluster_41_330:0)Node3:0,cluster_45_356:0)Node2:0,cluster_47_48:0)Node1:0,cluster_48_32:0.004809282798816827,cluster_50_46:0)",