{
 "117-528": {
  "BranchLength": {
   "NS": 0.007644273025143322, 
   "S": 0.002475261030157213
  }, 
  "Diversity": {
   "NS": 0.04717745757960917, 
   "S": 0.01466855716172133
  }, 
  "Tree": {
   "Combined": "((((((((((((((((((((((((((((((((((cluster_0_2598:0,cluster_3_14:0.002516345044568376)Node33:0,cluster_4_128:0.005070210745581099)Node32:0,cluster_9_29:0.002550820990607242)Node31:0,cluster_10_27:0.007654774751591193)Node30:0,cluster_13_106:0.005060837553406043)Node29:0,cluster_18_13:0.01552553236923482)Node28:0,cluster_22_38:0.01817851290383128)Node27:0,cluster_27_112:0.005154003678010084)Node26:0,cluster_29_25:0.07195774480943401)Node25:0,cluster_38_46:0.002544549506016278)Node24:0.0803022104101719,cluster_40_57:0.00507186089951672)Node23:0,cluster_41_49:0.005042434775017169)Node22:0,cluster_42_20:0.002526084967162745)Node21:0.08025978515038204,cluster_46_62:0.002571363202978272)Node20:0,cluster_55_26:0.0182495788228944)Node19:0.007256901198162126,cluster_56_13:0.002869766195627578)Node18:0,cluster_61_13:0.007981235885455119)Node17:0.002159171229654601,cluster_63_26:0.005030330989161618)Node16:0,(cluster_64_55:0.01044032074057016,cluster_72_66:0.08076502137199974)Node53:0.004812791778081318)Node15:0,cluster_77_97:0.007579633124009513)Node14:0,cluster_78_19:0.06339758291275251)Node13:0,cluster_80_20:0.002568749278680289)Node12:0,(cluster_85_21:0.007703996870388419,cluster_89_27:0.0129690359367479)Node59:0)Node11:0,cluster_94_22:0.007811322584374779)Node10:0,cluster_102_13:0.01821086604262017)Node9:0.005182492281614714,cluster_111_21:0.03100683892571176)Node8:0,cluster_117_13:0.04987198454142781)Node7:0,cluster_118_16:0.002520603102213018)Node6:0,cluster_134_34:0.00251515328498415)Node5:0,cluster_137_16:0.002514336270118987)Node4:0,cluster_163_20:0.05525651962335076)Node3:0,cluster_206_31:0.002573110464183158)Node2:0,cluster_290_13:0.002561884445223732)Node1:0,cluster_595_27:0.002544381136060708,cluster_602_21:0.01038530524336074)", 
   "NS": "((((((((((((((((((((((((((((((((((cluster_0_2598:0,cluster_3_14:0.002516345044568376)Node33:0,cluster_4_128:0.002520209818351009)Node32:0,cluster_9_29:0)Node31:0,cluster_10_27:0.005071725580695698)Node30:0,cluster_13_106:0.005060837553406043)Node29:0,cluster_18_13:0.01369903289811025)Node28:0,cluster_22_38:0.01324703848616272)Node27:0,cluster_27_112:0)Node26:0,cluster_29_25:0.06136473742572684)Node25:0,cluster_38_46:0)Node24:0.06140453816472387,cluster_40_57:0.002527946354529775)Node23:0,cluster_41_49:0.005042434775017169)Node22:0,cluster_42_20:0)Node21:0.06129367632150701,cluster_46_62:0.002571363202978272)Node20:0,cluster_55_26:0.01062321743602661)Node19:0.007256901198162126,cluster_56_13:0.002869766195627578)Node18:0,cluster_61_13:0.007981235885455119)Node17:0.002159171229654601,cluster_63_26:0.005030330989161618)Node16:0,(cluster_64_55:0.005546087727125375,cluster_72_66:0.06158111705180639)Node53:0.004812791778081318)Node15:0,cluster_77_97:0.007579633124009513)Node14:0,cluster_78_19:0.05398868379506405)Node13:0,cluster_80_20:0)Node12:0,(cluster_85_21:0.005106379937571941,cluster_89_27:0.008090473190106516)Node59:0)Node11:0,cluster_94_22:0)Node10:0,cluster_102_13:0.01349459238635258)Node9:0,cluster_111_21:0.01856676096693024)Node8:0,cluster_117_13:0.04458361429576235)Node7:0,cluster_118_16:0.002520603102213018)Node6:0,cluster_134_34:0.00251515328498415)Node5:0,cluster_137_16:0.002514336270118987)Node4:0,cluster_163_20:0.047247131204718)Node3:0,cluster_206_31:0)Node2:0,cluster_290_13:0)Node1:0,cluster_595_27:0.002544381136060708,cluster_602_21:0.005099683024692666)", 
   "S": "((((((((((((((((((((((((((((((((((cluster_0_2598:0,cluster_3_14:0)Node33:0,cluster_4_128:0.002550000927230088)Node32:0,cluster_9_29:0.002550820990607242)Node31:0,cluster_10_27:0.002583049170895494)Node30:0,cluster_13_106:0)Node29:0,cluster_18_13:0.001826499471124564)Node28:0,cluster_22_38:0.004931474417668558)Node27:0,cluster_27_112:0.005154003678010084)Node26:0,cluster_29_25:0.0105930073837072)Node25:0,cluster_38_46:0.002544549506016278)Node24:0.01889767224544801,cluster_40_57:0.002543914544986943)Node23:0,cluster_41_49:0)Node22:0,cluster_42_20:0.002526084967162745)Node21:0.018966108828875,cluster_46_62:0)Node20:0,cluster_55_26:0.007626361386867796)Node19:0,cluster_56_13:0)Node18:0,cluster_61_13:0)Node17:0,cluster_63_26:0)Node16:0,(cluster_64_55:0.004894233013444787,cluster_72_66:0.01918390432019334)Node53:0)Node15:0,cluster_77_97:0)Node14:0,cluster_78_19:0.009408899117688467)Node13:0,cluster_80_20:0.002568749278680289)Node12:0,(cluster_85_21:0.00259761693281648,cluster_89_27:0.00487856274664138)Node59:0)Node11:0,cluster_94_22:0.007811322584374779)Node10:0,cluster_102_13:0.004716273656267601)Node9:0.005182492281614714,cluster_111_21:0.01244007795878151)Node8:0,cluster_117_13:0.005288370245665495)Node7:0,cluster_118_16:0)Node6:0,cluster_134_34:0)Node5:0,cluster_137_16:0)Node4:0,cluster_163_20:0.008009388418632772)Node3:0,cluster_206_31:0.002573110464183158)Node2:0,cluster_290_13:0.002561884445223732)Node1:0,cluster_595_27:0,cluster_602_21:0.00528562221866807)"
  }, 
  "omega": 0.9279415587854989
 }, 
 "120-330": {
  "BranchLength": {
   "NS": 0.006381916587169302, 
   "S": 0.00423875413756898
  }, 
  "Diversity": {
   "NS": 0.003526015373724875, 
   "S": 0.002368090530197249
  }, 
  "Tree": {
   "Combined": "((((((((cluster_0_4103:0,cluster_1_111:0.004867518179069693)Node7:0,cluster_6_38:0.004660817611045609)Node6:0,cluster_8_163:0.04380324774110408)Node5:0,cluster_10_57:0.004861384814576116)Node4:0,cluster_14_37:0.02469673362789613)Node3:0,cluster_15_56:0.04426050491540393)Node2:0,cluster_20_40:0.004661065063372673)Node1:0.004857636583278398,cluster_24_46:0.04388249378480415,cluster_31_42:0)", 
   "NS": "((((((((cluster_0_4103:0,cluster_1_111:0.004867518179069693)Node7:0,cluster_6_38:0)Node6:0,cluster_8_163:0.0245797102893791)Node5:0,cluster_10_57:0.004861384814576116)Node4:0,cluster_14_37:0.02469673362789613)Node3:0,cluster_15_56:0.02500103444380035)Node2:0,cluster_20_40:0)Node1:0.004857636583278398,cluster_24_46:0.01962856404387833,cluster_31_42:0)", 
   "S": "((((((((cluster_0_4103:0,cluster_1_111:0)Node7:0,cluster_6_38:0.004660817611045609)Node6:0,cluster_8_163:0.01922353745172497)Node5:0,cluster_10_57:0)Node4:0,cluster_14_37:0)Node3:0,cluster_15_56:0.01925947047160358)Node2:0,cluster_20_40:0.004661065063372673)Node1:0,cluster_24_46:0.02425392974092583,cluster_31_42:0)"
  }, 
  "omega": 0.5238246106562034
 }, 
 "150-360": {
  "BranchLength": {
   "NS": 0.008595750389122726, 
   "S": 0.00569843792954527
  }, 
  "Diversity": {
   "NS": 0.004459108511005792, 
   "S": 0.002039700366266128
  }, 
  "Tree": {
   "Combined": "((((((cluster_0_4109:0,cluster_1_109:0.005008141624983213)Node5:0.01990153359716569,cluster_8_33:0.03493886121208892)Node4:0,cluster_13_38:0.02055087425903651)Node3:0,cluster_14_35:0.03514553012516299)Node2:0.009970739492334639,cluster_17_38:0.01478267482401439)Node1:0,cluster_23_85:0.0455260930078976,cluster_49_38:0)", 
   "NS": "((((((cluster_0_4109:0,cluster_1_109:0.005008141624983213)Node5:0.01507176274573194,cluster_8_33:0.01516090297481801)Node4:0,cluster_13_38:0.02055087425903651)Node3:0,cluster_14_35:0.01530034888841117)Node2:0.009970739492334639,cluster_17_38:0.004996136922662654)Node1:0,cluster_23_85:0.02568584815061731,cluster_49_38:0)", 
   "S": "((((((cluster_0_4109:0,cluster_1_109:0)Node5:0.004829770851433751,cluster_8_33:0.01977795823727091)Node4:0,cluster_13_38:0)Node3:0,cluster_14_35:0.01984518123675184)Node2:0,cluster_17_38:0.009786537901351733)Node1:0,cluster_23_85:0.01984024485728028,cluster_49_38:0)"
  }, 
  "omega": 0.5237608570877353
 }, 
 "180-390": {
  "BranchLength": {
   "NS": 0.01322988096323622, 
   "S": 0.004606086859577767
  }, 
  "Diversity": {
   "NS": 0.004941623299743584, 
   "S": 0.002135340577263389
  },