{
 "150-360": {
  "BranchLength": {
   "NS": 0.001484273296926519, 
   "S": 0.0008855297533733007
  }, 
  "Diversity": {
   "NS": 0.007424050304467563, 
   "S": 0.00082923577338405
  }, 
  "Tree": {
   "Combined": "((((((((cluster_0_271:0,cluster_3_678:0)Node7:0,cluster_5_179:0)Node6:0.01012320225045919,cluster_6_105:0.004994401754118184)Node5:0,cluster_7_214:0)Node4:0,cluster_8_44:0.005050153017510987)Node3:0,cluster_9_85:0.004948914163422338)Node2:0.003053954993113471,cluster_10_349:0.001943496022228645)Node1:0,cluster_13_45:0.005054938626412787,cluster_16_64:0.005117591027831327)", 
   "NS": "((((((((cluster_0_271:0,cluster_3_678:0)Node7:0,cluster_5_179:0)Node6:0.01012320225045919,cluster_6_105:0.004994401754118184)Node5:0,cluster_7_214:0)Node4:0,cluster_8_44:0)Node3:0,cluster_9_85:0)Node2:0.003053954993113471,cluster_10_349:0.001943496022228645)Node1:0,cluster_13_45:0,cluster_16_64:0.005117591027831327)", 
   "S": "((((((((cluster_0_271:0,cluster_3_678:0)Node7:0,cluster_5_179:0)Node6:0,cluster_6_105:0)Node5:0,cluster_7_214:0)Node4:0,cluster_8_44:0.005050153017510987)Node3:0,cluster_9_85:0.004948914163422338)Node2:0,cluster_10_349:0)Node1:0,cluster_13_45:0.005054938626412787,cluster_16_64:0)"
  }, 
  "omega": 0.6162102730229941
 }, 
 "159-552": {
  "BranchLength": {
   "NS": 0.0006447019649867182, 
   "S": 0.001023928045059806
  }, 
  "Diversity": {
   "NS": 0.0008003032755980413, 
   "S": 0.002309346743900398
  }, 
  "Tree": {
   "Combined": "(((((((((((((((((((((((((((cluster_0_1165:0,cluster_3_62:0.002530382569983746)Node26:0,cluster_6_19:0.002747279863641692)Node25:0,cluster_8_87:0.002528754691667466)Node24:0,cluster_9_44:0.002728125196541234)Node23:0,cluster_10_45:0.002747418462471586)Node22:0,cluster_11_380:0.002724544869986282)Node21:0,cluster_12_82:0.002747418380416948)Node20:0,cluster_17_32:0.005256755133660691)Node19:0,cluster_18_41:0.005077928200334644)Node18:0,cluster_19_75:0.002749082865689722)Node17:0,cluster_21_33:0.002747279864633903)Node16:0,(cluster_25_43:0.002724695210823609,cluster_26_39:0.002751783648865475)Node39:0)Node15:0,cluster_28_18:0.002752386080802213)Node14:0,cluster_29_14:0.002724544930498356)Node13:0,cluster_30_19:0.005067852703638723)Node12:0,(cluster_32_19:0.005476475770730928,cluster_35_18:0.002739486509348004)Node45:0)Node11:0,cluster_36_216:0.002740746106613238)Node10:0,cluster_37_14:0.002531961044002255)Node9:0,cluster_38_18:0.00253251303232974)Node8:0,cluster_42_19:0.002739486508397556)Node7:0,cluster_43_11:0.002532528860877247)Node6:0,cluster_47_21:0.002530078132906755)Node5:0,cluster_62_10:0)Node4:0,cluster_64_14:0.002530078135609572)Node3:0,cluster_67_10:0.002732488918388296)Node2:0,cluster_75_16:0.005560756505768105)Node1:0,cluster_107_14:0.007893448409810232,cluster_120_12:0.005302889984306689)", 
   "NS": "(((((((((((((((((((((((((((cluster_0_1165:0,cluster_3_62:0.002530382569983746)Node26:0,cluster_6_19:0)Node25:0,cluster_8_87:0.002528754691667466)Node24:0,cluster_9_44:0)Node23:0,cluster_10_45:0)Node22:0,cluster_11_380:0)Node21:0,cluster_12_82:0)Node20:0,cluster_17_32:0.002532052440628747)Node19:0,cluster_18_41:0.005077928200334644)Node18:0,cluster_19_75:0)Node17:0,cluster_21_33:0)Node16:0,(cluster_25_43:0,cluster_26_39:0)Node39:0)Node15:0,cluster_28_18:0)Node14:0,cluster_29_14:0)Node13:0,cluster_30_19:0.005067852703638723)Node12:0,(cluster_32_19:0,cluster_35_18:0)Node45:0)Node11:0,cluster_36_216:0)Node10:0,cluster_37_14:0.002531961044002255)Node9:0,cluster_38_18:0.00253251303232974)Node8:0,cluster_42_19:0)Node7:0,cluster_43_11:0.002532528860877247)Node6:0,cluster_47_21:0.002530078132906755)Node5:0,cluster_62_10:0)Node4:0,cluster_64_14:0.002530078135609572)Node3:0,cluster_67_10:0)Node2:0,cluster_75_16:0)Node1:0,cluster_107_14:0.005112810290890436,cluster_120_12:0.002530475831347035)", 
   "S": "(((((((((((((((((((((((((((cluster_0_1165:0,cluster_3_62:0)Node26:0,cluster_6_19:0.002747279863641692)Node25:0,cluster_8_87:0)Node24:0,cluster_9_44:0.002728125196541234)Node23:0,cluster_10_45:0.002747418462471586)Node22:0,cluster_11_380:0.002724544869986282)Node21:0,cluster_12_82:0.002747418380416948)Node20:0,cluster_17_32:0.002724702693031945)Node19:0,cluster_18_41:0)Node18:0,cluster_19_75:0.002749082865689722)Node17:0,cluster_21_33:0.002747279864633903)Node16:0,(cluster_25_43:0.002724695210823609,cluster_26_39:0.002751783648865475)Node39:0)Node15:0,cluster_28_18:0.002752386080802213)Node14:0,cluster_29_14:0.002724544930498356)Node13:0,cluster_30_19:0)Node12:0,(cluster_32_19:0.005476475770730928,cluster_35_18:0.002739486509348004)Node45:0)Node11:0,cluster_36_216:0.002740746106613238)Node10:0,cluster_37_14:0)Node9:0,cluster_38_18:0)Node8:0,cluster_42_19:0.002739486508397556)Node7:0,cluster_43_11:0)Node6:0,cluster_47_21:0)Node5:0,cluster_62_10:0)Node4:0,cluster_64_14:0)Node3:0,cluster_67_10:0.002732488918388296)Node2:0,cluster_75_16:0.005560756505768105)Node1:0,cluster_107_14:0.002780638118919794,cluster_120_12:0.002772414152959654)"
  }, 
  "omega": 0.2295798350902026
 }, 
 "180-390": {
  "BranchLength": {
   "NS": 0.0009688105401158959, 
   "S": 0.001669284330693558
  }, 
  "Diversity": {
   "NS": 0.0009899849655225325, 
   "S": 0.00168709347773825
  }, 
  "Tree": {
   "Combined": "(((((((cluster_0_1640:0,cluster_3_65:0.004853700779894978)Node6:0,cluster_8_104:0.004834452433879506)Node5:0,cluster_9_53:0.005059953188297929)Node4:0,cluster_10_176:0.004968148012136139)Node3:0,cluster_11_86:0.005059952577075209)Node2:0,cluster_12_50:0.004983074046504552)Node1:0.004844004887963953,cluster_14_36:0,cluster_15_33:0.004968137136389538)", 
   "NS": "(((((((cluster_0_1640:0,cluster_3_65:0.004853700779894978)Node6:0,cluster_8_104:0.004834452433879506)Node5:0,cluster_9_53:0)Node4:0,cluster_10_176:0)Node3:0,cluster_11_86:0)Node2:0,cluster_12_50:0)Node1:0.004844004887963953,cluster_14_36:0,cluster_15_33:0)", 
   "S": "(((((((cluster_0_1640:0,cluster_3_65:0)Node6:0,cluster_8_104:0)Node5:0,cluster_9_53:0.005059953188297929)Node4:0,cluster_10_176:0.004968148012136139)Node3:0,cluster_11_86:0.005059952577075209)Node2:0,cluster_12_50:0.004983074046504552)Node1:0,cluster_14_36:0,cluster_15_33:0.004968137136389538)"
  }, 
  "omega": 0.1930149559837658
 }, 
 "210-420": {
  "BranchLength": {
   "NS": 0.001606194416487268, 
   "S": 0.001124376648768721
  }, 
  "Diversity": {
   "NS": 0.0009852009377178622, 
   "S": 0.0005366517721309244
  }, 
  "Tree": {
   "Combined": "((((cluster_0_2164:0,cluster_3_70:0.004828907760959011)Node3:0,cluster_7_125:0.004810509567274099)Node2:0,cluster_8_98:0.005114846643646876)Node1:0.004816332420152304,cluster_9_34:0,cluster_10_40:0.005004543195271612)", 
   "NS": "((((cluster_0_2164:0,cluster_3_70:0.004828907760959011)Node3:0,cluster_7_125:0.004810509567274099)Node2:0,cluster_8_98:0)Node1:0.004816332420152304,cluster_9_34:0,cluster_10_40:0)", 
   "S": "((((cluster_0_2164:0,cluster_3_70:0)Node3:0,cluster_7_125:0)Node2:0,cluster_8_98:0.005114846643646876)Node1:0,cluster_9_34:0,cluster_10_40:0.005004543195271612)"
  }, 
  "omega": 0.5027598777685537
 }, 
 "240-450": {
  "BranchLength": {
   "NS": 0.001305878502288372, 
   "S": 0.001336157100232755
  }, 
  "Diversity": {
   "NS": 0.0009687750055959136, 
   "S": 0.000659148872902211
  }, 
  "Tree": {
   "Combined": "(((((cluster_0_2163:0,cluster_1_100:0.004939336478677066)Node4:0,cluster_3_71:0.004792857950025264)Node3:0,cluster_6_124:0.004783598874995958)Node2:0,cluster_7_45:0.004894274666280596)Node1:0.004788206700150876,cluster_8_43:0,cluster_9_33:0.004864116957602646)", 
   "NS": "(((((cluster_0_2163:0,cluster_1_100:0)Node4:0,cluster_3_71:0.004792857950025264)Node3:0,cluster_6_124:0.004783598874995958)Node2:0,cluster_7_45:0)Node1:0.004788206700150876,cluster_8_43:0,cluster_9_33:0)", 
   "S": "(((((cluster_0_2163:0,cluster_1_100:0.004939336478677066)Node4:0,cluster_3_71:0)Node3:0,cluster_6_124:0)Node2:0,cluster_7_45:0.004894274666280596)Node1:0,cluster_8_43:0,cluster_9_33:0.004864116957602646)"
  }, 
  "omega": 0.3576634884305376
 },