{
 "117-528": {
  "BranchLength": {
   "NS": 0.002886980197743844, 
   "S": 0.002554710366881767
  }, 
  "Diversity": {
   "NS": 0.00719309920548856, 
   "S": 0.005350028319467241
  }, 
  "Tree": {
   "Combined": "(((((((((((((((((((((((((((((((((((cluster_2_950:0,cluster_3_33:0.01777451608454914)Node34:0,cluster_4_34:0.01514558144276233)Node33:0,cluster_6_10:0.01017281863040103)Node32:0,cluster_11_12:0.002496056019106914)Node31:0,cluster_14_20:0.005064444754167623)Node30:0,cluster_17_147:0.002542301212983461)Node29:0,cluster_18_28:0.002617164376719654)Node28:0,cluster_20_16:0.002486354348647945)Node27:0,cluster_29_36:0.002577289489866001)Node26:0,cluster_31_18:0.002611416168044071)Node25:0,cluster_36_36:0.002551507019857963)Node24:0,cluster_38_18:0.002471941670191817)Node23:0,cluster_39_29:0.0258760396169569)Node22:0,cluster_40_16:0.002490944467659103)Node21:0,cluster_42_15:0.02617632960857183)Node20:0,cluster_48_10:0.00255212922217223)Node19:0,cluster_54_19:0.002486876949632061)Node18:0,cluster_59_39:0.002576850838702814)Node17:0.00749110677331517,cluster_65_15:0.0228856102302943)Node16:0,(cluster_75_11:0.004988799725543333,cluster_82_11:0.01784128348024056)Node55:0)Node15:0,cluster_89_15:0.007888010347557027)Node14:0,cluster_92_15:0.03058486846773528)Node13:0.007491316323321325,cluster_94_27:0.002590359236492232)Node12:0,(cluster_100_21:0.002488352558438323,cluster_104_13:0.02078064271688467)Node61:0)Node11:0,cluster_106_10:0.0318007268810994)Node10:0,cluster_119_18:0.0126219097665131)Node9:0,cluster_123_23:0.004987163720508903)Node8:0,cluster_124_14:0.002493647085185441)Node7:0,cluster_128_14:0.01015145605949482)Node6:0,cluster_132_31:0.01264017633612096)Node5:0,cluster_154_38:0.002597529742618034)Node4:0.001432629506909829,cluster_159_17:0.01728799225651234)Node3:0,cluster_162_11:0.01614382119546912)Node2:0,cluster_252_13:0.006645751785169304)Node1:0,cluster_255_12:0.0282903417183287,cluster_357_45:0.005332734512175846)", 
   "NS": "(((((((((((((((((((((((((((((((((((cluster_2_950:0,cluster_3_33:0.01303648392121896)Node34:0,cluster_4_34:0.01148443280723969)Node33:0,cluster_6_10:0.005016245649389938)Node32:0,cluster_11_12:0.002496056019106914)Node31:0,cluster_14_20:0.002483473251215011)Node30:0,cluster_17_147:0)Node29:0,cluster_18_28:0)Node28:0,cluster_20_16:0.002486354348647945)Node27:0,cluster_29_36:0)Node26:0,cluster_31_18:0)Node25:0,cluster_36_36:0)Node24:0,cluster_38_18:0.002471941670191817)Node23:0,cluster_39_29:0.01258910581697083)Node22:0,cluster_40_16:0.002490944467659103)Node21:0,cluster_42_15:0.01261754005564727)Node20:0,cluster_48_10:0)Node19:0,cluster_54_19:0.002486876949632061)Node18:0,cluster_59_39:0)Node17:0.004949331741917408,cluster_65_15:0.01004768810629249)Node16:0,(cluster_75_11:0.004988799725543333,cluster_82_11:0.007522084751256292)Node55:0)Node15:0,cluster_89_15:0)Node14:0,cluster_92_15:0.02042911121612907)Node13:0.00494964810347242,cluster_94_27:0)Node12:0,(cluster_100_21:0.002488352558438323,cluster_104_13:0.01007253729448255)Node61:0)Node11:0,cluster_106_10:0.01516206490014634)Node10:0,cluster_119_18:0.008767493362844171)Node9:0,cluster_123_23:0.004987163720508903)Node8:0,cluster_124_14:0.002493647085185441)Node7:0,cluster_128_14:0.004998404416224763)Node6:0,cluster_132_31:0.007492095209311045)Node5:0,cluster_154_38:0)Node4:0.001432629506909829,cluster_159_17:0.006597923625946985)Node3:0,cluster_162_11:0.008418147788005337)Node2:0,cluster_252_13:0.004071577666357211)Node1:0,cluster_255_12:0.01166262458272103,cluster_357_45:0.005332734512175846)", 
   "S": "(((((((((((((((((((((((((((((((((((cluster_2_950:0,cluster_3_33:0.004738032163330169)Node34:0,cluster_4_34:0.003661148635522629)Node33:0,cluster_6_10:0.005156572981011095)Node32:0,cluster_11_12:0)Node31:0,cluster_14_20:0.002580971502952612)Node30:0,cluster_17_147:0.002542301212983461)Node29:0,cluster_18_28:0.002617164376719654)Node28:0,cluster_20_16:0)Node27:0,cluster_29_36:0.002577289489866001)Node26:0,cluster_31_18:0.002611416168044071)Node25:0,cluster_36_36:0.002551507019857963)Node24:0,cluster_38_18:0)Node23:0,cluster_39_29:0.01328693379998609)Node22:0,cluster_40_16:0)Node21:0,cluster_42_15:0.01355878955292457)Node20:0,cluster_48_10:0.00255212922217223)Node19:0,cluster_54_19:0)Node18:0,cluster_59_39:0.002576850838702814)Node17:0.00254177503139776,cluster_65_15:0.01283792212400181)Node16:0,(cluster_75_11:0,cluster_82_11:0.01031919872898426)Node55:0)Node15:0,cluster_89_15:0.007888010347557027)Node14:0,cluster_92_15:0.01015575725160621)Node13:0.002541668219848906,cluster_94_27:0.002590359236492232)Node12:0,(cluster_100_21:0,cluster_104_13:0.01070810542240213)Node61:0)Node11:0,cluster_106_10:0.01663866198095304)Node10:0,cluster_119_18:0.003854416403668934)Node9:0,cluster_123_23:0)Node8:0,cluster_124_14:0)Node7:0,cluster_128_14:0.005153051643270051)Node6:0,cluster_132_31:0.005148081126809922)Node5:0,cluster_154_38:0.002597529742618034)Node4:0,cluster_159_17:0.01069006863056536)Node3:0,cluster_162_11:0.007725673407463776)Node2:0,cluster_252_13:0.002574174118812095)Node1:0,cluster_255_12:0.01662771713560768,cluster_357_45:0)"
  }, 
  "omega": 0.2753782842856842
 }, 
 "120-330": {
  "BranchLength": {
   "NS": 0.002604384883444755, 
   "S": 0.003152482436552532
  }, 
  "Diversity": {
   "NS": 0.006432923705846534, 
   "S": 0.005935134165258807
  }, 
  "Tree": {
   "Combined": "((((((((cluster_0_74:0.004387970033663161,cluster_1_1808:0)Node7:0.0144713381912702,cluster_2_50:0.004817102798074745)Node6:0.00427906742394904,cluster_3_180:0.004876702981183376)Node5:0,cluster_4_70:0.009190411909964565)Node4:0.009261335713055565,cluster_6_63:0)Node3:0.009305684007873275,cluster_12_62:0.004338538622533194)Node2:0,cluster_19_54:0.004404398774978939)Node1:0,cluster_20_36:0.02408995470182992,cluster_22_35:0.00444423928157793)", 
   "NS": "((((((((cluster_0_74:0,cluster_1_1808:0)Node7:0.009884541695457487,cluster_2_50:0)Node6:0,cluster_3_180:0.004876702981183376)Node5:0,cluster_4_70:0.004880361734332901)Node4:0.004886328052603812,cluster_6_63:0)Node3:0.004893755456662715,cluster_12_62:0)Node2:0,cluster_19_54:0)Node1:0,cluster_20_36:0.01485285309832055,cluster_22_35:0)", 
   "S": "((((((((cluster_0_74:0.004387970033663161,cluster_1_1808:0)Node7:0.004586796495812708,cluster_2_50:0.004817102798074745)Node6:0.00427906742394904,cluster_3_180:0)Node5:0,cluster_4_70:0.004310050175631666)Node4:0.004375007660451749,cluster_6_63:0)Node3:0.004411928551210565,cluster_12_62:0.004338538622533194)Node2:0,cluster_19_54:0.004404398774978939)Node1:0,cluster_20_36:0.009237101603509356,cluster_22_35:0.00444423928157793)"
  }, 
  "omega": 0.2052987034727627
 }, 
 "150-360": {
  "BranchLength": {
   "NS": 0.002885497077387325, 
   "S": 0.003637151033070322
  }, 
  "Diversity": {
   "NS": 0.009868323753959582, 
   "S": 0.007793877038792712
  }, 
  "Tree": {
   "Combined": "((((((((((cluster_0_70:0.004688059868876875,cluster_2_1735:0)Node9:0.01508895538652844,cluster_3_48:0.005226768755850753)Node8:0.009579153079803535,cluster_4_107:0)Node7:0,cluster_5_66:0.004625040939429)Node6:0.01472418194383174,cluster_7_47:0)Node5:0.009763453609097784,cluster_15_60:0.00461965541277673)Node4:0,cluster_16_34:0.004594426603859609)Node3:0,cluster_18_63:0.02941060019301331)Node2:0,cluster_21_35:0.02520888342023351)Node1:0,cluster_26_33:0.004754938311185977,cluster_35_46:0.004691492795123312)", 
   "NS": "((((((((((cluster_0_70:0,cluster_2_1735:0)Node9:0.01012942111620531,cluster_3_48:0)Node8:0.005003857525560208,cluster_4_107:0)Node7:0,cluster_5_66:0)Node6:0.01002784789116657,cluster_7_47:0)Node5:0.00501215833647971,cluster_15_60:0)Node4:0,cluster_16_34:0)Node3:0,cluster_18_63:0.01520093698467611)Node2:0,cluster_21_35:0.01522121677104592)Node1:0,cluster_26_33:0,cluster_35_46:0)",