{
 "171-447": {
  "BranchLength": {
   "NS": 0.004761080404596282, 
   "S": 0.003285342260966971
  }, 
  "Diversity": {
   "NS": 0.01327530959384983, 
   "S": 0.007790889980562383
  }, 
  "Tree": {
   "Combined": "((((((((((((((((((((((cluster_1_146:0,cluster_3_943:0.003537658107805254)Node21:0,cluster_20_8340:0)Node20:0,cluster_29_675:0.003562332024868271)Node19:0.028196725741456,cluster_53_3349:0.003576638185002022)Node18:0,cluster_56_25552:0.001705175860992939)Node17:0.004129381801416328,cluster_57_1159:0.01145363892833339)Node16:0.002108098171999243,(cluster_58_6242:0.007141930976650391,cluster_59_510:0.02440396240534821)Node29:0)Node15:0,cluster_60_442:0.03009112022731371)Node14:0,cluster_62_2197:0)Node13:0,cluster_64_532:0.04413669173061111)Node12:0.003585692843225182,(cluster_66_422:0.007957659710313461,cluster_67_148:0.02630508282483592)Node35:0)Node11:0,cluster_70_150:0.01709868965933466)Node10:0,cluster_73_283:0.007852094009184832)Node9:0.004433462467213465,cluster_74_356:0.03211068937002171)Node8:0,cluster_77_193:0.05379263920791686)Node7:0,cluster_78_175:0.007927943118579467)Node6:0.003574054130113549,cluster_79_159:0.007109492359301682)Node5:0,cluster_82_1875:0.02402444938676676)Node4:0,cluster_86_194:0)Node3:0,cluster_97_288:0.008451341765119356)Node2:0.003613189561964467,cluster_105_180:0.00417605495044767)Node1:0.007306204227706065,cluster_230_274:0.003596107459102312,cluster_279_275:0.007316509399655096)", 
   "NS": "((((((((((((((((((((((cluster_1_146:0,cluster_3_943:0.003537658107805254)Node21:0,cluster_20_8340:0)Node20:0,cluster_29_675:0.003562332024868271)Node19:0.01692272885182361,cluster_53_3349:0.003576638185002022)Node18:0,cluster_56_25552:0)Node17:0.00367660368730101,cluster_57_1159:0.007185169184419325)Node16:0,(cluster_58_6242:0.007141930976650391,cluster_59_510:0.02440396240534821)Node29:0)Node15:0,cluster_60_442:0.01148502605898799)Node14:0,cluster_62_2197:0)Node13:0,cluster_64_532:0.01539084960767782)Node12:0.003585692843225182,(cluster_66_422:0.003612957302806988,cluster_67_148:0.007647130716645311)Node35:0)Node11:0,cluster_70_150:0.01709868965933466)Node10:0,cluster_73_283:0.003586887357126017)Node9:0.004433462467213465,cluster_74_356:0.0152521344057609)Node8:0,cluster_77_193:0.033293130383015)Node7:0,cluster_78_175:0.003687116830877397)Node6:0.003574054130113549,cluster_79_159:0.007109492359301682)Node5:0,cluster_82_1875:0.01169728163148584)Node4:0,cluster_86_194:0)Node3:0,cluster_97_288:0)Node2:0.003613189561964467,cluster_105_180:0)Node1:0.007306204227706065,cluster_230_274:0.003596107459102312,cluster_279_275:0.007316509399655096)", 
   "S": "((((((((((((((((((((((cluster_1_146:0,cluster_3_943:0)Node21:0,cluster_20_8340:0)Node20:0,cluster_29_675:0)Node19:0.01127399688963238,cluster_53_3349:0)Node18:0,cluster_56_25552:0.001705175860992939)Node17:0.0004527781141153203,cluster_57_1159:0.004268469743914069)Node16:0.002108098171999243,(cluster_58_6242:0,cluster_59_510:0)Node29:0)Node15:0,cluster_60_442:0.01860609416832571)Node14:0,cluster_62_2197:0)Node13:0,cluster_64_532:0.0287458421229333)Node12:0,(cluster_66_422:0.004344702407506475,cluster_67_148:0.01865795210819062)Node35:0)Node11:0,cluster_70_150:0)Node10:0,cluster_73_283:0.004265206652058816)Node9:0,cluster_74_356:0.01685855496426081)Node8:0,cluster_77_193:0.02049950882490186)Node7:0,cluster_78_175:0.004240826287702069)Node6:0,cluster_79_159:0)Node5:0,cluster_82_1875:0.01232716775528093)Node4:0,cluster_86_194:0)Node3:0,cluster_97_288:0.008451341765119356)Node2:0,cluster_105_180:0.00417605495044767)Node1:0,cluster_230_274:0,cluster_279_275:0)"
  }, 
  "omega": 0.4247376927565479
 }, 
 "180-390": {
  "BranchLength": {
   "NS": 0.002178141979027922, 
   "S": 0.001797785947607975
  }, 
  "Diversity": {
   "NS": 0.006591723277367371, 
   "S": 0.0009588880064441782
  }, 
  "Tree": {
   "Combined": "(((((((((((((((((((cluster_0_39274:0.004673149442337342,cluster_1_4852:0)Node18:0.004672455335457426,cluster_2_9405:0)Node17:0,cluster_3_599:0.0102560323740398)Node16:0.00467727489721047,(cluster_4_3382:0,cluster_5_49:0.004684234060034712)Node23:0)Node15:0,cluster_6_93:0.005571135913091072)Node14:0,cluster_7_1775:0.01488940933517634)Node13:0,cluster_8_38:0.0102460883173025)Node12:0,(cluster_9_270:0.005573375169368226,cluster_10_538:0.02046126235592511)Node29:0)Node11:0,cluster_12_292:0.009418705266595379)Node10:0.004674753482139793,cluster_13_36:0.005495882084250488)Node9:0,cluster_15_131:0.005573661006325527)Node8:0.004673455037459961,cluster_17_305:0.004680873040097957)Node7:0.005471704484459325,cluster_18_488:0)Node6:0,cluster_19_266:0.004677383226370689)Node5:0,cluster_20_53:0.004669573252074174)Node4:0,cluster_21_102:0.01007924672455217)Node3:0.005471961553944833,cluster_24_58:0.01024324801434349)Node2:0.002821309649691987,cluster_27_47:0)Node1:0.001837317572293277,cluster_29_38:0.005471409250801511,cluster_30_44:0)", 
   "NS": "(((((((((((((((((((cluster_0_39274:0.004673149442337342,cluster_1_4852:0)Node18:0.004672455335457426,cluster_2_9405:0)Node17:0,cluster_3_599:0.004684669232332937)Node16:0.00467727489721047,(cluster_4_3382:0,cluster_5_49:0.004684234060034712)Node23:0)Node15:0,cluster_6_93:0)Node14:0,cluster_7_1775:0.009420182976159175)Node13:0,cluster_8_38:0.004674726060716805)Node12:0,(cluster_9_270:0,cluster_10_538:0.009385915779220965)Node29:0)Node11:0,cluster_12_292:0.009418705266595379)Node10:0.004674753482139793,cluster_13_36:0)Node9:0,cluster_15_131:0)Node8:0.004673455037459961,cluster_17_305:0.004680873040097957)Node7:0,cluster_18_488:0)Node6:0,cluster_19_266:0.004677383226370689)Node5:0,cluster_20_53:0.004669573252074174)Node4:0,cluster_21_102:0.00466169866885352)Node3:0,cluster_24_58:0.004672428119154064)Node2:0.002821309649691987,cluster_27_47:0)Node1:0.001837317572293277,cluster_29_38:0,cluster_30_44:0)", 
   "S": "(((((((((((((((((((cluster_0_39274:0,cluster_1_4852:0)Node18:0,cluster_2_9405:0)Node17:0,cluster_3_599:0.005571363141706864)Node16:0,(cluster_4_3382:0,cluster_5_49:0)Node23:0)Node15:0,cluster_6_93:0.005571135913091072)Node14:0,cluster_7_1775:0.005469226359017167)Node13:0,cluster_8_38:0.005571362256585694)Node12:0,(cluster_9_270:0.005573375169368226,cluster_10_538:0.01107534657670415)Node29:0)Node11:0,cluster_12_292:0)Node10:0,cluster_13_36:0.005495882084250488)Node9:0,cluster_15_131:0.005573661006325527)Node8:0,cluster_17_305:0)Node7:0.005471704484459325,cluster_18_488:0)Node6:0,cluster_19_266:0)Node5:0,cluster_20_53:0)Node4:0,cluster_21_102:0.005417548055698649)Node3:0.005471961553944833,cluster_24_58:0.005570819895189426)Node2:0,cluster_27_47:0)Node1:0,cluster_29_38:0.005471409250801511,cluster_30_44:0)"
  }, 
  "omega": 0.3496033362210641
 }, 
 "210-420": {
  "BranchLength": {
   "NS": 0.003462039569444754, 
   "S": 0.002905898408105169
  }, 
  "Diversity": {
   "NS": 0.01174743462557504, 
   "S": 0.002598850898879402
  },