
{
	"Actual comparisons performed" :752843732,
	"Comparisons accounting for copy numbers " :3.40104e+09,
	"Total comparisons possible" : 825784480,
	"Links found" : 142228442,
	"Maximum distance" : 0.481662,
	"Mean distance" : 0.058882,
	"Histogram" : [[0.005,74694631],[0.01,67533811],[0.015,80366041],[0.02,94888053],[0.025,123849584],[0.03,174781287],[0.035,184701627],[0.04,212490660],[0.045,200154585],[0.05,203162486],[0.055,173858342],[0.06,163212601],[0.065,189299052],[0.07,229184931],[0.075,240744511],[0.08,222155404],[0.085,225238753],[0.09,186832330],[0.095,108951155],[0.1,47732627],[0.105,37794362],[0.11,41680473],[0.115,16575760],[0.12,8052541],[0.125,10983654],[0.13,10574579],[0.135,7930114],[0.14,3992308],[0.145,6691741],[0.15,3140721],[0.155,2567007],[0.16,2393261],[0.165,1987267],[0.17,1423238],[0.175,2157847],[0.18,1637078],[0.185,1283696],[0.19,2018498],[0.195,1406054],[0.2,1226409],[0.205,900647],[0.21,873111],[0.215,1299325],[0.22,1556473],[0.225,2712931],[0.23,3800234],[0.235,3238140],[0.24,3149925],[0.245,3717012],[0.25,2299615],[0.255,2737996],[0.26,1634671],[0.265,1105298],[0.27,864262],[0.275,548538],[0.28,376699],[0.285,214561],[0.29,203813],[0.295,100482],[0.3,77283],[0.305,40728],[0.31,24881],[0.315,22977],[0.32,19691],[0.325,17889],[0.33,13998],[0.335,15746],[0.34,11390],[0.345,11520],[0.35,9077],[0.355,7056],[0.36,28294],[0.365,10373],[0.37,6614],[0.375,15378],[0.38,7672],[0.385,3329],[0.39,3564],[0.395,6967],[0.4,875],[0.405,1128],[0.41,1471],[0.415,489],[0.42,595],[0.425,1186],[0.43,581],[0.435,60],[0.44,122],[0.445,67],[0.45,21],[0.455,9],[0.46,237],[0.465,8],[0.47,1],[0.475,3],[0.48,11],[0.485,3],[0.49,0],[0.495,0],[0.5,0],[0.505,0],[0.51,0],[0.515,0],[0.52,0],[0.525,0],[0.53,0],[0.535,0],[0.54,0],[0.545,0],[0.55,0],[0.555,0],[0.56,0],[0.565,0],[0.57,0],[0.575,0],[0.58,0],[0.585,0],[0.59,0],[0.595,0],[0.6,0],[0.605,0],[0.61,0],[0.615,0],[0.62,0],[0.625,0],[0.63,0],[0.635,0],[0.64,0],[0.645,0],[0.65,0],[0.655,0],[0.66,0],[0.665,0],[0.67,0],[0.675,0],[0.68,0],[0.685,0],[0.69,0],[0.695,0],[0.7,0],[0.705,0],[0.71,0],[0.715,0],[0.72,0],[0.725,0],[0.73,0],[0.735,0],[0.74,0],[0.745,0],[0.75,0],[0.755,0],[0.76,0],[0.765,0],[0.77,0],[0.775,0],[0.78,0],[0.785,0],[0.79,0],[0.795,0],[0.8,0],[0.805,0],[0.81,0],[0.815,0],[0.82,0],[0.825,0],[0.83,0],[0.835,0],[0.84,0],[0.845,0],[0.85,0],[0.855,0],[0.86,0],[0.865,0],[0.87,0],[0.875,0],[0.88,0],[0.885,0],[0.89,0],[0.895,0],[0.9,0],[0.905,0],[0.91,0],[0.915,0],[0.92,0],[0.925,0],[0.93,0],[0.935,0],[0.94,0],[0.945,0],[0.95,0],[0.955,0],[0.96,0],[0.965,0],[0.97,0],[0.975,0],[0.98,0],[0.985,0],[0.99,0],[0.995,0],[1,0]]
}
