{
 "117-528": {
  "BranchLength": {
   "NS": 0.002061732950324746, 
   "S": 0.0006740545203720367
  }, 
  "Diversity": {
   "NS": 0.006446338082664255, 
   "S": 0.001277335513180989
  }, 
  "Tree": {
   "Combined": "(((((((((((((((((((((((((((((((cluster_0_227:0.002448227364037744,cluster_1_18532:0)Node30:0,cluster_3_347:0.002623990597165062)Node29:0,cluster_4_145:0.005079426869887401)Node28:0,cluster_5_122:0.009851808958030832)Node27:0,cluster_8_208:0.007319158472536121)Node26:0.007262008203396525,cluster_11_500:0.004801888702473292)Node25:0,cluster_13_206:0.002446844501892958)Node24:0,cluster_14_778:0.007516159762332331)Node23:0,cluster_15_690:0)Node22:0,cluster_16_301:0.004902046655439838)Node21:0,cluster_19_289:0.00262630792576648)Node20:0,cluster_20_423:0.007408295773158153)Node19:0,cluster_21_147:0.002429215932165555)Node18:0,cluster_23_124:0.007409971420901863)Node17:0,cluster_24_165:0.007508297259311544)Node16:0,(cluster_25_225:0.01034890069821748,cluster_26_203:0.002641825044236718)Node47:0)Node15:0,cluster_27_206:0.005072705155297153)Node14:0.002385640810412627,cluster_28_223:0.004910633705685937)Node13:0,cluster_29_198:0.002433077651113991)Node12:0,(cluster_31_106:0.002450368620120881,cluster_37_555:0.009843351250750502)Node53:0)Node11:0.00238532342387762,cluster_39_247:0.007751197458163206)Node10:0,cluster_45_384:0.00241106097957221)Node9:0,cluster_60_248:0.007289584365867082)Node8:0,cluster_63_93:0)Node7:0,cluster_72_86:0.004882170486581102)Node6:0,cluster_98_242:0.004794218944447059)Node5:0.004400954512823299,cluster_106_95:0.002868562790838949)Node4:0.0006466731045772105,cluster_112_291:0.005059034507195283)Node3:0.006421752955891743,cluster_124_190:0.002654942565029545)Node2:0,cluster_139_88:0.002654942565595671)Node1:0,cluster_196_221:0.007357190541893468,cluster_255_249:0)", 
   "NS": "(((((((((((((((((((((((((((((((cluster_0_227:0.002448227364037744,cluster_1_18532:0)Node30:0,cluster_3_347:0)Node29:0,cluster_4_145:0.002448215467303368)Node28:0,cluster_5_122:0.009851808958030832)Node27:0,cluster_8_208:0.006317844763660152)Node26:0.006254254827743873,cluster_11_500:0.004801888702473292)Node25:0,cluster_13_206:0.002446844501892958)Node24:0,cluster_14_778:0.004882037281853516)Node23:0,cluster_15_690:0)Node22:0,cluster_16_301:0.004902046655439838)Node21:0,cluster_19_289:0)Node20:0,cluster_20_423:0.006449047593082665)Node19:0,cluster_21_147:0.002429215932165555)Node18:0,cluster_23_124:0.006445438843561362)Node17:0,cluster_24_165:0.004904600755607208)Node16:0,(cluster_25_225:0.002790124589951187,cluster_26_203:0)Node47:0)Node15:0,cluster_27_206:0.002446962337075348)Node14:0.002385640810412627,cluster_28_223:0.004910633705685937)Node13:0,cluster_29_198:0.002433077651113991)Node12:0,(cluster_31_106:0.002450368620120881,cluster_37_555:0.007225469603209284)Node53:0)Node11:0.00238532342387762,cluster_39_247:0.002431154706690183)Node10:0,cluster_45_384:0.00241106097957221)Node9:0,cluster_60_248:0.006239531686328448)Node8:0,cluster_63_93:0)Node7:0,cluster_72_86:0.004882170486581102)Node6:0,cluster_98_242:0.004794218944447059)Node5:0.004400954512823299,cluster_106_95:0.002868562790838949)Node4:0.0006466731045772105,cluster_112_291:0.005059034507195283)Node3:0.006421752955891743,cluster_124_190:0)Node2:0,cluster_139_88:0)Node1:0,cluster_196_221:0.006371920608513285,cluster_255_249:0)", 
   "S": "(((((((((((((((((((((((((((((((cluster_0_227:0,cluster_1_18532:0)Node30:0,cluster_3_347:0.002623990597165062)Node29:0,cluster_4_145:0.002631211402584034)Node28:0,cluster_5_122:0)Node27:0,cluster_8_208:0.001001313708875975)Node26:0.001007753375652655,cluster_11_500:0)Node25:0,cluster_13_206:0)Node24:0,cluster_14_778:0.002634122480478819)Node23:0,cluster_15_690:0)Node22:0,cluster_16_301:0)Node21:0,cluster_19_289:0.00262630792576648)Node20:0,cluster_20_423:0.0009592481800754941)Node19:0,cluster_21_147:0)Node18:0,cluster_23_124:0.0009645325773405015)Node17:0,cluster_24_165:0.002603696503704336)Node16:0,(cluster_25_225:0.007558776108266294,cluster_26_203:0.002641825044236718)Node47:0)Node15:0,cluster_27_206:0.002625742818221807)Node14:0,cluster_28_223:0)Node13:0,cluster_29_198:0)Node12:0,(cluster_31_106:0,cluster_37_555:0.002617881647541216)Node53:0)Node11:0,cluster_39_247:0.005320042751473022)Node10:0,cluster_45_384:0)Node9:0,cluster_60_248:0.001050052679538637)Node8:0,cluster_63_93:0)Node7:0,cluster_72_86:0)Node6:0,cluster_98_242:0)Node5:0,cluster_106_95:0)Node4:0,cluster_112_291:0)Node3:0,cluster_124_190:0.002654942565029545)Node2:0,cluster_139_88:0.002654942565595671)Node1:0,cluster_196_221:0.000985269933380188,cluster_255_249:0)"
  }, 
  "omega": 0.8017069333190442
 }, 
 "120-330": {
  "BranchLength": {
   "NS": 0.001681713054551257, 
   "S": 0.00102075661229657
  }, 
  "Diversity": {
   "NS": 0.001737616230183632, 
   "S": 0.0006151954295623782
  }, 
  "Tree": {
   "Combined": "(((((((((((cluster_0_130:0.004836178820814576,cluster_1_26723:0)Node10:0.004816999455081177,cluster_2_460:0.004714048887033929)Node9:0,cluster_4_452:0.009672475271043899)Node8:0,cluster_5_317:0.004820054725735698)Node7:0,cluster_6_51:0)Node6:0,cluster_7_261:0.004695074281846053)Node5:0,cluster_8_449:0.004719786377342492)Node4:0,cluster_9_360:0.009669734199205585)Node3:0.009526781583284632,cluster_10_352:0)Node2:0,cluster_11_172:0.004685668736112)Node1:0,cluster_12_73:0,cluster_20_48:0)", 
   "NS": "(((((((((((cluster_0_130:0.004836178820814576,cluster_1_26723:0)Node10:0.004816999455081177,cluster_2_460:0)Node9:0,cluster_4_452:0.009672475271043899)Node8:0,cluster_5_317:0.004820054725735698)Node7:0,cluster_6_51:0)Node6:0,cluster_7_261:0)Node5:0,cluster_8_449:0)Node4:0,cluster_9_360:0.009669734199205585)Node3:0.00486395778279798,cluster_10_352:0)Node2:0,cluster_11_172:0)Node1:0,cluster_12_73:0,cluster_20_48:0)", 
   "S": "(((((((((((cluster_0_130:0,cluster_1_26723:0)Node10:0,cluster_2_460:0.004714048887033929)Node9:0,cluster_4_452:0)Node8:0,cluster_5_317:0)Node7:0,cluster_6_51:0)Node6:0,cluster_7_261:0.004695074281846053)Node5:0,cluster_8_449:0.004719786377342492)Node4:0,cluster_9_360:0)Node3:0.004662823800486649,cluster_10_352:0)Node2:0,cluster_11_172:0.004685668736112)Node1:0,cluster_12_73:0,cluster_20_48:0)"
  }, 
  "omega": 0.4378190583075315
 }, 
 "150-360": {
  "BranchLength": {
   "NS": 0.002158561729437518, 
   "S": 0.0009033753527121966
  }, 
  "Diversity": {
   "NS": 0.00127884203429311, 
   "S": 0.0004218553935609316
  }, 
  "Tree": {
   "Combined": "(((((((((cluster_0_26167:0.001069004439283627,cluster_1_466:0.004834822977402819)Node8:0.0001685474248928373,cluster_2_465:0.004900885281697625)Node7:0.003553531685758742,cluster_3_227:0.009593865513156148)Node6:0,cluster_5_34:0.004922040867608733)Node5:0,cluster_6_271:0.004834822966015828)Node4:0,cluster_7_459:0.004854417196723707)Node3:0,cluster_8_364:0.004901730217389342)Node2:0,cluster_14_50:0.01454313599091516)Node1:0,cluster_19_768:0,cluster_29_513:0)", 
   "NS": "(((((((((cluster_0_26167:0.001069004439283627,cluster_1_466:0)Node8:0.0001685474248928373,cluster_2_465:0.004900885281697625)Node7:0.003553531685758742,cluster_3_227:0.007082676986217222)Node6:0,cluster_5_34:0.004922040867608733)Node5:0,cluster_6_271:0)Node4:0,cluster_7_459:0)Node3:0,cluster_8_364:0.004901730217389342)Node2:0,cluster_14_50:0.01441425595646471)Node1:0,cluster_19_768:0,cluster_29_513:0)", 
   "S": "(((((((((cluster_0_26167:0,cluster_1_466:0.004834822977402819)Node8:0,cluster_2_465:0)Node7:0,cluster_3_227:0.002511188526938925)Node6:0,cluster_5_34:0)Node5:0,cluster_6_271:0.004834822966015828)Node4:0,cluster_7_459:0.004854417196723707)Node3:0,cluster_8_364:0)Node2:0,cluster_14_50:0.0001288800344504552)Node1:0,cluster_19_768:0,cluster_29_513:0)"
  }, 
  "omega": 0.5831751350090723
 }, 
 "180-390": {
  "BranchLength": {
   "NS": 0.002400709546212001, 
   "S": 0.0009601292175671872
  }, 
  "Diversity": {
   "NS": 0.001440114374451117, 
   "S": 0.0004344622706418269
  },