{
 "150-360": {
  "BranchLength": {
   "NS": 0, 
   "S": 0
  }, 
  "Diversity": {
   "NS": 0, 
   "S": 0
  }, 
  "Tree": "", 
  "omega": 0
 }, 
 "159-552": {
  "BranchLength": {
   "NS": 0.0004046205818687391, 
   "S": 0.001533840017103407
  }, 
  "Diversity": {
   "NS": 0.0004529074901806344, 
   "S": 0.002144937706427372
  }, 
  "Tree": {
   "Combined": "((((((cluster_0_503:0,cluster_2_252:0.002787713241129035)Node5:0,cluster_3_71:0.005477246083574114)Node4:0,cluster_4_15:0.008474929360455109)Node3:0,cluster_6_13:0.002787715496706495)Node2:0,cluster_9_10:0.002884669879620461)Node1:0,cluster_11_57:0.002787713725152684,cluster_12_12:0)", 
   "NS": "((((((cluster_0_503:0,cluster_2_252:0)Node5:0,cluster_3_71:0.002624453584192799)Node4:0,cluster_4_15:0.00263561398010081)Node3:0,cluster_6_13:0)Node2:0,cluster_9_10:0)Node1:0,cluster_11_57:0,cluster_12_12:0)", 
   "S": "((((((cluster_0_503:0,cluster_2_252:0.002787713241129035)Node5:0,cluster_3_71:0.002852792499381315)Node4:0,cluster_4_15:0.005839315380354295)Node3:0,cluster_6_13:0.002787715496706495)Node2:0,cluster_9_10:0.002884669879620461)Node1:0,cluster_11_57:0.002787713725152684,cluster_12_12:0)"
  }, 
  "omega": 0.1060671110909733
 }, 
 "180-390": {
  "BranchLength": {
   "NS": 0, 
   "S": 0.001001166799681532
  }, 
  "Diversity": {
   "NS": 0, 
   "S": 0.002488710338695604
  }, 
  "Tree": {
   "Combined": "((cluster_0_126:0,cluster_1_401:0.005005833998407662)Node1:0,cluster_7_84:0,cluster_11_129:0)", 
   "NS": "((cluster_0_126:0,cluster_1_401:0)Node1:0,cluster_7_84:0,cluster_11_129:0)", 
   "S": "((cluster_0_126:0,cluster_1_401:0.005005833998407662)Node1:0,cluster_7_84:0,cluster_11_129:0)"
  }, 
  "omega": 0
 }, 
 "210-420": {
  "BranchLength": {
   "NS": 0.001703042162234256, 
   "S": 0.003452667951950975
  }, 
  "Diversity": {
   "NS": 0.0006568372428185572, 
   "S": 0.00303555614865525
  }, 
  "Tree": {
   "Combined": "(cluster_0_507:0,cluster_2_330:0.005061872757994118,cluster_3_62:0.01040525758456157)", 
   "NS": "(cluster_0_507:0,cluster_2_330:0,cluster_3_62:0.005109126486702768)", 
   "S": "(cluster_0_507:0,cluster_2_330:0.005061872757994118,cluster_3_62:0.005296131097858807)"
  }, 
  "omega": 0.1956678731798379
 }, 
 "240-450": {
  "BranchLength": {
   "NS": 0.001665402470583368, 
   "S": 0.003254112975099784
  }, 
  "Diversity": {
   "NS": 0.0006995743941477178, 
   "S": 0.002914640664043244
  }, 
  "Tree": {
   "Combined": "(cluster_0_514:0,cluster_2_329:0.004811002677538916,cluster_3_69:0.009947543659510545)", 
   "NS": "(cluster_0_514:0,cluster_2_329:0,cluster_3_69:0.004996207411750105)", 
   "S": "(cluster_0_514:0,cluster_2_329:0.004811002677538916,cluster_3_69:0.004951336247760438)"
  }, 
  "omega": 0.226603192958141
 }, 
 "270-480": {
  "BranchLength": {
   "NS": 0, 
   "S": 0.001644894666053743
  }, 
  "Diversity": {
   "NS": 0, 
   "S": 0.00245703466413544
  }, 
  "Tree": {
   "Combined": "(cluster_0_452:0,cluster_1_443:0.00493468399816123,cluster_4_60:0)", 
   "NS": "(cluster_0_452:0,cluster_1_443:0,cluster_4_60:0)", 
   "S": "(cluster_0_452:0,cluster_1_443:0.00493468399816123,cluster_4_60:0)"
  }, 
  "omega": 0
 }, 
 "300-510": {
  "BranchLength": {
   "NS": 0, 
   "S": 0
  }, 
  "Diversity": {
   "NS": 0, 
   "S": 0
  }, 
  "Tree": "", 
  "omega": 0
 }, 
 "330-540": {
  "BranchLength": {
   "NS": 0, 
   "S": 0
  }, 
  "Diversity": {
   "NS": 0, 
   "S": 0
  }, 
  "Tree": {
   "Combined": "(cluster_3_98:0)", 
   "NS": "(cluster_3_98:0)", 
   "S": "(cluster_3_98:0)"
  }, 
  "omega": 0.9228853344417433
 }
}