{
 "117-528": {
  "BranchLength": {
   "NS": 0.002907209054695946, 
   "S": 0.001629742664049604
  }, 
  "Diversity": {
   "NS": 0.01776337092486868, 
   "S": 0.00866421374254318
  }, 
  "Tree": {
   "Combined": "((((((((((((((((((((((((((((((((((((((cluster_0_3116:0.00243815054505702,cluster_4_193:0)Node37:0,cluster_6_1097:0.007428785067798743)Node36:0.01767879073090223,cluster_8_1938:0)Node35:0,cluster_9_52:0.01308690888781026)Node34:0,cluster_10_44:0.01048727913168517)Node33:0,cluster_12_132:0.002692474473337052)Node32:0,cluster_13_172:0.01497087992201327)Node31:0,cluster_14_79:0.002471549138652738)Node30:0,cluster_17_57:0.002471509830207033)Node29:0.01002152771959981,cluster_18_179:0.00508311556322347)Node28:0,cluster_19_65:0.002448371269553777)Node27:0,cluster_21_160:0.002672137919519776)Node26:0,cluster_22_40:0.005066622982325548)Node25:0,cluster_26_62:0.0130225004247164)Node24:0.01002161546513776,cluster_27_88:0.002654948054636884)Node23:0,cluster_28_48:0.002699302122473962)Node22:0,cluster_29_51:0.002459700358885915)Node21:0,cluster_31_53:0.002470712734618334)Node20:0.01074337575518118,cluster_35_44:0.0103483128597673)Node19:0,cluster_38_33:0.02055088426832969)Node18:0,cluster_44_33:0.005133415331615585)Node17:0,cluster_60_34:0.007644371081609242)Node16:0,(cluster_61_36:0.0126599387647262,cluster_73_51:0.01265744319016277)Node61:0)Node15:0,cluster_74_30:0.002465231145836767)Node14:0,cluster_87_42:0.01038448322723863)Node13:0.007691078308664233,cluster_101_32:0.007851905534071653)Node12:0,(cluster_102_39:0.002472403195330577,cluster_122_40:0.004949511037393062)Node67:0.007499353379965859)Node11:0,cluster_140_247:0.005420331681227772)Node10:0,cluster_145_29:0.01245201880033408)Node9:0.002999356656629759,cluster_149_31:0.004938479167897138)Node8:0,cluster_160_39:0.01804691362960158)Node7:0,cluster_169_40:0.005087399544788829)Node6:0.01077731062367818,cluster_177_33:0.002473712525800958)Node5:0,cluster_191_61:0.002455113448660945)Node4:0,cluster_203_33:0.00270216587721628)Node3:0,cluster_216_49:0.02628923396708274)Node2:0,cluster_249_56:0.01096027516066489)Node1:0,cluster_410_77:0.007492188712758454,cluster_549_33:0)", 
   "NS": "((((((((((((((((((((((((((((((((((((((cluster_0_3116:0.00243815054505702,cluster_4_193:0)Node37:0,cluster_6_1097:0.006447615530852067)Node36:0.01199726039688533,cluster_8_1938:0)Node35:0,cluster_9_52:0.005829471355602012)Node34:0,cluster_10_44:0.005023002722731959)Node33:0,cluster_12_132:0)Node32:0,cluster_13_172:0.01308227269340568)Node31:0,cluster_14_79:0.002471549138652738)Node30:0,cluster_17_57:0.002471509830207033)Node29:0.006398753456327893,cluster_18_179:0.003272861260013086)Node28:0,cluster_19_65:0.002448371269553777)Node27:0,cluster_21_160:0)Node26:0,cluster_22_40:0.00325956001053824)Node25:0,cluster_26_62:0.00581613623511414)Node24:0.00639881206916975,cluster_27_88:0)Node23:0,cluster_28_48:0)Node22:0,cluster_29_51:0.002459700358885915)Node21:0,cluster_31_53:0.002470712734618334)Node20:0.006335340672256072,cluster_35_44:0.005559366170093958)Node19:0,cluster_38_33:0.01440619614232631)Node18:0,cluster_44_33:0.002460893615805184)Node17:0,cluster_60_34:0.004980128416475682)Node16:0,(cluster_61_36:0.009846744280700726,cluster_73_51:0.009775769140323194)Node61:0)Node15:0,cluster_74_30:0.002465231145836767)Node14:0,cluster_87_42:0.004980310274962267)Node13:0.006358092542822926,cluster_101_32:0.00278273228582073)Node12:0,(cluster_102_39:0.002472403195330577,cluster_122_40:0.004949511037393062)Node67:0.006519717136390021)Node11:0,cluster_140_247:0)Node10:0,cluster_145_29:0.01245201880033408)Node9:0,cluster_149_31:0.004938479167897138)Node8:0,cluster_160_39:0.0106352354884325)Node7:0,cluster_169_40:0.003260454332388942)Node6:0.006394209197693546,cluster_177_33:0.002473712525800958)Node5:0,cluster_191_61:0.002455113448660945)Node4:0,cluster_203_33:0)Node3:0,cluster_216_49:0.01372921368390754)Node2:0,cluster_249_56:0.006408593647173895)Node1:0,cluster_410_77:0.006558727473929624,cluster_549_33:0)", 
   "S": "((((((((((((((((((((((((((((((((((((((cluster_0_3116:0,cluster_4_193:0)Node37:0,cluster_6_1097:0.0009811695369466784)Node36:0.005681530334016902,cluster_8_1938:0)Node35:0,cluster_9_52:0.007257437532208251)Node34:0,cluster_10_44:0.005464276408953211)Node33:0,cluster_12_132:0.002692474473337052)Node32:0,cluster_13_172:0.001888607228607592)Node31:0,cluster_14_79:0)Node30:0,cluster_17_57:0)Node29:0.003622774263271912,cluster_18_179:0.001810254303210384)Node28:0,cluster_19_65:0)Node27:0,cluster_21_160:0.002672137919519776)Node26:0,cluster_22_40:0.001807062971787309)Node25:0,cluster_26_62:0.007206364189602261)Node24:0.003622803395968014,cluster_27_88:0.002654948054636884)Node23:0,cluster_28_48:0.002699302122473962)Node22:0,cluster_29_51:0)Node21:0,cluster_31_53:0)Node20:0.004408035082925115,cluster_35_44:0.00478894668967334)Node19:0,cluster_38_33:0.006144688126003386)Node18:0,cluster_44_33:0.002672521715810403)Node17:0,cluster_60_34:0.002664242665133561)Node16:0,(cluster_61_36:0.002813194484025472,cluster_73_51:0.002881674049839587)Node61:0)Node15:0,cluster_74_30:0)Node14:0,cluster_87_42:0.005404172952276368)Node13:0.001332985765841306,cluster_101_32:0.005069173248250922)Node12:0,(cluster_102_39:0,cluster_122_40:0)Node67:0.0009796362435758397)Node11:0,cluster_140_247:0.005420331681227772)Node10:0,cluster_145_29:0)Node9:0.002999356656629759,cluster_149_31:0)Node8:0,cluster_160_39:0.007411678141169081)Node7:0,cluster_169_40:0.001826945212399887)Node6:0.004383101425984642,cluster_177_33:0)Node5:0,cluster_191_61:0)Node4:0,cluster_203_33:0.00270216587721628)Node3:0,cluster_216_49:0.01256002028317521)Node2:0,cluster_249_56:0.004551681513491002)Node1:0,cluster_410_77:0.0009334612388288255,cluster_549_33:0)"
  }, 
  "omega": 0.4499855152658729
 }, 
 "120-330": {
  "BranchLength": {
   "NS": 0.002731067271819843, 
   "S": 0.001887135924141025
  }, 
  "Diversity": {
   "NS": 0.006547997288496484, 
   "S": 0.003081643338829709
  }, 
  "Tree": {
   "Combined": "(((((((((((((cluster_0_7542:0,cluster_1_1524:0.01911664325505382)Node12:0,cluster_2_272:0.004597128838096779)Node11:0,cluster_4_59:0.00963317726370711)Node10:0,cluster_5_81:0.004989737086697112)Node9:0,cluster_6_394:0.005016110956524218)Node8:0.01098104840034106,cluster_7_220:0)Node7:0.003199049832969203,cluster_8_197:0.004641117716026369)Node6:0.00463836030233072,cluster_10_80:0.005048452405681382)Node5:0,cluster_14_54:0.005021737630835739)Node4:0.01469413440600969,cluster_20_59:0.009355608639917676)Node3:0,cluster_23_52:0.00956737563193018)Node2:0,cluster_29_103:0.00465945736363209)Node1:0,cluster_35_79:0,cluster_58_83:0.009532346561190305)", 
   "NS": "(((((((((((((cluster_0_7542:0,cluster_1_1524:0.01346270781622836)Node12:0,cluster_2_272:0.004597128838096779)Node11:0,cluster_4_59:0.004617056620970663)Node10:0,cluster_5_81:0)Node9:0,cluster_6_394:0)Node8:0.01098104840034106,cluster_7_220:0)Node7:0,cluster_8_197:0.004641117716026369)Node6:0.00463836030233072,cluster_10_80:0)Node5:0,cluster_14_54:0)Node4:0.005416674791877111,cluster_20_59:0.009355608639917676)Node3:0,cluster_23_52:0.004654445623572034)Node2:0,cluster_29_103:0.00465945736363209)Node1:0,cluster_35_79:0,cluster_58_83:0.006715210226142903)", 
   "S": "(((((((((((((cluster_0_7542:0,cluster_1_1524:0.005653935438825446)Node12:0,cluster_2_272:0)Node11:0,cluster_4_59:0.005016120642736449)Node10:0,cluster_5_81:0.004989737086697112)Node9:0,cluster_6_394:0.005016110956524218)Node8:0,cluster_7_220:0)Node7:0.003199049832969203,cluster_8_197:0)Node6:0,cluster_10_80:0.005048452405681382)Node5:0,cluster_14_54:0.005021737630835739)Node4:0.009277459614132589,cluster_20_59:0)Node3:0,cluster_23_52:0.004912930008358146)Node2:0,cluster_29_103:0)Node1:0,cluster_35_79:0,cluster_58_83:0.002817136335047401)"
  }, 
  "omega": 0.5188881758151954
 }, 
 "150-360": {
  "BranchLength": {
   "NS": 0.002479130668502395, 
   "S": 0.00115396340732313
  }, 
  "Diversity": {
   "NS": 0.006164292862794652, 
   "S": 0.0008055233880115589
  },