{
 "171-435": {
  "BranchLength": {
   "NS": 0.0005958393232266627, 
   "S": 0.00547883700688066
  }, 
  "Diversity": {
   "NS": 0.0005447196030539064, 
   "S": 0.03096849997141503
  }, 
  "Tree": {
   "Combined": "(((((((((((((((((((((((((((((cluster_0_1429:0.008684391048583887,cluster_1_128:0.03607643427912444)Node28:0,cluster_2_2409:0.01317626420580505)Node27:0,cluster_3_79:0.003732227818981398)Node26:0,cluster_4_605:0.004302418436672044)Node25:0.004339590471124242,cluster_5_102:0.004437863515547876)Node24:0,cluster_6_30:0.004390339791527998)Node23:0,cluster_7_1819:0)Node22:0.01331032682694828,cluster_8_1668:0.004256164906400269)Node21:0,cluster_10_392:0)Node20:0,cluster_11_71:0.02620498781673501)Node19:0.004202612551517127,cluster_13_107:0.008483186411321059)Node18:0,cluster_14_166:0.004180614317841981)Node17:0,cluster_16_112:0.004138476707557606)Node16:0,(cluster_17_101:0.02606316884637971,cluster_18_44:0.0128148837826682)Node43:0)Node15:0.004035699268980235,cluster_19_108:0.02222873562484743)Node14:0.004715821001153484,cluster_21_131:0.004386094378591819)Node13:0.004607737821069371,cluster_22_163:0)Node12:0.004440914478994638,(cluster_29_106:0.008722242774211965,cluster_30_299:0)Node49:0.004495009731583905)Node11:0,cluster_31_30:0.002171470375164514)Node10:0.01568201571804723,cluster_34_65:0.004124039697851843)Node9:0,cluster_35_193:0.008648464988362142)Node8:0,cluster_36_62:0.003732228367654466)Node7:0.004216901346403992,cluster_37_70:0)Node6:0,cluster_39_121:0.03606875989943747)Node5:0,cluster_40_108:0.004222633296137202)Node4:0.01464473331338939,cluster_42_54:0.007903643579847309)Node3:0.004656211404413278,cluster_54_41:0.00752824152580329)Node2:0.01999848144739358,cluster_59_42:0)Node1:0,cluster_73_56:0.004364159747238775,cluster_90_101:0.004316417275447655)", 
   "NS": "(((((((((((((((((((((((((((((cluster_0_1429:0,cluster_1_128:0.003739571643489224)Node28:0,cluster_2_2409:0)Node27:0,cluster_3_79:0.003732227818981398)Node26:0,cluster_4_605:0)Node25:0,cluster_5_102:0)Node24:0,cluster_6_30:0)Node23:0,cluster_7_1819:0)Node22:0,cluster_8_1668:0)Node21:0,cluster_10_392:0)Node20:0,cluster_11_71:0.003771248331541906)Node19:0,cluster_13_107:0)Node18:0,cluster_14_166:0)Node17:0,cluster_16_112:0)Node16:0,(cluster_17_101:0.003755088996523496,cluster_18_44:0)Node43:0)Node15:0,cluster_19_108:0.003765790280640181)Node14:0,cluster_21_131:0)Node13:0,cluster_22_163:0)Node12:0,(cluster_29_106:0,cluster_30_299:0)Node49:0)Node11:0,cluster_31_30:0)Node10:0,cluster_34_65:0)Node9:0,cluster_35_193:0)Node8:0,cluster_36_62:0.003732228367654466)Node7:0,cluster_37_70:0)Node6:0,cluster_39_121:0.003749814800200653)Node5:0,cluster_40_108:0)Node4:0,cluster_42_54:0.003763665598445135)Node3:0,cluster_54_41:0.00752824152580329)Node2:0,cluster_59_42:0)Node1:0,cluster_73_56:0,cluster_90_101:0)", 
   "S": "(((((((((((((((((((((((((((((cluster_0_1429:0.008684391048583887,cluster_1_128:0.0323368626356352)Node28:0,cluster_2_2409:0.01317626420580505)Node27:0,cluster_3_79:0)Node26:0,cluster_4_605:0.004302418436672044)Node25:0.004339590471124242,cluster_5_102:0.004437863515547876)Node24:0,cluster_6_30:0.004390339791527998)Node23:0,cluster_7_1819:0)Node22:0.01331032682694828,cluster_8_1668:0.004256164906400269)Node21:0,cluster_10_392:0)Node20:0,cluster_11_71:0.0224337394851931)Node19:0.004202612551517127,cluster_13_107:0.008483186411321059)Node18:0,cluster_14_166:0.004180614317841981)Node17:0,cluster_16_112:0.004138476707557606)Node16:0,(cluster_17_101:0.02230807984985621,cluster_18_44:0.0128148837826682)Node43:0)Node15:0.004035699268980235,cluster_19_108:0.01846294534420726)Node14:0.004715821001153484,cluster_21_131:0.004386094378591819)Node13:0.004607737821069371,cluster_22_163:0)Node12:0.004440914478994638,(cluster_29_106:0.008722242774211965,cluster_30_299:0)Node49:0.004495009731583905)Node11:0,cluster_31_30:0.002171470375164514)Node10:0.01568201571804723,cluster_34_65:0.004124039697851843)Node9:0,cluster_35_193:0.008648464988362142)Node8:0,cluster_36_62:0)Node7:0.004216901346403992,cluster_37_70:0)Node6:0,cluster_39_121:0.03231894509923683)Node5:0,cluster_40_108:0.004222633296137202)Node4:0.01464473331338939,cluster_42_54:0.004139977981402173)Node3:0.004656211404413278,cluster_54_41:0)Node2:0.01999848144739358,cluster_59_42:0)Node1:0,cluster_73_56:0.004364159747238775,cluster_90_101:0.004316417275447655)"
  }, 
  "omega": 0.02686584774920226
 }, 
 "180-390": {
  "BranchLength": {
   "NS": 0.0003119633218132799, 
   "S": 0.003754611254384793
  }, 
  "Diversity": {
   "NS": 0.0001298839532831528, 
   "S": 0.01064056382097771
  }, 
  "Tree": {
   "Combined": "(((((((cluster_0_4117:0.0113408235765143,cluster_1_5024:0.005619933162018906)Node6:0,cluster_2_168:0.004679449827199198)Node5:0,cluster_3_1203:0)Node4:0.005523476968391289,cluster_4_199:0.01129754462958864)Node3:0,cluster_5_351:0.005501952549437545)Node2:0,cluster_6_396:0)Node1:0.01134082357691009,cluster_7_417:0,cluster_9_61:0.005694614352911115)", 
   "NS": "(((((((cluster_0_4117:0,cluster_1_5024:0)Node6:0,cluster_2_168:0.004679449827199198)Node5:0,cluster_3_1203:0)Node4:0,cluster_4_199:0)Node3:0,cluster_5_351:0)Node2:0,cluster_6_396:0)Node1:0,cluster_7_417:0,cluster_9_61:0)", 
   "S": "(((((((cluster_0_4117:0.0113408235765143,cluster_1_5024:0.005619933162018906)Node6:0,cluster_2_168:0)Node5:0,cluster_3_1203:0)Node4:0.005523476968391289,cluster_4_199:0.01129754462958864)Node3:0,cluster_5_351:0.005501952549437545)Node2:0,cluster_6_396:0)Node1:0.01134082357691009,cluster_7_417:0,cluster_9_61:0.005694614352911115)"
  }, 
  "omega": 0.03138838086736331
 }, 
 "210-420": {
  "BranchLength": {
   "NS": 0.0001364591008889161, 
   "S": 0.004461808136771312
  }, 
  "Diversity": {
   "NS": 0.0001258560567264167, 
   "S": 0.01259879165741835
  }, 
  "Tree": {
   "Combined": "((((((((((((((((cluster_0_3559:0.01086476745849101,cluster_1_4526:0.005351936416317211)Node15:0,cluster_2_155:0.004776068531112064)Node14:0,cluster_3_1075:0)Node13:0.00524492089942939,cluster_4_169:0.01078624993004262)Node12:0,(cluster_5_130:0.01088377711420534,cluster_7_248:0.01056112918350883)Node21:0)Node11:0,cluster_9_303:0.00520747122451774)Node10:0,cluster_10_176:0.00510625352473942)Node9:0,cluster_11_191:0)Node8:0,cluster_12_148:0.005275318985506524)Node7:0.005247829951626854,cluster_13_60:0.01080001633789067)Node6:0,cluster_14_221:0.01089659315571242)Node5:0,cluster_15_371:0.005386497916222917)Node4:0,cluster_16_41:0.005243714259458426)Node3:0,cluster_19_59:0.01110565074794217)Node2:0.005288539027551301,cluster_27_93:0.01072584704027866)Node1:0,cluster_29_33:0.0221867716135544,cluster_30_50:0)", 
   "NS": "((((((((((((((((cluster_0_3559:0,cluster_1_4526:0)Node15:0,cluster_2_155:0.004776068531112064)Node14:0,cluster_3_1075:0)Node13:0,cluster_4_169:0)Node12:0,(cluster_5_130:0,cluster_7_248:0)Node21:0)Node11:0,cluster_9_303:0)Node10:0,cluster_10_176:0)Node9:0,cluster_11_191:0)Node8:0,cluster_12_148:0)Node7:0,cluster_13_60:0)Node6:0,cluster_14_221:0)Node5:0,cluster_15_371:0)Node4:0,cluster_16_41:0)Node3:0,cluster_19_59:0)Node2:0,cluster_27_93:0)Node1:0,cluster_29_33:0,cluster_30_50:0)", 
   "S": "((((((((((((((((cluster_0_3559:0.01086476745849101,cluster_1_4526:0.005351936416317211)Node15:0,cluster_2_155:0)Node14:0,cluster_3_1075:0)Node13:0.00524492089942939,cluster_4_169:0.01078624993004262)Node12:0,(cluster_5_130:0.01088377711420534,cluster_7_248:0.01056112918350883)Node21:0)Node11:0,cluster_9_303:0.00520747122451774)Node10:0,cluster_10_176:0.00510625352473942)Node9:0,cluster_11_191:0)Node8:0,cluster_12_148:0.005275318985506524)Node7:0.005247829951626854,cluster_13_60:0.01080001633789067)Node6:0,cluster_14_221:0.01089659315571242)Node5:0,cluster_15_371:0.005386497916222917)Node4:0,cluster_16_41:0.005243714259458426)Node3:0,cluster_19_59:0.01110565074794217)Node2:0.005288539027551301,cluster_27_93:0.01072584704027866)Node1:0,cluster_29_33:0.0221867716135544,cluster_30_50:0)"
  }, 
  "omega": 0.01155277126211596
 },