
{
	"Actual comparisons performed" :18446744073664181425,
	"Comparisons accounting for copy numbers " :2.16641e+09,
	"Total comparisons possible" : 121111266,
	"Links found" : 681262270,
	"Maximum distance" : 0.290733,
	"Mean distance" : 0.0237599,
	"Histogram" : [[0.005,388502267],[0.01,292760003],[0.015,374542669],[0.02,349063247],[0.025,254127611],[0.03,128743755],[0.035,62186047],[0.04,21821393],[0.045,9244939],[0.05,4548242],[0.055,3599584],[0.06,3598812],[0.065,4255013],[0.07,4649414],[0.075,4297209],[0.08,9363985],[0.085,18168563],[0.09,48461689],[0.095,91995072],[0.1,44417381],[0.105,20253671],[0.11,17772632],[0.115,5573462],[0.12,2148379],[0.125,727499],[0.13,390182],[0.135,279252],[0.14,274057],[0.145,245703],[0.15,160794],[0.155,102296],[0.16,51695],[0.165,48043],[0.17,19979],[0.175,7155],[0.18,6966],[0.185,2121],[0.19,1107],[0.195,800],[0.2,601],[0.205,230],[0.21,254],[0.215,126],[0.22,97],[0.225,69],[0.23,41],[0.235,33],[0.24,22],[0.245,14],[0.25,8],[0.255,5],[0.26,5],[0.265,6],[0.27,2],[0.275,0],[0.28,0],[0.285,2],[0.29,0],[0.295,2],[0.3,0],[0.305,0],[0.31,0],[0.315,0],[0.32,0],[0.325,0],[0.33,0],[0.335,0],[0.34,0],[0.345,0],[0.35,0],[0.355,0],[0.36,0],[0.365,0],[0.37,0],[0.375,0],[0.38,0],[0.385,0],[0.39,0],[0.395,0],[0.4,0],[0.405,0],[0.41,0],[0.415,0],[0.42,0],[0.425,0],[0.43,0],[0.435,0],[0.44,0],[0.445,0],[0.45,0],[0.455,0],[0.46,0],[0.465,0],[0.47,0],[0.475,0],[0.48,0],[0.485,0],[0.49,0],[0.495,0],[0.5,0],[0.505,0],[0.51,0],[0.515,0],[0.52,0],[0.525,0],[0.53,0],[0.535,0],[0.54,0],[0.545,0],[0.55,0],[0.555,0],[0.56,0],[0.565,0],[0.57,0],[0.575,0],[0.58,0],[0.585,0],[0.59,0],[0.595,0],[0.6,0],[0.605,0],[0.61,0],[0.615,0],[0.62,0],[0.625,0],[0.63,0],[0.635,0],[0.64,0],[0.645,0],[0.65,0],[0.655,0],[0.66,0],[0.665,0],[0.67,0],[0.675,0],[0.68,0],[0.685,0],[0.69,0],[0.695,0],[0.7,0],[0.705,0],[0.71,0],[0.715,0],[0.72,0],[0.725,0],[0.73,0],[0.735,0],[0.74,0],[0.745,0],[0.75,0],[0.755,0],[0.76,0],[0.765,0],[0.77,0],[0.775,0],[0.78,0],[0.785,0],[0.79,0],[0.795,0],[0.8,0],[0.805,0],[0.81,0],[0.815,0],[0.82,0],[0.825,0],[0.83,0],[0.835,0],[0.84,0],[0.845,0],[0.85,0],[0.855,0],[0.86,0],[0.865,0],[0.87,0],[0.875,0],[0.88,0],[0.885,0],[0.89,0],[0.895,0],[0.9,0],[0.905,0],[0.91,0],[0.915,0],[0.92,0],[0.925,0],[0.93,0],[0.935,0],[0.94,0],[0.945,0],[0.95,0],[0.955,0],[0.96,0],[0.965,0],[0.97,0],[0.975,0],[0.98,0],[0.985,0],[0.99,0],[0.995,0],[1,0]]
}
