{
 "180-390": {
  "BranchLength": {
   "NS": 0.002456792772734363, 
   "S": 0.00697372345644292
  }, 
  "Diversity": {
   "NS": 0.008102820519617278, 
   "S": 0.01865171309272921
  }, 
  "Tree": {
   "Combined": "(((((((((((((cluster_0_269:0.01760824817150653,cluster_1_441:0)Node12:0.02107396078619569,cluster_2_637:0.01792388783031624)Node11:0,cluster_5_601:0)Node10:0,cluster_6_86:0.01178669080200602)Node9:0,cluster_7_697:0.0151078169000288)Node8:0,cluster_9_83:0.02099937215469842)Node7:0,cluster_10_49:0.02724107859013524)Node6:0,cluster_13_47:0.03333532140364805)Node5:0,cluster_14_75:0.005739052086804713)Node4:0,cluster_18_32:0.0058144550581486)Node3:0,cluster_22_38:0.0209545209348628)Node2:0,cluster_42_42:0.02716784573866499)Node1:0,cluster_44_33:0.005723192108520652,cluster_58_33:0.02414849562224991)", 
   "NS": "(((((((((((((cluster_0_269:0,cluster_1_441:0)Node12:0.009654093550565094,cluster_2_637:0)Node11:0,cluster_5_601:0)Node10:0,cluster_6_86:0)Node9:0,cluster_7_697:0.009367901009065122)Node8:0,cluster_9_83:0.009367698311728196)Node7:0,cluster_10_49:0.009550341364351157)Node6:0,cluster_13_47:0.009495498598034649)Node5:0,cluster_14_75:0)Node4:0,cluster_18_32:0)Node3:0,cluster_22_38:0.00936096867499297)Node2:0,cluster_42_42:0.009536903355090606)Node1:0,cluster_44_33:0,cluster_58_33:0)", 
   "S": "(((((((((((((cluster_0_269:0.01760824817150653,cluster_1_441:0)Node12:0.0114198672356306,cluster_2_637:0.01792388783031624)Node11:0,cluster_5_601:0)Node10:0,cluster_6_86:0.01178669080200602)Node9:0,cluster_7_697:0.005739915890963672)Node8:0,cluster_9_83:0.01163167384297023)Node7:0,cluster_10_49:0.01769073722578408)Node6:0,cluster_13_47:0.02383982280561339)Node5:0,cluster_14_75:0.005739052086804713)Node4:0,cluster_18_32:0.0058144550581486)Node3:0,cluster_22_38:0.01159355225986982)Node2:0,cluster_42_42:0.01763094238357437)Node1:0,cluster_44_33:0.005723192108520652,cluster_58_33:0.02414849562224991)"
  }, 
  "omega": 0.1399296286888205
 }, 
 "180-429": {
  "BranchLength": {
   "NS": 0.002402211902170331, 
   "S": 0.005017691389173624
  }, 
  "Diversity": {
   "NS": 0.008435311981614763, 
   "S": 0.02382469604375422
  }, 
  "Tree": {
   "Combined": "((((((((((((((((((((((((((((((((((((cluster_0_241:0.009499004014335628,cluster_1_446:0.005182994834668843)Node35:0.02300609943459478,cluster_2_554:0.0047792498909251)Node34:0,cluster_3_17:0)Node33:0.009680409830070336,cluster_5_571:0)Node32:0,cluster_6_11:0.02217519526773913)Node31:0,cluster_7_78:0.009785604733854618)Node30:0,cluster_8_626:0.01274301215337079)Node29:0.00478868442505167,cluster_11_81:0.0127125832530078)Node28:0,cluster_13_43:0.0139344485830437)Node27:0,cluster_14_43:0.0175836457952859)Node26:0,cluster_17_44:0.03286725031398099)Node25:0,cluster_18_68:0)Node24:0,cluster_19_13:0.004731510320215781)Node23:0,cluster_20_19:0.01467306578013543)Node22:0,cluster_22_31:0.009785604728482653)Node21:0,cluster_24_14:0.009752271643447252)Node20:0,cluster_25_11:0.03297789460949543)Node19:0,cluster_26_35:0.02260077561075113)Node18:0,cluster_30_32:0.01475713635672227)Node17:0.004788352079074598,cluster_31_10:0.003955162267453181)Node16:0,(cluster_33_25:0.009786736159386345,cluster_35_11:0.02287998013116671)Node57:0)Node15:0.004839614378891068,cluster_36_10:0.00395911686035665)Node14:0.003949661230569929,cluster_37_24:0)Node13:0,cluster_40_11:0.003949976843233103)Node12:0.004827391147890458,(cluster_41_45:0.004056993943199129,cluster_44_32:0.022645266768869)Node63:0.003950097223162981)Node11:0,cluster_45_16:0.003946043627790263)Node10:0,cluster_48_17:0.008798152227087849)Node9:0,cluster_49_47:0.01290705300943777)Node8:0,cluster_58_27:0.008714440595819656)Node7:0,cluster_59_13:0.01375940193114769)Node6:0.00394604170384319,cluster_61_20:0.0372674652677271)Node5:0,cluster_67_10:0.03307087731211919)Node4:0,cluster_70_10:0.01768498891438385)Node3:0.004766965848145089,cluster_77_10:0.01760664794924032)Node2:0,cluster_78_19:0.01461121645087656)Node1:0,cluster_87_15:0,cluster_115_12:0.01264846798343363)", 
   "NS": "((((((((((((((((((((((((((((((((((((cluster_0_241:0,cluster_1_446:0)Node35:0.008078510309371777,cluster_2_554:0)Node34:0,cluster_3_17:0)Node33:0,cluster_5_571:0)Node32:0,cluster_6_11:0.01267124888189692)Node31:0,cluster_7_78:0)Node30:0,cluster_8_626:0.00793572996758238)Node29:0,cluster_11_81:0.007935376889271978)Node28:0,cluster_13_43:0.00402909302348252)Node27:0,cluster_14_43:0.008167520106453472)Node26:0,cluster_17_44:0.008017353830417394)Node25:0,cluster_18_68:0)Node24:0,cluster_19_13:0)Node23:0,cluster_20_19:0)Node22:0,cluster_22_31:0)Node21:0,cluster_24_14:0)Node20:0,cluster_25_11:0.008021642678877429)Node19:0,cluster_26_35:0.007931495663619217)Node18:0,cluster_30_32:0)Node17:0,cluster_31_10:0.003955162267453181)Node16:0,(cluster_33_25:0,cluster_35_11:0.008087467734274349)Node57:0)Node15:0,cluster_36_10:0.00395911686035665)Node14:0.003949661230569929,cluster_37_24:0)Node13:0,cluster_40_11:0.003949976843233103)Node12:0,(cluster_41_45:0.004056993943199129,cluster_44_32:0.008089319779652932)Node63:0.003950097223162981)Node11:0,cluster_45_16:0.003946043627790263)Node10:0,cluster_48_17:0.00394589549485413)Node9:0,cluster_49_47:0.008073973931327437)Node8:0,cluster_58_27:0.003944212531676506)Node7:0,cluster_59_13:0.003948056849091486)Node6:0.00394604170384319,cluster_61_20:0.01228380017433003)Node5:0,cluster_67_10:0.008040697521416939)Node4:0,cluster_70_10:0.00795842782022943)Node3:0,cluster_77_10:0.008184689989564802)Node2:0,cluster_78_19:0)Node1:0,cluster_87_15:0,cluster_115_12:0.00791270959011592)", 
   "S": "((((((((((((((((((((((((((((((((((((cluster_0_241:0.009499004014335628,cluster_1_446:0.005182994834668843)Node35:0.01492758912522299,cluster_2_554:0.0047792498909251)Node34:0,cluster_3_17:0)Node33:0.009680409830070336,cluster_5_571:0)Node32:0,cluster_6_11:0.009503946385842205)Node31:0,cluster_7_78:0.009785604733854618)Node30:0,cluster_8_626:0.004807282185788418)Node29:0.00478868442505167,cluster_11_81:0.004777206363735822)Node28:0,cluster_13_43:0.009905355559561183)Node27:0,cluster_14_43:0.009416125688832421)Node26:0,cluster_17_44:0.02484989648356359)Node25:0,cluster_18_68:0)Node24:0,cluster_19_13:0.004731510320215781)Node23:0,cluster_20_19:0.01467306578013543)Node22:0,cluster_22_31:0.009785604728482653)Node21:0,cluster_24_14:0.009752271643447252)Node20:0,cluster_25_11:0.02495625193061802)Node19:0,cluster_26_35:0.01466927994713192)Node18:0,cluster_30_32:0.01475713635672227)Node17:0.004788352079074598,cluster_31_10:0)Node16:0,(cluster_33_25:0.009786736159386345,cluster_35_11:0.01479251239689237)Node57:0)Node15:0.004839614378891068,cluster_36_10:0)Node14:0,cluster_37_24:0)Node13:0,cluster_40_11:0)Node12:0.004827391147890458,(cluster_41_45:0,cluster_44_32:0.01455594698921607)Node63:0)Node11:0,cluster_45_16:0)Node10:0,cluster_48_17:0.004852256732233716)Node9:0,cluster_49_47:0.004833079078110331)Node8:0,cluster_58_27:0.00477022806414315)Node7:0,cluster_59_13:0.009811345082056217)Node6:0,cluster_61_20:0.0249836650933971)Node5:0,cluster_67_10:0.02503017979070225)Node4:0,cluster_70_10:0.009726561094154412)Node3:0.004766965848145089,cluster_77_10:0.009421957959675525)Node2:0,cluster_78_19:0.01461121645087656)Node1:0,cluster_87_15:0,cluster_115_12:0.004735758393317712)"
  }, 
  "omega": 0.176450311826037
 }, 
 "210-420": {
  "BranchLength": {
   "NS": 0.002859391702852674, 
   "S": 0.005872859814483268
  }, 
  "Diversity": {
   "NS": 0.008187848930458257, 
   "S": 0.01602474049484466
  }, 
  "Tree": {
   "Combined": "((((((((cluster_0_255:0.01105516294781974,cluster_1_468:0)Node7:0.02072710810691276,cluster_2_582:0.01699017446920047)Node6:0,cluster_4_602:0)Node5:0,cluster_5_83:0.0112005413616301)Node4:0,cluster_6_652:0.01503809775013563)Node3:0.005466066819829371,cluster_8_83:0.01497573602960953)Node2:0,cluster_10_44:0.02059750918251456)Node1:0,cluster_12_44:0.03239787912705883,cluster_13_70:0)",