{
 "180-390": {
  "BranchLength": {
   "NS": 0.0002770876353425997, 
   "S": 0.003188502287955676
  }, 
  "Diversity": {
   "NS": 6.536063779254859e-05, 
   "S": 0.006790638792976925
  }, 
  "Tree": {
   "Combined": "((((((((cluster_0_1593:0,cluster_1_2696:0.005450015040330751)Node7:0,cluster_2_37:0.01120648399359173)Node6:0.005339709058416169,cluster_5_38:0.009998604526805392)Node5:0,cluster_6_107:0.005318785016553995)Node4:0,cluster_8_624:0.005339709282496063)Node3:0,cluster_9_118:0)Node2:0.005339709281757644,cluster_10_126:0.005471997134251489)Node1:0,cluster_12_32:0,cluster_15_69:0.005450015361867442)", 
   "NS": "((((((((cluster_0_1593:0,cluster_1_2696:0)Node7:0,cluster_2_37:0)Node6:0,cluster_5_38:0.004710489800824194)Node5:0,cluster_6_107:0)Node4:0,cluster_8_624:0)Node3:0,cluster_9_118:0)Node2:0,cluster_10_126:0)Node1:0,cluster_12_32:0,cluster_15_69:0)", 
   "S": "((((((((cluster_0_1593:0,cluster_1_2696:0.005450015040330751)Node7:0,cluster_2_37:0.01120648399359173)Node6:0.005339709058416169,cluster_5_38:0.005288114725981199)Node5:0,cluster_6_107:0.005318785016553995)Node4:0,cluster_8_624:0.005339709282496063)Node3:0,cluster_9_118:0)Node2:0.005339709281757644,cluster_10_126:0.005471997134251489)Node1:0,cluster_12_32:0,cluster_15_69:0.005450015361867442)"
  }, 
  "omega": 0.03372569531381606
 }, 
 "180-429": {
  "BranchLength": {
   "NS": 0.0004451216086164605, 
   "S": 0.003615701901906231
  }, 
  "Diversity": {
   "NS": 0.0005088395782422082, 
   "S": 0.01546404236066488
  }, 
  "Tree": {
   "Combined": "((((((((((((((((((((cluster_0_1423:0.004470668620537285,cluster_1_2300:0)Node19:0,cluster_2_30:0.004515706041994192)Node18:0.004446513230553437,cluster_3_20:0.02297542723012409)Node17:0,cluster_5_68:0)Node16:0.01357276390523571,(cluster_6_23:0.01283781962883189,cluster_7_89:0.004379865750330985)Node25:0)Node15:0,cluster_9_463:0.004402868456583641)Node14:0,cluster_10_87:0)Node13:0.004283997273776414,cluster_11_119:0.004615236617990349)Node12:0,(cluster_12_45:0.004520769154244953,cluster_13_15:0)Node31:0)Node11:0,cluster_14_119:0.01351142848727024)Node10:0.004590441087141538,cluster_15_75:0.004509534892591789)Node9:0,cluster_16_218:0.004013556086820139)Node8:0,cluster_19_25:0.009129546381945476)Node7:0.01378690069628175,cluster_23_14:0)Node6:0,cluster_24_49:0.004446513205587569)Node5:0.008809765958334589,cluster_27_27:0)Node4:0,cluster_28_16:0.004292731372943944)Node3:0.004284990842446014,cluster_33_69:0.008582127636179281)Node2:0.004549546014824807,cluster_35_17:0.009191256824559308)Node1:0,cluster_37_16:0,cluster_47_19:0.004017082576391682)", 
   "NS": "((((((((((((((((((((cluster_0_1423:0,cluster_1_2300:0)Node19:0,cluster_2_30:0)Node18:0,cluster_3_20:0.003988915123735716)Node17:0,cluster_5_68:0)Node16:0,(cluster_6_23:0.003993830937453228,cluster_7_89:0)Node25:0)Node15:0,cluster_9_463:0)Node14:0,cluster_10_87:0)Node13:0,cluster_11_119:0)Node12:0,(cluster_12_45:0,cluster_13_15:0)Node31:0)Node11:0,cluster_14_119:0)Node10:0,cluster_15_75:0)Node9:0,cluster_16_218:0.004013556086820139)Node8:0,cluster_19_25:0)Node7:0,cluster_23_14:0)Node6:0,cluster_24_49:0)Node5:0,cluster_27_27:0)Node4:0,cluster_28_16:0)Node3:0,cluster_33_69:0.004017087663339955)Node2:0,cluster_35_17:0)Node1:0,cluster_37_16:0,cluster_47_19:0.004017082576391682)", 
   "S": "((((((((((((((((((((cluster_0_1423:0.004470668620537285,cluster_1_2300:0)Node19:0,cluster_2_30:0.004515706041994192)Node18:0.004446513230553437,cluster_3_20:0.01898651210638838)Node17:0,cluster_5_68:0)Node16:0.01357276390523571,(cluster_6_23:0.008843988691378667,cluster_7_89:0.004379865750330985)Node25:0)Node15:0,cluster_9_463:0.004402868456583641)Node14:0,cluster_10_87:0)Node13:0.004283997273776414,cluster_11_119:0.004615236617990349)Node12:0,(cluster_12_45:0.004520769154244953,cluster_13_15:0)Node31:0)Node11:0,cluster_14_119:0.01351142848727024)Node10:0.004590441087141538,cluster_15_75:0.004509534892591789)Node9:0,cluster_16_218:0)Node8:0,cluster_19_25:0.009129546381945476)Node7:0.01378690069628175,cluster_23_14:0)Node6:0,cluster_24_49:0.004446513205587569)Node5:0.008809765958334589,cluster_27_27:0)Node4:0,cluster_28_16:0.004292731372943944)Node3:0.004284990842446014,cluster_33_69:0.004565039972839327)Node2:0.004549546014824807,cluster_35_17:0.009191256824559308)Node1:0,cluster_37_16:0,cluster_47_19:0)"
  }, 
  "omega": 0.04453351336316096
 }, 
 "210-420": {
  "BranchLength": {
   "NS": 0, 
   "S": 0.004120568515168557
  }, 
  "Diversity": {
   "NS": 0, 
   "S": 0.008035405049197966
  }, 
  "Tree": {
   "Combined": "(((((((((cluster_0_1448:0.005213389730117702,cluster_1_2462:0)Node8:0,cluster_5_70:0.005148247827203772)Node7:0.005148247847796613,cluster_7_91:0)Node6:0.005041832006025105,cluster_9_464:0.00509909719304353)Node5:0,cluster_10_84:0)Node4:0,cluster_11_118:0.01067473416812689)Node3:0,cluster_12_41:0.01030625850612197)Node2:0,cluster_14_124:0.01030625962768902)Node1:0.005171888568609779,cluster_15_53:0.01101198810239333,cluster_21_47:0.005168858211074865)", 
   "NS": "(((((((((cluster_0_1448:0,cluster_1_2462:0)Node8:0,cluster_5_70:0)Node7:0,cluster_7_91:0)Node6:0,cluster_9_464:0)Node5:0,cluster_10_84:0)Node4:0,cluster_11_118:0)Node3:0,cluster_12_41:0)Node2:0,cluster_14_124:0)Node1:0,cluster_15_53:0,cluster_21_47:0)", 
   "S": "(((((((((cluster_0_1448:0.005213389730117702,cluster_1_2462:0)Node8:0,cluster_5_70:0.005148247827203772)Node7:0.005148247847796613,cluster_7_91:0)Node6:0.005041832006025105,cluster_9_464:0.00509909719304353)Node5:0,cluster_10_84:0)Node4:0,cluster_11_118:0.01067473416812689)Node3:0,cluster_12_41:0.01030625850612197)Node2:0,cluster_14_124:0.01030625962768902)Node1:0.005171888568609779,cluster_15_53:0.01101198810239333,cluster_21_47:0.005168858211074865)"
  }, 
  "omega": 0
 }
}