
{
	"Actual comparisons performed" :118423122,
	"Comparisons accounting for copy numbers " :1.23422e+09,
	"Total comparisons possible" : 195614310,
	"Links found" : 111346514,
	"Maximum distance" : 0.582731,
	"Mean distance" : 0.0609753,
	"Histogram" : [[0.005,53631407],[0.01,57715107],[0.015,59646784],[0.02,73232094],[0.025,80267546],[0.03,72080578],[0.035,66651580],[0.04,64267312],[0.045,52440687],[0.05,41862551],[0.055,33583278],[0.06,25989770],[0.065,25734808],[0.07,27503330],[0.075,27313733],[0.08,23939529],[0.085,23447917],[0.09,27687167],[0.095,37645153],[0.1,43549372],[0.105,53417581],[0.11,61743932],[0.115,69167780],[0.12,46614095],[0.125,28012347],[0.13,20609984],[0.135,10424095],[0.14,4845251],[0.145,2176919],[0.15,1554980],[0.155,1361661],[0.16,1279373],[0.165,1161859],[0.17,1063608],[0.175,1050876],[0.18,962792],[0.185,893523],[0.19,819795],[0.195,981801],[0.2,752675],[0.205,671536],[0.21,588814],[0.215,532520],[0.22,483198],[0.225,466317],[0.23,357725],[0.235,387717],[0.24,296990],[0.245,346160],[0.25,264262],[0.255,249198],[0.26,248301],[0.265,263896],[0.27,237607],[0.275,205687],[0.28,179193],[0.285,162392],[0.29,141049],[0.295,110263],[0.3,140303],[0.305,103464],[0.31,62981],[0.315,82524],[0.32,81673],[0.325,56491],[0.33,62864],[0.335,35425],[0.34,45617],[0.345,28205],[0.35,37362],[0.355,26243],[0.36,17264],[0.365,22562],[0.37,20052],[0.375,39399],[0.38,15535],[0.385,10784],[0.39,5797],[0.395,8134],[0.4,7744],[0.405,3020],[0.41,4459],[0.415,2408],[0.42,8556],[0.425,1706],[0.43,2275],[0.435,1660],[0.44,1052],[0.445,1356],[0.45,464],[0.455,593],[0.46,350],[0.465,214],[0.47,167],[0.475,264],[0.48,93],[0.485,63],[0.49,62],[0.495,48],[0.5,28],[0.505,57],[0.51,26],[0.515,15],[0.52,23],[0.525,5],[0.53,8],[0.535,11],[0.54,7],[0.545,2],[0.55,0],[0.555,15],[0.56,12],[0.565,0],[0.57,0],[0.575,0],[0.58,2],[0.585,7],[0.59,0],[0.595,0],[0.6,0],[0.605,0],[0.61,0],[0.615,0],[0.62,0],[0.625,0],[0.63,0],[0.635,0],[0.64,0],[0.645,0],[0.65,0],[0.655,0],[0.66,0],[0.665,0],[0.67,0],[0.675,0],[0.68,0],[0.685,0],[0.69,0],[0.695,0],[0.7,0],[0.705,0],[0.71,0],[0.715,0],[0.72,0],[0.725,0],[0.73,0],[0.735,0],[0.74,0],[0.745,0],[0.75,0],[0.755,0],[0.76,0],[0.765,0],[0.77,0],[0.775,0],[0.78,0],[0.785,0],[0.79,0],[0.795,0],[0.8,0],[0.805,0],[0.81,0],[0.815,0],[0.82,0],[0.825,0],[0.83,0],[0.835,0],[0.84,0],[0.845,0],[0.85,0],[0.855,0],[0.86,0],[0.865,0],[0.87,0],[0.875,0],[0.88,0],[0.885,0],[0.89,0],[0.895,0],[0.9,0],[0.905,0],[0.91,0],[0.915,0],[0.92,0],[0.925,0],[0.93,0],[0.935,0],[0.94,0],[0.945,0],[0.95,0],[0.955,0],[0.96,0],[0.965,0],[0.97,0],[0.975,0],[0.98,0],[0.985,0],[0.99,0],[0.995,0],[1,0]]
}
