{
 "117-528": {
  "BranchLength": {
   "NS": 0.008613592964823105, 
   "S": 0.003136543687803987
  }, 
  "Diversity": {
   "NS": 0.04190522151158792, 
   "S": 0.01745076999743503
  }, 
  "Tree": {
   "Combined": "((((((((((((((((((((((((((((cluster_0_149:0.02310474369087934,cluster_4_13:0.00529602593954671)Node27:0,cluster_5_462:0.005296055587054559)Node26:0.002477965264336013,cluster_11_74:0.02826377160554338)Node25:0,cluster_13_11:0.005308436016810177)Node24:0.007639677423446681,cluster_21_62:0.0282153826458925)Node23:0.002521755087917576,cluster_27_96:0.04705272467705172)Node22:0,cluster_34_25:0.01053977237478238)Node21:0,cluster_36_11:0.03339547516623996)Node20:0.002592357487339387,cluster_45_15:0.01334655779919505)Node19:0,cluster_48_32:0.01531907739527769)Node18:0.005250156799629965,cluster_50_23:0.01068084101191983)Node17:0,cluster_52_39:0.007630790202460185)Node16:0,(cluster_58_27:0.002660884046037228,cluster_60_73:0.03088310859562818)Node41:0.007622861716018416)Node15:0,cluster_74_11:0.02086383806353115)Node14:0.02835986618249516,cluster_83_12:0.02561909167368123)Node13:0,cluster_84_16:0.002499457308355762)Node12:0,(cluster_98_38:0.02312312330095194,cluster_100_17:0.01030784329515577)Node47:0)Node11:0.01765184180538202,cluster_108_11:0.0102119470720654)Node10:0.002573832618320007,cluster_123_19:0.01538482115467628)Node9:0,cluster_124_11:0.07378199917435016)Node8:0,cluster_146_18:0.01266060370194766)Node7:0,cluster_169_10:0.01799241118163113)Node6:0,cluster_172_10:0.02073836602209945)Node5:0,cluster_189_25:0.0152504007186068)Node4:0,cluster_199_14:0.04180722837711293)Node3:0.002572142076661618,cluster_201_65:0.03077206906883246)Node2:0,cluster_212_11:0.01016541617457778)Node1:0.005317675005124735,cluster_302_16:0.02037372386470518,cluster_523_12:0.01363221743698091)", 
   "NS": "((((((((((((((((((((((((((((cluster_0_149:0.01261752256485941,cluster_4_13:0)Node27:0,cluster_5_462:0)Node26:0.002477965264336013,cluster_11_74:0.02050017797347364)Node25:0,cluster_13_11:0)Node24:0.007639677423446681,cluster_21_62:0.02512699308690224)Node23:0,cluster_27_96:0.04116423748939006)Node22:0,cluster_34_25:0.007981899758066032)Node21:0,cluster_36_11:0.02753085551470087)Node20:0.002592357487339387,cluster_45_15:0.002525650949825287)Node19:0,cluster_48_32:0.007526711493321836)Node18:0,cluster_50_23:0.002524367640933551)Node17:0,cluster_52_39:0.007630790202460185)Node16:0,(cluster_58_27:0,cluster_60_73:0.02499783896169975)Node41:0.004960333556467589)Node15:0,cluster_74_11:0.01283852110592974)Node14:0.02019876267018378,cluster_83_12:0.02259472721037661)Node13:0,cluster_84_16:0)Node12:0,(cluster_98_38:0.02312312330095194,cluster_100_17:0.00250155944269963)Node47:0)Node11:0.01765184180538202,cluster_108_11:0.005018331897360294)Node10:0,cluster_123_19:0.01017089505563909)Node9:0,cluster_124_11:0.06550848549082826)Node8:0,cluster_146_18:0.007589488104727357)Node7:0,cluster_169_10:0.01799241118163113)Node6:0,cluster_172_10:0.01275064090578197)Node5:0,cluster_189_25:0.01003770992900615)Node4:0,cluster_199_14:0.03881747152845325)Node3:0,cluster_201_65:0.02779393924835331)Node2:0,cluster_212_11:0.01016541617457778)Node1:0,cluster_302_16:0.02037372386470518,cluster_523_12:0.002504742570399177)", 
   "S": "((((((((((((((((((((((((((((cluster_0_149:0.01048722112601993,cluster_4_13:0.00529602593954671)Node27:0,cluster_5_462:0.005296055587054559)Node26:0,cluster_11_74:0.007763593632069739)Node25:0,cluster_13_11:0.005308436016810177)Node24:0,cluster_21_62:0.003088389558990271)Node23:0.002521755087917576,cluster_27_96:0.005888487187661652)Node22:0,cluster_34_25:0.002557872616716343)Node21:0,cluster_36_11:0.005864619651539099)Node20:0,cluster_45_15:0.01082090684936977)Node19:0,cluster_48_32:0.007792365901955853)Node18:0.005250156799629965,cluster_50_23:0.008156473370986276)Node17:0,cluster_52_39:0)Node16:0,(cluster_58_27:0.002660884046037228,cluster_60_73:0.005885269633928432)Node41:0.002662528159550825)Node15:0,cluster_74_11:0.008025316957601414)Node14:0.008161103512311365,cluster_83_12:0.003024364463304615)Node13:0,cluster_84_16:0.002499457308355762)Node12:0,(cluster_98_38:0,cluster_100_17:0.007806283852456145)Node47:0)Node11:0,cluster_108_11:0.005193615174705109)Node10:0.002573832618320007,cluster_123_19:0.005213926099037186)Node9:0,cluster_124_11:0.008273513683521859)Node8:0,cluster_146_18:0.005071115597220312)Node7:0,cluster_169_10:0)Node6:0,cluster_172_10:0.007987725116317488)Node5:0,cluster_189_25:0.005212690789600641)Node4:0,cluster_199_14:0.002989756848659684)Node3:0.002572142076661618,cluster_201_65:0.002978129820479153)Node2:0,cluster_212_11:0)Node1:0.005317675005124735,cluster_302_16:0,cluster_523_12:0.01112747486658172)"
  }, 
  "omega": 0.6819090735145311
 }, 
 "120-330": {
  "BranchLength": {
   "NS": 0.009818403414576342, 
   "S": 0.003609642853847341
  }, 
  "Diversity": {
   "NS": 0.0494554015238194, 
   "S": 0.0135370568062041
  }, 
  "Tree": {
   "Combined": "(((((((((((cluster_0_346:0.004567554687563071,cluster_1_153:0.01990194951633379)Node10:0,cluster_4_793:0.01964409428246039)Node9:0.04051041031683639,cluster_8_143:0.004829188304788739)Node8:0,cluster_10_156:0.009447162034204018)Node7:0,cluster_17_113:0.009490504167335375)Node6:0.05023344649456434,cluster_20_35:0.004664160693052317)Node5:0,cluster_27_74:0.00466416071817191)Node4:0.008356665573540666,cluster_28_59:0.02054617804013965)Node3:0,cluster_31_94:0.04203849948992968)Node2:0,cluster_48_84:0.03686708701749087)Node1:0.008751767410884102,cluster_55_40:0.0156074871486634,cluster_71_42:0.008724748277786036)", 
   "NS": "(((((((((((cluster_0_346:0,cluster_1_153:0.01990194951633379)Node10:0,cluster_4_793:0.004871822675986594)Node9:0.04051041031683639,cluster_8_143:0.004829188304788739)Node8:0,cluster_10_156:0.004886579290641898)Node7:0,cluster_17_113:0.004827649974142051)Node6:0.04478735351273324,cluster_20_35:0)Node5:0,cluster_27_74:0)Node4:0.008356665573540666,cluster_28_59:0.01118604778716714)Node3:0,cluster_31_94:0.03643832615111018)Node2:0,cluster_48_84:0.03686708701749087)Node1:0.003458428608456804,cluster_55_40:0,cluster_71_42:0.004901769806027522)", 
   "S": "(((((((((((cluster_0_346:0.004567554687563071,cluster_1_153:0)Node10:0,cluster_4_793:0.0147722716064738)Node9:0,cluster_8_143:0)Node8:0,cluster_10_156:0.004560582743562121)Node7:0,cluster_17_113:0.004662854193193324)Node6:0.005446092981831065,cluster_20_35:0.004664160693052317)Node5:0,cluster_27_74:0.00466416071817191)Node4:0,cluster_28_59:0.009360130252972512)Node3:0,cluster_31_94:0.0056001733388195)Node2:0,cluster_48_84:0)Node1:0.005293338802427293,cluster_55_40:0.0156074871486634,cluster_71_42:0.003822978471758512)"
  }, 
  "omega": 0.6148932730555521
 }, 
 "150-360": {
  "BranchLength": {
   "NS": 0.008741106692245523, 
   "S": 0.004783326924354001
  }, 
  "Diversity": {
   "NS": 0.01691568110476074, 
   "S": 0.01676402207926501
  }, 
  "Tree": {
   "Combined": "((((((((cluster_0_233:0.004822187975674378,cluster_1_108:0)Node7:0.004868611581118495,cluster_2_124:0.02510047012269148)Node6:0,cluster_5_717:0.02051068202226732)Node5:0,cluster_9_89:0.05214771978323571)Node4:0.004869576639365343,cluster_11_81:0.04715514467175197)Node3:0,cluster_18_83:0.02049879705641852)Node2:0,cluster_23_67:0.009890809934529139)Node1:0.005323457442000464,cluster_24_53:0.02526838103136793,cluster_58_34:0.009459533221771191)", 
   "NS": "((((((((cluster_0_233:0,cluster_1_108:0)Node7:0,cluster_2_124:0.02033739100971287)Node6:0,cluster_5_717:0.004979218923002691)Node5:0,cluster_9_89:0.04609358274971635)Node4:0,cluster_11_81:0.04715514467175197)Node3:0,cluster_18_83:0.004974425592917544)Node2:0,cluster_23_67:0.004975006315366529)Node1:0,cluster_24_53:0.01506637494721154,cluster_58_34:0.005017669558494391)",