{
 "180-390": {
  "BranchLength": {
   "NS": 0.0009612374196935281, 
   "S": 0.004332228084642584
  }, 
  "Diversity": {
   "NS": 0.00449354249589313, 
   "S": 0.01043279807249854
  }, 
  "Tree": {
   "Combined": "(((((((((((((cluster_0_1531:0.005623083187686229,cluster_1_223:0)Node12:0.005641642960608509,(cluster_2_1272:0,cluster_4_584:0.01140277060045492)Node15:0)Node11:0,cluster_5_32:0.005569362172935535)Node10:0.004648959651798834,cluster_6_93:0.01145678410108482)Node9:0,cluster_10_544:0)Node8:0,cluster_11_117:0.01161381517581121)Node7:0.00464895965224535,cluster_12_176:0.01716912795624275)Node6:0,cluster_13_380:0.004635752465776305)Node5:0,cluster_15_161:0.005542774560052643)Node4:0,cluster_17_147:0.01028247979322944)Node3:0,cluster_18_79:0.01716952029268848)Node2:0,cluster_25_42:0.01032305999514019)Node1:0,cluster_30_39:0.01758369481228068,cluster_34_35:0.01019871224771139)", 
   "NS": "(((((((((((((cluster_0_1531:0,cluster_1_223:0)Node12:0,(cluster_2_1272:0,cluster_4_584:0)Node15:0)Node11:0,cluster_5_32:0)Node10:0.004648959651798834,cluster_6_93:0)Node9:0,cluster_10_544:0)Node8:0,cluster_11_117:0)Node7:0.00464895965224535,cluster_12_176:0)Node6:0,cluster_13_380:0.004635752465776305)Node5:0,cluster_15_161:0)Node4:0,cluster_17_147:0.004649236783815397)Node3:0,cluster_18_79:0)Node2:0,cluster_25_42:0.004646680721307386)Node1:0,cluster_30_39:0,cluster_34_35:0.004646295896169042)", 
   "S": "(((((((((((((cluster_0_1531:0.005623083187686229,cluster_1_223:0)Node12:0.005641642960608509,(cluster_2_1272:0,cluster_4_584:0.01140277060045492)Node15:0)Node11:0,cluster_5_32:0.005569362172935535)Node10:0,cluster_6_93:0.01145678410108482)Node9:0,cluster_10_544:0)Node8:0,cluster_11_117:0.01161381517581121)Node7:0,cluster_12_176:0.01716912795624275)Node6:0,cluster_13_380:0)Node5:0,cluster_15_161:0.005542774560052643)Node4:0,cluster_17_147:0.005633243009414042)Node3:0,cluster_18_79:0.01716952029268848)Node2:0,cluster_25_42:0.005676379273832805)Node1:0,cluster_30_39:0.01758369481228068,cluster_34_35:0.005552416351542348)"
  }, 
  "omega": 0.0768664232653832
 }, 
 "180-429": {
  "BranchLength": {
   "NS": 0.00147827147686709, 
   "S": 0.003345057025168438
  }, 
  "Diversity": {
   "NS": 0.003948886410561844, 
   "S": 0.01321747601784451
  }, 
  "Tree": {
   "Combined": "(((((((((((((((((((((((((((((((cluster_0_23:0.01820828574811003,cluster_1_320:0.004564217028633652)Node30:0,cluster_2_21:0)Node29:0.004558200320716946,cluster_3_370:0)Node28:0,cluster_4_56:0.01820828592445985)Node27:0,cluster_5_957:0.009289726579754938)Node26:0,cluster_9_78:0.003954951363599327)Node25:0,cluster_10_83:0.01837048119130895)Node24:0,cluster_11_55:0.01798707155970136)Node23:0,cluster_12_86:0.003948438705116258)Node22:0,cluster_14_70:0.004560520778056218)Node21:0,cluster_16_16:0.00800783651400949)Node20:0,cluster_18_19:0.009386124940792169)Node19:0,cluster_19_15:0.0140443523382992)Node18:0,cluster_20_258:0.003959767710171013)Node17:0,cluster_22_46:0.008570947170861059)Node16:0.004606442158507873,(cluster_24_54:0.003957472943989894,cluster_25_26:0.009424502084329952)Node47:0)Node15:0,cluster_30_62:0)Node14:0,cluster_31_259:0.01323345966684701)Node13:0,cluster_32_25:0.008562961517537878)Node12:0,(cluster_33_130:0.01261138788327567,cluster_35_20:0.009289728914225427)Node53:0)Node11:0,cluster_36_20:0.009419890962970905)Node10:0,cluster_37_42:0.008563721755091397)Node9:0,cluster_49_27:0.009404679398881398)Node8:0.004615828970385179,cluster_50_19:0.00791513732417176)Node7:0,cluster_51_32:0.003953046339499102)Node6:0.003978595275852322,cluster_59_21:0)Node5:0,cluster_61_16:0.009246494048181833)Node4:0.008569758454536166,cluster_67_19:0.01315634163795685)Node3:0,cluster_70_27:0)Node2:0,cluster_83_18:0.01712583809628702)Node1:0.00455039125478422,cluster_88_15:0.009416980679352685,cluster_215_16:0.003941142396125353)", 
   "NS": "(((((((((((((((((((((((((((((((cluster_0_23:0.003955816764845869,cluster_1_320:0)Node30:0,cluster_2_21:0)Node29:0,cluster_3_370:0)Node28:0,cluster_4_56:0.003955816863333817)Node27:0,cluster_5_957:0)Node26:0,cluster_9_78:0.003954951363599327)Node25:0,cluster_10_83:0.003957892037813679)Node24:0,cluster_11_55:0.003953168327601524)Node23:0,cluster_12_86:0.003948438705116258)Node22:0,cluster_14_70:0)Node21:0,cluster_16_16:0.00800783651400949)Node20:0,cluster_18_19:0)Node19:0,cluster_19_15:0)Node18:0,cluster_20_258:0.003959767710171013)Node17:0,cluster_22_46:0.003959758788585995)Node16:0,(cluster_24_54:0.003957472943989894,cluster_25_26:0)Node47:0)Node15:0,cluster_30_62:0)Node14:0,cluster_31_259:0.003953588515197202)Node13:0,cluster_32_25:0.003949800841622193)Node12:0,(cluster_33_130:0.007921680217354057,cluster_35_20:0)Node53:0)Node11:0,cluster_36_20:0)Node10:0,cluster_37_42:0.003952006551952183)Node9:0,cluster_49_27:0)Node8:0,cluster_50_19:0.00791513732417176)Node7:0,cluster_51_32:0.003953046339499102)Node6:0.003978595275852322,cluster_59_21:0)Node5:0,cluster_61_16:0)Node4:0.003978222510801267,cluster_67_19:0.00394863790529913)Node3:0,cluster_70_27:0)Node2:0,cluster_83_18:0.00794141105315359)Node1:0,cluster_88_15:0,cluster_215_16:0.003941142396125353)", 
   "S": "(((((((((((((((((((((((((((((((cluster_0_23:0.01425246898326416,cluster_1_320:0.004564217028633652)Node30:0,cluster_2_21:0)Node29:0.004558200320716946,cluster_3_370:0)Node28:0,cluster_4_56:0.01425246906112604)Node27:0,cluster_5_957:0.009289726579754938)Node26:0,cluster_9_78:0)Node25:0,cluster_10_83:0.01441258915349528)Node24:0,cluster_11_55:0.01403390323209983)Node23:0,cluster_12_86:0)Node22:0,cluster_14_70:0.004560520778056218)Node21:0,cluster_16_16:0)Node20:0,cluster_18_19:0.009386124940792169)Node19:0,cluster_19_15:0.0140443523382992)Node18:0,cluster_20_258:0)Node17:0,cluster_22_46:0.004611188382275064)Node16:0.004606442158507873,(cluster_24_54:0,cluster_25_26:0.009424502084329952)Node47:0)Node15:0,cluster_30_62:0)Node14:0,cluster_31_259:0.009279871151649808)Node13:0,cluster_32_25:0.004613160675915681)Node12:0,(cluster_33_130:0.004689707665921612,cluster_35_20:0.009289728914225427)Node53:0)Node11:0,cluster_36_20:0.009419890962970905)Node10:0,cluster_37_42:0.004611715203139208)Node9:0,cluster_49_27:0.009404679398881398)Node8:0.004615828970385179,cluster_50_19:0)Node7:0,cluster_51_32:0)Node6:0,cluster_59_21:0)Node5:0,cluster_61_16:0.009246494048181833)Node4:0.004591535943734901,cluster_67_19:0.009207703732657717)Node3:0,cluster_70_27:0)Node2:0,cluster_83_18:0.009184427043133424)Node1:0.00455039125478422,cluster_88_15:0.009416980679352685,cluster_215_16:0)"
  }, 
  "omega": 0.1687601227780161
 }, 
 "210-420": {
  "BranchLength": {
   "NS": 0.001406278815135975, 
   "S": 0.00355792841887326
  }, 
  "Diversity": {
   "NS": 0.008081946979695775, 
   "S": 0.01412482959633275
  }, 
  "Tree": {
   "Combined": "((((((((((((((((cluster_1_403:0.01087684569279679,cluster_3_451:0)Node15:0,(cluster_4_927:0.01085954740109614,cluster_5_60:0.02154921321527039)Node18:0)Node14:0,cluster_9_93:0.004729381988079433)Node13:0,cluster_10_89:0.02177283889773984)Node12:0,(cluster_11_63:0.02114439020252365,cluster_12_98:0.004722529622914418)Node23:0)Node11:0,cluster_13_105:0.005321786205410433)Node10:0.004736060670952335,cluster_15_261:0)Node9:0,cluster_22_52:0.005396367364098546)Node8:0.005372234637897603,cluster_24_59:0)Node7:0.004737704033238179,cluster_25_32:0.01104408352916856)Node6:0,cluster_30_81:0)Node5:0.004731019712309647,cluster_31_288:0.01087374738300416)Node4:0,cluster_32_32:0.005393598891527803)Node3:0,cluster_33_144:0.01017147830283423)Node2:0,cluster_36_43:0.005392106133705501)Node1:0.005384629500979204,cluster_52_32:0,cluster_63_225:0.009466104272794819)",