
{
	"Actual comparisons performed" :67082398,
	"Comparisons accounting for copy numbers " :2.04176e+08,
	"Total comparisons possible" : 83211450,
	"Links found" : 5493703,
	"Maximum distance" : 0.453752,
	"Mean distance" : 0.0455748,
	"Histogram" : [[0.005,2536313],[0.01,2957390],[0.015,5533135],[0.02,10407047],[0.025,14808538],[0.03,19518500],[0.035,22856491],[0.04,23926576],[0.045,22115460],[0.05,19257258],[0.055,15487550],[0.06,13313380],[0.065,9951590],[0.07,6312638],[0.075,3842605],[0.08,2377873],[0.085,1469156],[0.09,813757],[0.095,475235],[0.1,283244],[0.105,171741],[0.11,116904],[0.115,96987],[0.12,72951],[0.125,68106],[0.13,69113],[0.135,45578],[0.14,56322],[0.145,40805],[0.15,57755],[0.155,49861],[0.16,67232],[0.165,93329],[0.17,105496],[0.175,119327],[0.18,122079],[0.185,131074],[0.19,180856],[0.195,146408],[0.2,218148],[0.205,169003],[0.21,210407],[0.215,169441],[0.22,189386],[0.225,178028],[0.23,151479],[0.235,145548],[0.24,223422],[0.245,163254],[0.25,156435],[0.255,226025],[0.26,136432],[0.265,135270],[0.27,190483],[0.275,120498],[0.28,132124],[0.285,139204],[0.29,112332],[0.295,88792],[0.3,66042],[0.305,71494],[0.31,81567],[0.315,51527],[0.32,96042],[0.325,93804],[0.33,142621],[0.335,43614],[0.34,65077],[0.345,42695],[0.35,30308],[0.355,22070],[0.36,20409],[0.365,14772],[0.37,7005],[0.375,6069],[0.38,3563],[0.385,2537],[0.39,1288],[0.395,774],[0.4,596],[0.405,372],[0.41,158],[0.415,123],[0.42,111],[0.425,88],[0.43,78],[0.435,20],[0.44,11],[0.445,9],[0.45,3],[0.455,1],[0.46,0],[0.465,0],[0.47,0],[0.475,0],[0.48,0],[0.485,0],[0.49,0],[0.495,0],[0.5,0],[0.505,0],[0.51,0],[0.515,0],[0.52,0],[0.525,0],[0.53,0],[0.535,0],[0.54,0],[0.545,0],[0.55,0],[0.555,0],[0.56,0],[0.565,0],[0.57,0],[0.575,0],[0.58,0],[0.585,0],[0.59,0],[0.595,0],[0.6,0],[0.605,0],[0.61,0],[0.615,0],[0.62,0],[0.625,0],[0.63,0],[0.635,0],[0.64,0],[0.645,0],[0.65,0],[0.655,0],[0.66,0],[0.665,0],[0.67,0],[0.675,0],[0.68,0],[0.685,0],[0.69,0],[0.695,0],[0.7,0],[0.705,0],[0.71,0],[0.715,0],[0.72,0],[0.725,0],[0.73,0],[0.735,0],[0.74,0],[0.745,0],[0.75,0],[0.755,0],[0.76,0],[0.765,0],[0.77,0],[0.775,0],[0.78,0],[0.785,0],[0.79,0],[0.795,0],[0.8,0],[0.805,0],[0.81,0],[0.815,0],[0.82,0],[0.825,0],[0.83,0],[0.835,0],[0.84,0],[0.845,0],[0.85,0],[0.855,0],[0.86,0],[0.865,0],[0.87,0],[0.875,0],[0.88,0],[0.885,0],[0.89,0],[0.895,0],[0.9,0],[0.905,0],[0.91,0],[0.915,0],[0.92,0],[0.925,0],[0.93,0],[0.935,0],[0.94,0],[0.945,0],[0.95,0],[0.955,0],[0.96,0],[0.965,0],[0.97,0],[0.975,0],[0.98,0],[0.985,0],[0.99,0],[0.995,0],[1,0]]
}
