{
 "150-360": {
  "BranchLength": {
   "NS": 0, 
   "S": 0.005277520698115591
  }, 
  "Diversity": {
   "NS": 0, 
   "S": 0
  }, 
  "Tree": {
   "Combined": "(cluster_1_88:0.005277520698115591)", 
   "NS": "(cluster_1_88:0)", 
   "S": "(cluster_1_88:0.005277520698115591)"
  }, 
  "omega": 0
 }, 
 "159-552": {
  "BranchLength": {
   "NS": 0.0006784296501151676, 
   "S": 0.001697192862447583
  }, 
  "Diversity": {
   "NS": 0.001256073292098539, 
   "S": 0.009460913080213981
  }, 
  "Tree": {
   "Combined": "(((((((((((((((((((((((((((((((((((((((((((cluster_0_340:0.002704406386978787,cluster_1_104:0.002577021964224311)Node42:0,cluster_2_34:0.007910702510596916)Node41:0,cluster_3_132:0.002744057967056677)Node40:0,cluster_5_909:0)Node39:0,cluster_6_62:0.005314506211541867)Node38:0,cluster_7_15:0.008180727129151211)Node37:0,cluster_8_27:0.005527060244638243)Node36:0,cluster_9_70:0.002727338840547365)Node35:0,cluster_10_11:0.007956813478672236)Node34:0.002704832745378722,cluster_12_34:0.002563593321959089)Node33:0,cluster_13_51:0.005521395169348942)Node32:0,cluster_17_15:0.007735956257436022)Node31:0,cluster_18_170:0)Node30:0,cluster_19_32:0.007998073988944384)Node29:0,cluster_22_22:0.002710377037359889)Node28:0,cluster_23_25:0.002707081491812999)Node27:0.00270483246111903,cluster_26_16:0.002704832475322065)Node26:0,cluster_27_37:0.002704406381345052)Node25:0,cluster_28_80:0.002566133140284845)Node24:0,cluster_31_102:0.002566850966829406)Node23:0,cluster_32_13:0.005570854941857672)Node22:0,cluster_33_106:0.002746813301649324)Node21:0,cluster_34_10:0.005515346510343685)Node20:0,cluster_35_31:0.005311813330029815)Node19:0.002768778398131642,cluster_36_68:0.002648721218717638)Node18:0.002771897825538394,cluster_37_23:0.002563594402396532)Node17:0.002748987557631605,cluster_39_15:0)Node16:0.002746813201005302,(cluster_42_120:0,cluster_43_12:0.005569596073387903)Node71:0)Node15:0.005521395171710564,cluster_44_21:0.005660297149921604)Node14:0,cluster_51_23:0.005487731927794692)Node13:0,cluster_52_11:0.005387218544013456)Node12:0,(cluster_55_28:0.005521395239443571,cluster_63_24:0.005614936140547669)Node77:0)Node11:0,cluster_64_17:0.005270429350912387)Node10:0,cluster_65_12:0.002722955290249748)Node9:0,cluster_73_11:0.002747251168303717)Node8:0,cluster_76_24:0.002744057969826887)Node7:0,cluster_83_13:0.002723397613409713)Node6:0,cluster_84_14:0.005440988437046045)Node5:0,cluster_85_18:0.005312252075730057)Node4:0,cluster_94_10:0.007945850005178811)Node3:0,cluster_103_13:0.005387493727493982)Node2:0,cluster_114_21:0.005611045766308766)Node1:0,cluster_133_40:0,cluster_187_18:0.005288736134081068)", 
   "NS": "(((((((((((((((((((((((((((((((((((((((((((cluster_0_340:0,cluster_1_104:0.002577021964224311)Node42:0,cluster_2_34:0.005144158619704609)Node41:0,cluster_3_132:0)Node40:0,cluster_5_909:0)Node39:0,cluster_6_62:0.002567262973980256)Node38:0,cluster_7_15:0.002567738221896118)Node37:0,cluster_8_27:0)Node36:0,cluster_9_70:0)Node35:0,cluster_10_11:0.005149209615637568)Node34:0,cluster_12_34:0.002563593321959089)Node33:0,cluster_13_51:0)Node32:0,cluster_17_15:0.007735956257436022)Node31:0,cluster_18_170:0)Node30:0,cluster_19_32:0.005184545983033413)Node29:0,cluster_22_22:0)Node28:0,cluster_23_25:0)Node27:0,cluster_26_16:0)Node26:0,cluster_27_37:0)Node25:0,cluster_28_80:0.002566133140284845)Node24:0,cluster_31_102:0.002566850966829406)Node23:0,cluster_32_13:0)Node22:0,cluster_33_106:0)Node21:0,cluster_34_10:0)Node20:0,cluster_35_31:0.002567787667299057)Node19:0,cluster_36_68:0)Node18:0,cluster_37_23:0.002563594402396532)Node17:0,cluster_39_15:0)Node16:0,(cluster_42_120:0,cluster_43_12:0)Node71:0)Node15:0,cluster_44_21:0)Node14:0,cluster_51_23:0)Node13:0,cluster_52_11:0.002567825694152198)Node12:0,(cluster_55_28:0,cluster_63_24:0)Node77:0)Node11:0,cluster_64_17:0.002566053979182593)Node10:0,cluster_65_12:0)Node9:0,cluster_73_11:0)Node8:0,cluster_76_24:0)Node7:0,cluster_83_13:0)Node6:0,cluster_84_14:0)Node5:0,cluster_85_18:0.002567787662228388)Node4:0,cluster_94_10:0.005152304142676483)Node3:0,cluster_103_13:0.002567825744253445)Node2:0,cluster_114_21:0)Node1:0,cluster_133_40:0,cluster_187_18:0.002561447803305914)", 
   "S": "(((((((((((((((((((((((((((((((((((((((((((cluster_0_340:0.002704406386978787,cluster_1_104:0)Node42:0,cluster_2_34:0.002766543890892308)Node41:0,cluster_3_132:0.002744057967056677)Node40:0,cluster_5_909:0)Node39:0,cluster_6_62:0.00274724323756161)Node38:0,cluster_7_15:0.00561298890725509)Node37:0,cluster_8_27:0.005527060244638243)Node36:0,cluster_9_70:0.002727338840547365)Node35:0,cluster_10_11:0.002807603863034669)Node34:0.002704832745378722,cluster_12_34:0)Node33:0,cluster_13_51:0.005521395169348942)Node32:0,cluster_17_15:0)Node31:0,cluster_18_170:0)Node30:0,cluster_19_32:0.002813528005910974)Node29:0,cluster_22_22:0.002710377037359889)Node28:0,cluster_23_25:0.002707081491812999)Node27:0.00270483246111903,cluster_26_16:0.002704832475322065)Node26:0,cluster_27_37:0.002704406381345052)Node25:0,cluster_28_80:0)Node24:0,cluster_31_102:0)Node23:0,cluster_32_13:0.005570854941857672)Node22:0,cluster_33_106:0.002746813301649324)Node21:0,cluster_34_10:0.005515346510343685)Node20:0,cluster_35_31:0.002744025662730756)Node19:0.002768778398131642,cluster_36_68:0.002648721218717638)Node18:0.002771897825538394,cluster_37_23:0)Node17:0.002748987557631605,cluster_39_15:0)Node16:0.002746813201005302,(cluster_42_120:0,cluster_43_12:0.005569596073387903)Node71:0)Node15:0.005521395171710564,cluster_44_21:0.005660297149921604)Node14:0,cluster_51_23:0.005487731927794692)Node13:0,cluster_52_11:0.00281939284986126)Node12:0,(cluster_55_28:0.005521395239443571,cluster_63_24:0.005614936140547669)Node77:0)Node11:0,cluster_64_17:0.002704375371729794)Node10:0,cluster_65_12:0.002722955290249748)Node9:0,cluster_73_11:0.002747251168303717)Node8:0,cluster_76_24:0.002744057969826887)Node7:0,cluster_83_13:0.002723397613409713)Node6:0,cluster_84_14:0.005440988437046045)Node5:0,cluster_85_18:0.002744464413501667)Node4:0,cluster_94_10:0.002793545862502328)Node3:0,cluster_103_13:0.002819667983240541)Node2:0,cluster_114_21:0.005611045766308766)Node1:0,cluster_133_40:0,cluster_187_18:0.002727288330775153)"
  }, 
  "omega": 0.159957273101521
 }, 
 "180-390": {
  "BranchLength": {
   "NS": 0.001815041746636392, 
   "S": 0.001197905148895334
  }, 
  "Diversity": {
   "NS": 0.002804639585266774, 
   "S": 0.00203859803350518
  }, 
  "Tree": {
   "Combined": "((((((((((((cluster_0_1017:0,cluster_1_59:0.005173733772936388)Node11:0,cluster_3_307:0.005001016253780488)Node10:0,cluster_5_414:0)Node9:0,cluster_6_198:0.004975916415058955)Node8:0,cluster_7_41:0.009977079789630437)Node7:0,cluster_12_311:0.004967756336031098)Node6:0,cluster_13_47:0.009986209731930746)Node5:0,cluster_14_130:0.004838575900598717)Node4:0,cluster_15_38:0.005170099434380247)Node3:0,cluster_16_59:0.004837575424255136)Node2:0,cluster_20_33:0.01052992442466774)Node1:0,cluster_31_35:0.00491679910066187,cluster_105_47:0.004948985804361314)", 
   "NS": "((((((((((((cluster_0_1017:0,cluster_1_59:0.005173733772936388)Node11:0,cluster_3_307:0)Node10:0,cluster_5_414:0)Node9:0,cluster_6_198:0.004975916415058955)Node8:0,cluster_7_41:0.004977026986018135)Node7:0,cluster_12_311:0.004967756336031098)Node6:0,cluster_13_47:0.009986209731930746)Node5:0,cluster_14_130:0)Node4:0,cluster_15_38:0.005170099434380247)Node3:0,cluster_16_59:0)Node2:0,cluster_20_33:0.005176315185192913)Node1:0,cluster_31_35:0,cluster_105_47:0.004948985804361314)", 
   "S": "((((((((((((cluster_0_1017:0,cluster_1_59:0)Node11:0,cluster_3_307:0.005001016253780488)Node10:0,cluster_5_414:0)Node9:0,cluster_6_198:0)Node8:0,cluster_7_41:0.005000052803612303)Node7:0,cluster_12_311:0)Node6:0,cluster_13_47:0)Node5:0,cluster_14_130:0.004838575900598717)Node4:0,cluster_15_38:0)Node3:0,cluster_16_59:0.004837575424255136)Node2:0,cluster_20_33:0.005353609239474828)Node1:0,cluster_31_35:0.00491679910066187,cluster_105_47:0)"
  }, 
  "omega": 0.5658840889773558
 },