{
 "180-390": {
  "BranchLength": {
   "NS": 0.0006726002470807861, 
   "S": 0.003071533768736158
  }, 
  "Diversity": {
   "NS": 0.002611559298012693, 
   "S": 0.007701404651309562
  }, 
  "Tree": {
   "Combined": "((((((((((cluster_0_4739:0,cluster_1_489:0.01070292694547024)Node9:0.004714890298863852,cluster_2_190:0)Node8:0.005424061328009332,cluster_3_788:0)Node7:0,cluster_4_93:0.005555730929954022)Node6:0,cluster_5_228:0.004714890299079567)Node5:0.0109171719675735,cluster_6_91:0)Node4:0,cluster_7_702:0.005301819216278369)Node3:0.004694824590753089,cluster_9_118:0.0105219338378354)Node2:0,cluster_10_52:0.005301819215040675)Node1:0,cluster_17_40:0,cluster_18_55:0.01077674570329778)", 
   "NS": "((((((((((cluster_0_4739:0,cluster_1_489:0)Node9:0.004714890298863852,cluster_2_190:0)Node8:0,cluster_3_788:0)Node7:0,cluster_4_93:0)Node6:0,cluster_5_228:0.004714890299079567)Node5:0,cluster_6_91:0)Node4:0,cluster_7_702:0)Node3:0.004694824590753089,cluster_9_118:0)Node2:0,cluster_10_52:0)Node1:0,cluster_17_40:0,cluster_18_55:0)", 
   "S": "((((((((((cluster_0_4739:0,cluster_1_489:0.01070292694547024)Node9:0,cluster_2_190:0)Node8:0.005424061328009332,cluster_3_788:0)Node7:0,cluster_4_93:0.005555730929954022)Node6:0,cluster_5_228:0)Node5:0.0109171719675735,cluster_6_91:0)Node4:0,cluster_7_702:0.005301819216278369)Node3:0,cluster_9_118:0.0105219338378354)Node2:0,cluster_10_52:0.005301819215040675)Node1:0,cluster_17_40:0,cluster_18_55:0.01077674570329778)"
  }, 
  "omega": 0.08095722509396663
 }, 
 "180-429": {
  "BranchLength": {
   "NS": 0.001207149976473932, 
   "S": 0.003709069521298613
  }, 
  "Diversity": {
   "NS": 0.003941848503500459, 
   "S": 0.009900383691916254
  }, 
  "Tree": {
   "Combined": "((((((((((((((((((((((((cluster_0_2036:0.003995590383808528,cluster_1_19:0.01869725508621905)Node23:0,cluster_2_68:0.00804022527706239)Node22:0.004426150639634836,cluster_3_1450:0)Node21:0,cluster_4_352:0.009014739725011723)Node20:0,cluster_5_73:0.01811461894149381)Node19:0,cluster_6_150:0.009213978294658143)Node18:0,cluster_7_44:0.01316971481063275)Node17:0,cluster_8_525:0.01790671116139118)Node16:0,(cluster_9_566:0.009214959621735477,cluster_11_59:0)Node33:0.003997606753376439)Node15:0,cluster_13_76:0.003995590351762063)Node14:0,cluster_14_31:0.008502200450771364)Node13:0,cluster_15_67:0.004417336737622661)Node12:0,(cluster_17_115:0.004491633777899661,cluster_18_44:0.01303393183139318)Node39:0)Node11:0,cluster_20_36:0.01391049053153168)Node10:0,cluster_24_44:0.004426150641422448)Node9:0,cluster_28_35:0.008489518925174354)Node8:0.004410261708685971,cluster_29_35:0.003992455640233593)Node7:0,cluster_31_23:0)Node6:0.00440949708725509,cluster_32_21:0.004491941189895661)Node5:0,cluster_34_39:0.01765302199423066)Node4:0,cluster_36_22:0.008489213471711332)Node3:0,cluster_38_26:0.004465971995757377)Node2:0,cluster_41_52:0.01810290220511821)Node1:0,cluster_42_25:0.01302413380503373,cluster_45_57:0.004461830341421534)", 
   "NS": "((((((((((((((((((((((((cluster_0_2036:0.003995590383808528,cluster_1_19:0)Node23:0,cluster_2_68:0.00804022527706239)Node22:0,cluster_3_1450:0)Node21:0,cluster_4_352:0)Node20:0,cluster_5_73:0.003996397463196439)Node19:0,cluster_6_150:0)Node18:0,cluster_7_44:0.003993939045181898)Node17:0,cluster_8_525:0.003995020912446252)Node16:0,(cluster_9_566:0,cluster_11_59:0)Node33:0.003997606753376439)Node15:0,cluster_13_76:0.003995590351762063)Node14:0,cluster_14_31:0.003995553163289953)Node13:0,cluster_15_67:0)Node12:0,(cluster_17_115:0,cluster_18_44:0.003995049154054319)Node39:0)Node11:0,cluster_20_36:0)Node10:0,cluster_24_44:0)Node9:0,cluster_28_35:0.003997590044064234)Node8:0,cluster_29_35:0.003992455640233593)Node7:0,cluster_31_23:0)Node6:0,cluster_32_21:0)Node5:0,cluster_34_39:0.003994386412048432)Node4:0,cluster_36_22:0.003997590357959323)Node3:0,cluster_38_26:0)Node2:0,cluster_41_52:0.003997544984023109)Node1:0,cluster_42_25:0.003994408810611421,cluster_45_57:0)", 
   "S": "((((((((((((((((((((((((cluster_0_2036:0,cluster_1_19:0.01869725508621905)Node23:0,cluster_2_68:0)Node22:0.004426150639634836,cluster_3_1450:0)Node21:0,cluster_4_352:0.009014739725011723)Node20:0,cluster_5_73:0.01411822147829737)Node19:0,cluster_6_150:0.009213978294658143)Node18:0,cluster_7_44:0.009175775765450851)Node17:0,cluster_8_525:0.01391169024894492)Node16:0,(cluster_9_566:0.009214959621735477,cluster_11_59:0)Node33:0)Node15:0,cluster_13_76:0)Node14:0,cluster_14_31:0.004506647287481408)Node13:0,cluster_15_67:0.004417336737622661)Node12:0,(cluster_17_115:0.004491633777899661,cluster_18_44:0.00903888267733886)Node39:0)Node11:0,cluster_20_36:0.01391049053153168)Node10:0,cluster_24_44:0.004426150641422448)Node9:0,cluster_28_35:0.004491928881110122)Node8:0.004410261708685971,cluster_29_35:0)Node7:0,cluster_31_23:0)Node6:0.00440949708725509,cluster_32_21:0.004491941189895661)Node5:0,cluster_34_39:0.01365863558218223)Node4:0,cluster_36_22:0.004491623113752011)Node3:0,cluster_38_26:0.004465971995757377)Node2:0,cluster_41_52:0.01410535722109511)Node1:0,cluster_42_25:0.009029724994422306,cluster_45_57:0.004461830341421534)"
  }, 
  "omega": 0.1256833315580621
 }, 
 "210-420": {
  "BranchLength": {
   "NS": 0.001591620936305349, 
   "S": 0.004089321687788527
  }, 
  "Diversity": {
   "NS": 0.004611259663948966, 
   "S": 0.01027446008803327
  }, 
  "Tree": {
   "Combined": "(((((((((((((((((cluster_0_2236:0,cluster_2_73:0.004773925893264981)Node16:0.009894585465128372,(cluster_3_1539:0,cluster_4_595:0.01555506583897653)Node19:0)Node15:0,cluster_5_369:0.01039937096279721)Node14:0,cluster_6_75:0.02133942162389909)Node13:0,cluster_7_152:0.01077765791716479)Node12:0,(cluster_8_54:0.01005249561672196,cluster_9_552:0.02103302710304493)Node25:0)Node11:0,cluster_11_65:0.004777524038792713)Node10:0,cluster_14_77:0.004773925831522381)Node9:0,cluster_15_74:0.005085618911425459)Node8:0,cluster_17_119:0.005214294046859324)Node7:0,cluster_18_45:0.01525914906423246)Node6:0,cluster_20_38:0.01625800092078773)Node5:0,cluster_24_52:0.005119721447863414)Node4:0,cluster_28_36:0.009992741035823153)Node3:0,cluster_29_35:0.009854952255786057)Node2:0,cluster_34_36:0.02058505905758485)Node1:0.005161912807398203,cluster_41_46:0.01564831250058757,cluster_44_33:0)", 
   "NS": "(((((((((((((((((cluster_0_2236:0,cluster_2_73:0.004773925893264981)Node16:0.004773901286744357,(cluster_3_1539:0,cluster_4_595:0.00477746512168591)Node19:0)Node15:0,cluster_5_369:0)Node14:0,cluster_6_75:0.004775908640816105)Node13:0,cluster_7_152:0)Node12:0,(cluster_8_54:0.00477386586017901,cluster_9_552:0.004773098905234909)Node25:0)Node11:0,cluster_11_65:0.004777524038792713)Node10:0,cluster_14_77:0.004773925831522381)Node9:0,cluster_15_74:0)Node8:0,cluster_17_119:0)Node7:0,cluster_18_45:0.004773131823645298)Node6:0,cluster_20_38:0)Node5:0,cluster_24_52:0)Node4:0,cluster_28_36:0.004777498636257776)Node3:0,cluster_29_35:0.004773185999049912)Node2:0,cluster_34_36:0.004772321193110485)Node1:0,cluster_41_46:0.004777463285604774,cluster_44_33:0)", 
   "S": "(((((((((((((((((cluster_0_2236:0,cluster_2_73:0)Node16:0.005120684178384015,(cluster_3_1539:0,cluster_4_595:0.01077760071729062)Node19:0)Node15:0,cluster_5_369:0.01039937096279721)Node14:0,cluster_6_75:0.01656351298308299)Node13:0,cluster_7_152:0.01077765791716479)Node12:0,(cluster_8_54:0.005278629756542944,cluster_9_552:0.01625992819781002)Node25:0)Node11:0,cluster_11_65:0)Node10:0,cluster_14_77:0)Node9:0,cluster_15_74:0.005085618911425459)Node8:0,cluster_17_119:0.005214294046859324)Node7:0,cluster_18_45:0.01048601724058716)Node6:0,cluster_20_38:0.01625800092078773)Node5:0,cluster_24_52:0.005119721447863414)Node4:0,cluster_28_36:0.005215242399565376)Node3:0,cluster_29_35:0.005081766256736144)Node2:0,cluster_34_36:0.01581273786447436)Node1:0.005161912807398203,cluster_41_46:0.0108708492149828,cluster_44_33:0)"
  }, 
  "omega": 0.1527302023442719
 }
}