{
 "180-390": {
  "BranchLength": {
   "NS": 0, 
   "S": 0
  }, 
  "Diversity": {
   "NS": 0, 
   "S": 0
  }, 
  "Tree": "", 
  "omega": 0
 }, 
 "180-429": {
  "BranchLength": {
   "NS": 0.0005491744998016261, 
   "S": 0.0006896070773849346
  }, 
  "Diversity": {
   "NS": 0.0005250105141449045, 
   "S": 0.001041104208823538
  }, 
  "Tree": {
   "Combined": "(((cluster_0_3116:0,cluster_1_487:0.004827249541694542)Node2:0,cluster_2_292:0.003844221498611383)Node1:0,cluster_4_46:0,cluster_5_21:0)", 
   "NS": "(((cluster_0_3116:0,cluster_1_487:0)Node2:0,cluster_2_292:0.003844221498611383)Node1:0,cluster_4_46:0,cluster_5_21:0)", 
   "S": "(((cluster_0_3116:0,cluster_1_487:0.004827249541694542)Node2:0,cluster_2_292:0)Node1:0,cluster_4_46:0,cluster_5_21:0)"
  }, 
  "omega": 0.3188494449410758
 }, 
 "210-420": {
  "BranchLength": {
   "NS": 0, 
   "S": 0.005406172985970859
  }, 
  "Diversity": {
   "NS": 0, 
   "S": 0
  }, 
  "Tree": {
   "Combined": "(cluster_1_101:0.005406172985970859)", 
   "NS": "(cluster_1_101:0)", 
   "S": "(cluster_1_101:0.005406172985970859)"
  }, 
  "omega": 0
 }
}