{
 "117-528": {
  "BranchLength": {
   "NS": 0.01176975464140913, 
   "S": 0.008895115081942705
  }, 
  "Diversity": {
   "NS": 0.02724284904066043, 
   "S": 0.02029619423069676
  }, 
  "Tree": {
   "Combined": "((((((cluster_3_91:0.08301085721273159,cluster_4_17:0.002571286568100099)Node5:0,cluster_5_256:0)Node4:0.00231744778531196,cluster_16_39:0.09271905420747717)Node3:0,cluster_23_23:0.002750738186845433)Node2:0,cluster_24_17:0.08034475905282656)Node1:0,cluster_51_12:0.004929163390281029,cluster_54_11:0)", 
   "NS": "((((((cluster_3_91:0.04837955501525709,cluster_4_17:0)Node5:0,cluster_5_256:0)Node4:0,cluster_16_39:0.05566012467115049)Node3:0,cluster_23_23:0)Node2:0,cluster_24_17:0.04896713065191105)Node1:0,cluster_51_12:0,cluster_54_11:0)", 
   "S": "((((((cluster_3_91:0.03463130219747446,cluster_4_17:0.002571286568100099)Node5:0,cluster_5_256:0)Node4:0.00231744778531196,cluster_16_39:0.03705892953632663)Node3:0,cluster_23_23:0.002750738186845433)Node2:0,cluster_24_17:0.03137762840091553)Node1:0,cluster_51_12:0.004929163390281029,cluster_54_11:0)"
  }, 
  "omega": 0.377845477443968
 }, 
 "120-330": {
  "BranchLength": {
   "NS": 0.03640395573531428, 
   "S": 0.04257506053839738
  }, 
  "Diversity": {
   "NS": 0, 
   "S": 0
  }, 
  "Tree": {
   "Combined": "(cluster_3_235:0.07897901627371165)", 
   "NS": "(cluster_3_235:0.03640395573531428)", 
   "S": "(cluster_3_235:0.04257506053839738)"
  }, 
  "omega": 0.2801807194978812
 }, 
 "150-360": {
  "BranchLength": {
   "NS": 0.05677720156007276, 
   "S": 0.05297234536207421
  }, 
  "Diversity": {
   "NS": 0, 
   "S": 0
  }, 
  "Tree": {
   "Combined": "(cluster_3_220:0.109749546922147)", 
   "NS": "(cluster_3_220:0.05677720156007276)", 
   "S": "(cluster_3_220:0.05297234536207421)"
  }, 
  "omega": 0.3423247494669273
 }, 
 "180-390": {
  "BranchLength": {
   "NS": 0, 
   "S": 0
  }, 
  "Diversity": {
   "NS": 0, 
   "S": 0
  }, 
  "Tree": "", 
  "omega": 0
 }, 
 "210-420": {
  "BranchLength": {
   "NS": 0, 
   "S": 0
  }, 
  "Diversity": {
   "NS": 0, 
   "S": 0
  }, 
  "Tree": "", 
  "omega": 0
 }, 
 "240-450": {
  "BranchLength": {
   "NS": 0, 
   "S": 0
  }, 
  "Diversity": {
   "NS": 0, 
   "S": 0
  }, 
  "Tree": "", 
  "omega": 0
 }, 
 "270-480": {
  "BranchLength": {
   "NS": 0, 
   "S": 0
  }, 
  "Diversity": {
   "NS": 0, 
   "S": 0
  }, 
  "Tree": "", 
  "omega": 0
 }, 
 "300-510": {
  "BranchLength": {
   "NS": 0, 
   "S": 0
  }, 
  "Diversity": {
   "NS": 0, 
   "S": 0
  }, 
  "Tree": "", 
  "omega": 0
 }
}