
{
	"Actual comparisons performed" :1323237,
	"Comparisons accounting for copy numbers " :9.55547e+06,
	"Total comparisons possible" : 1758750,
	"Links found" : 2193482,
	"Maximum distance" : 0.449558,
	"Mean distance" : 0.0727636,
	"Histogram" : [[0.005,683571],[0.01,1509911],[0.015,1096894],[0.02,1166171],[0.025,687880],[0.03,433558],[0.035,268717],[0.04,173269],[0.045,123168],[0.05,101714],[0.055,73112],[0.06,69738],[0.065,53247],[0.07,38010],[0.075,46984],[0.08,40649],[0.085,32078],[0.09,27068],[0.095,17066],[0.1,16447],[0.105,8512],[0.11,9885],[0.115,11355],[0.12,7973],[0.125,18955],[0.13,12919],[0.135,9297],[0.14,25831],[0.145,196882],[0.15,107076],[0.155,254434],[0.16,162343],[0.165,44660],[0.17,113372],[0.175,133682],[0.18,74930],[0.185,35120],[0.19,53516],[0.195,48272],[0.2,39879],[0.205,136271],[0.21,107406],[0.215,211070],[0.22,212954],[0.225,113425],[0.23,148641],[0.235,136810],[0.24,75757],[0.245,193609],[0.25,34315],[0.255,91005],[0.26,16317],[0.265,17681],[0.27,8126],[0.275,4900],[0.28,4827],[0.285,1754],[0.29,4199],[0.295,671],[0.3,1004],[0.305,614],[0.31,605],[0.315,269],[0.32,223],[0.325,372],[0.33,300],[0.335,252],[0.34,218],[0.345,236],[0.35,354],[0.355,244],[0.36,451],[0.365,281],[0.37,272],[0.375,148],[0.38,119],[0.385,305],[0.39,129],[0.395,321],[0.4,90],[0.405,42],[0.41,187],[0.415,202],[0.42,120],[0.425,54],[0.43,5],[0.435,85],[0.44,33],[0.445,3],[0.45,46],[0.455,0],[0.46,0],[0.465,0],[0.47,0],[0.475,0],[0.48,0],[0.485,0],[0.49,0],[0.495,0],[0.5,0],[0.505,0],[0.51,0],[0.515,0],[0.52,0],[0.525,0],[0.53,0],[0.535,0],[0.54,0],[0.545,0],[0.55,0],[0.555,0],[0.56,0],[0.565,0],[0.57,0],[0.575,0],[0.58,0],[0.585,0],[0.59,0],[0.595,0],[0.6,0],[0.605,0],[0.61,0],[0.615,0],[0.62,0],[0.625,0],[0.63,0],[0.635,0],[0.64,0],[0.645,0],[0.65,0],[0.655,0],[0.66,0],[0.665,0],[0.67,0],[0.675,0],[0.68,0],[0.685,0],[0.69,0],[0.695,0],[0.7,0],[0.705,0],[0.71,0],[0.715,0],[0.72,0],[0.725,0],[0.73,0],[0.735,0],[0.74,0],[0.745,0],[0.75,0],[0.755,0],[0.76,0],[0.765,0],[0.77,0],[0.775,0],[0.78,0],[0.785,0],[0.79,0],[0.795,0],[0.8,0],[0.805,0],[0.81,0],[0.815,0],[0.82,0],[0.825,0],[0.83,0],[0.835,0],[0.84,0],[0.845,0],[0.85,0],[0.855,0],[0.86,0],[0.865,0],[0.87,0],[0.875,0],[0.88,0],[0.885,0],[0.89,0],[0.895,0],[0.9,0],[0.905,0],[0.91,0],[0.915,0],[0.92,0],[0.925,0],[0.93,0],[0.935,0],[0.94,0],[0.945,0],[0.95,0],[0.955,0],[0.96,0],[0.965,0],[0.97,0],[0.975,0],[0.98,0],[0.985,0],[0.99,0],[0.995,0],[1,0]]
}
