
{
	"Actual comparisons performed" :183601122,
	"Comparisons accounting for copy numbers " :4.26445e+08,
	"Total comparisons possible" : 203303530,
	"Links found" : 8215834,
	"Maximum distance" : 0.565702,
	"Mean distance" : 0.0739365,
	"Histogram" : [[0.005,4047477],[0.01,4168357],[0.015,7665484],[0.02,10748244],[0.025,13954891],[0.03,17524665],[0.035,20947572],[0.04,22618723],[0.045,23904045],[0.05,24577935],[0.055,24539916],[0.06,23710791],[0.065,23276654],[0.07,22997815],[0.075,22358457],[0.08,20654029],[0.085,18282299],[0.09,14569354],[0.095,11951564],[0.1,9991786],[0.105,8301550],[0.11,5818720],[0.115,4311833],[0.12,4149831],[0.125,3526242],[0.13,2728126],[0.135,2146588],[0.14,2516840],[0.145,3587442],[0.15,3443403],[0.155,2861781],[0.16,3154531],[0.165,3950400],[0.17,3888675],[0.175,3678366],[0.18,3183572],[0.185,4179013],[0.19,3490831],[0.195,2576338],[0.2,2280178],[0.205,2840055],[0.21,1560301],[0.215,1042561],[0.22,1061748],[0.225,667979],[0.23,918136],[0.235,1052814],[0.24,321948],[0.245,179018],[0.25,143517],[0.255,70799],[0.26,42824],[0.265,44941],[0.27,27250],[0.275,28958],[0.28,19936],[0.285,12304],[0.29,12362],[0.295,10277],[0.3,9162],[0.305,9038],[0.31,8214],[0.315,7261],[0.32,6427],[0.325,4870],[0.33,5154],[0.335,4969],[0.34,3381],[0.345,2735],[0.35,3636],[0.355,2580],[0.36,2100],[0.365,4122],[0.37,2935],[0.375,2864],[0.38,2630],[0.385,3100],[0.39,2743],[0.395,2394],[0.4,1739],[0.405,2388],[0.41,1555],[0.415,2166],[0.42,1677],[0.425,1145],[0.43,1508],[0.435,2849],[0.44,1400],[0.445,1391],[0.45,671],[0.455,1263],[0.46,1567],[0.465,1025],[0.47,1249],[0.475,1632],[0.48,712],[0.485,781],[0.49,2159],[0.495,754],[0.5,405],[0.505,360],[0.51,574],[0.515,324],[0.52,623],[0.525,313],[0.53,26],[0.535,4],[0.54,13],[0.545,8],[0.55,1],[0.555,4],[0.56,0],[0.565,3],[0.57,1],[0.575,0],[0.58,0],[0.585,0],[0.59,0],[0.595,0],[0.6,0],[0.605,0],[0.61,0],[0.615,0],[0.62,0],[0.625,0],[0.63,0],[0.635,0],[0.64,0],[0.645,0],[0.65,0],[0.655,0],[0.66,0],[0.665,0],[0.67,0],[0.675,0],[0.68,0],[0.685,0],[0.69,0],[0.695,0],[0.7,0],[0.705,0],[0.71,0],[0.715,0],[0.72,0],[0.725,0],[0.73,0],[0.735,0],[0.74,0],[0.745,0],[0.75,0],[0.755,0],[0.76,0],[0.765,0],[0.77,0],[0.775,0],[0.78,0],[0.785,0],[0.79,0],[0.795,0],[0.8,0],[0.805,0],[0.81,0],[0.815,0],[0.82,0],[0.825,0],[0.83,0],[0.835,0],[0.84,0],[0.845,0],[0.85,0],[0.855,0],[0.86,0],[0.865,0],[0.87,0],[0.875,0],[0.88,0],[0.885,0],[0.89,0],[0.895,0],[0.9,0],[0.905,0],[0.91,0],[0.915,0],[0.92,0],[0.925,0],[0.93,0],[0.935,0],[0.94,0],[0.945,0],[0.95,0],[0.955,0],[0.96,0],[0.965,0],[0.97,0],[0.975,0],[0.98,0],[0.985,0],[0.99,0],[0.995,0],[1,0]]
}
