{
 "150-360": {
  "BranchLength": {
   "NS": 0, 
   "S": 0
  }, 
  "Diversity": {
   "NS": 0, 
   "S": 0
  }, 
  "Tree": {
   "Combined": "(cluster_2_102:0)", 
   "NS": "(cluster_2_102:0)", 
   "S": "(cluster_2_102:0)"
  }, 
  "omega": 0.9228853344417433
 }, 
 "159-552": {
  "BranchLength": {
   "NS": 0.0005116630965778949, 
   "S": 0.00221092430923811
  }, 
  "Diversity": {
   "NS": 0.0003487686765294771, 
   "S": 0.007253839988908296
  }, 
  "Tree": {
   "Combined": "((((((((((((cluster_0_2145:0,cluster_1_88:0.002725048759433534)Node11:0.008418421771134773,cluster_2_96:0)Node10:0,cluster_3_78:0.002556156407289028)Node9:0.008418421766875574,cluster_5_67:0.002708280504594207)Node8:0,cluster_6_62:0.002556025312879185)Node7:0,cluster_7_269:0.002708502720189931)Node6:0,cluster_8_104:0.002707683556897393)Node5:0,cluster_10_36:0.002565372716824186)Node4:0,cluster_12_18:0.01386085042118412)Node3:0.002707683587322364,cluster_14_19:0.002695601806293436)Node2:0,cluster_16_16:0.008024315579722543)Node1:0,cluster_22_14:0,cluster_27_12:0.005412320234759848)", 
   "NS": "((((((((((((cluster_0_2145:0,cluster_1_88:0)Node11:0,cluster_2_96:0)Node10:0,cluster_3_78:0.002556156407289028)Node9:0,cluster_5_67:0)Node8:0,cluster_6_62:0.002556025312879185)Node7:0,cluster_7_269:0)Node6:0,cluster_8_104:0)Node5:0,cluster_10_36:0.002565372716824186)Node4:0,cluster_12_18:0.002557024229746515)Node3:0,cluster_14_19:0)Node2:0,cluster_16_16:0.002556998747708457)Node1:0,cluster_22_14:0,cluster_27_12:0)", 
   "S": "((((((((((((cluster_0_2145:0,cluster_1_88:0.002725048759433534)Node11:0.008418421771134773,cluster_2_96:0)Node10:0,cluster_3_78:0)Node9:0.008418421766875574,cluster_5_67:0.002708280504594207)Node8:0,cluster_6_62:0)Node7:0,cluster_7_269:0.002708502720189931)Node6:0,cluster_8_104:0.002707683556897393)Node5:0,cluster_10_36:0)Node4:0,cluster_12_18:0.0113038261914376)Node3:0.002707683587322364,cluster_14_19:0.002695601806293436)Node2:0,cluster_16_16:0.005467316832014086)Node1:0,cluster_22_14:0,cluster_27_12:0.005412320234759848)"
  }, 
  "omega": 0.1036036049775634
 }, 
 "180-390": {
  "BranchLength": {
   "NS": 0.0006563265009840696, 
   "S": 0.002339942595200738
  }, 
  "Diversity": {
   "NS": 0.0003164088571644511, 
   "S": 0.002680288856714418
  }, 
  "Tree": {
   "Combined": "(((((((cluster_0_2041:0,cluster_1_38:0.005016936544370653)Node6:0,cluster_2_164:0.005021396774110569)Node5:0,cluster_3_61:0.004912918800356571)Node4:0,cluster_4_58:0.005016433766299168)Node3:0,cluster_5_416:0.004967276671282192)Node2:0,cluster_6_108:0.00495039497431335)Node1:0,cluster_8_36:0.004931978714404472,cluster_9_43:0.01012670019763513)", 
   "NS": "(((((((cluster_0_2041:0,cluster_1_38:0)Node6:0,cluster_2_164:0)Node5:0,cluster_3_61:0.004912918800356571)Node4:0,cluster_4_58:0)Node3:0,cluster_5_416:0)Node2:0,cluster_6_108:0)Node1:0,cluster_8_36:0.004931978714404472,cluster_9_43:0)", 
   "S": "(((((((cluster_0_2041:0,cluster_1_38:0.005016936544370653)Node6:0,cluster_2_164:0.005021396774110569)Node5:0,cluster_3_61:0)Node4:0,cluster_4_58:0.005016433766299168)Node3:0,cluster_5_416:0.004967276671282192)Node2:0,cluster_6_108:0.00495039497431335)Node1:0,cluster_8_36:0,cluster_9_43:0.01012670019763513)"
  }, 
  "omega": 0.1065444175191769
 }, 
 "210-420": {
  "BranchLength": {
   "NS": 0.000877526554261817, 
   "S": 0.004168235253676367
  }, 
  "Diversity": {
   "NS": 0.0003490205694689799, 
   "S": 0.0034746006616802
  }, 
  "Tree": {
   "Combined": "(((((cluster_0_2131:0,cluster_1_92:0.004948540067766891)Node4:0,cluster_2_89:0.01553063802517274)Node3:0,cluster_3_74:0.02040565698564252)Node2:0,cluster_5_401:0.004892014782118863)Node1:0,cluster_6_101:0.004885807841769571,cluster_8_34:0.004840722184849437)", 
   "NS": "(((((cluster_0_2131:0,cluster_1_92:0)Node4:0,cluster_2_89:0)Node3:0,cluster_3_74:0.004812069912030551)Node2:0,cluster_5_401:0)Node1:0,cluster_6_101:0,cluster_8_34:0.004840722184849437)", 
   "S": "(((((cluster_0_2131:0,cluster_1_92:0.004948540067766891)Node4:0,cluster_2_89:0.01553063802517274)Node3:0,cluster_3_74:0.01559358707361197)Node2:0,cluster_5_401:0.004892014782118863)Node1:0,cluster_6_101:0.004885807841769571,cluster_8_34:0)"
  }, 
  "omega": 0.09027131127677791
 }, 
 "240-450": {
  "BranchLength": {
   "NS": 0.0007447904237345963, 
   "S": 0.003745127487189784
  }, 
  "Diversity": {
   "NS": 0.0003541215297685136, 
   "S": 0.003598089627967051
  }, 
  "Tree": {
   "Combined": "((((((cluster_0_2057:0,cluster_1_85:0.004752581304933517)Node5:0,cluster_2_89:0.01485492601163261)Node4:0,cluster_3_76:0.01974831347119841)Node3:0,cluster_5_68:0.004719624782714684)Node2:0,cluster_6_428:0.004719624781485873)Node1:0,cluster_7_103:0.004714692478372816,cluster_9_34:0.004859170011679041)", 
   "NS": "((((((cluster_0_2057:0,cluster_1_85:0)Node5:0,cluster_2_89:0)Node4:0,cluster_3_76:0.004823105496870712)Node3:0,cluster_5_68:0)Node2:0,cluster_6_428:0)Node1:0,cluster_7_103:0,cluster_9_34:0.004859170011679041)", 
   "S": "((((((cluster_0_2057:0,cluster_1_85:0.004752581304933517)Node5:0,cluster_2_89:0.01485492601163261)Node4:0,cluster_3_76:0.01492520797432769)Node3:0,cluster_5_68:0.004719624782714684)Node2:0,cluster_6_428:0.004719624781485873)Node1:0,cluster_7_103:0.004714692478372816,cluster_9_34:0)"
  }, 
  "omega": 0.09191882881052163
 }, 
 "270-480": {
  "BranchLength": {
   "NS": 0.0005258162831774651, 
   "S": 0.005016051119743375
  }, 
  "Diversity": {
   "NS": 0.0002382175485909083, 
   "S": 0.003246600807730354
  }, 
  "Tree": {
   "Combined": "((((cluster_0_2297:0,cluster_1_95:0.0153414258934586)Node3:0,cluster_2_78:0.02014236618431177)Node2:0,cluster_4_71:0.00479778784570713)Node1:0,cluster_5_442:0.004797787847071076,cluster_8_37:0.00479743885573899)", 
   "NS": "((((cluster_0_2297:0,cluster_1_95:0)Node3:0,cluster_2_78:0.004732346548597186)Node2:0,cluster_4_71:0)Node1:0,cluster_5_442:0,cluster_8_37:0)", 
   "S": "((((cluster_0_2297:0,cluster_1_95:0.0153414258934586)Node3:0,cluster_2_78:0.01541001963571458)Node2:0,cluster_4_71:0.00479778784570713)Node1:0,cluster_5_442:0.004797787847071076,cluster_8_37:0.00479743885573899)"
  }, 
  "omega": 0.04619468137332097
 }, 
 "300-510": {
  "BranchLength": {
   "NS": 0.0009508646751766323, 
   "S": 0.007126776610110909
  }, 
  "Diversity": {
   "NS": 0.0002913137411802172, 
   "S": 0.002235508857316872
  }, 
  "Tree": {
   "Combined": "((cluster_0_2780:0,cluster_1_107:0.01537420948086981)Node1:0,cluster_2_97:0.02018415874408852,cluster_4_83:0.004829838201479381)", 
   "NS": "((cluster_0_2780:0,cluster_1_107:0)Node1:0,cluster_2_97:0.004754323375883162,cluster_4_83:0)", 
   "S": "((cluster_0_2780:0,cluster_1_107:0.01537420948086981)Node1:0,cluster_2_97:0.01542983536820535,cluster_4_83:0.004829838201479381)"
  }, 
  "omega": 0.06087196693176063
 }, 
 "330-540": {
  "BranchLength": {
   "NS": 0.0009507036985501391, 
   "S": 0.007365017830073209
  }, 
  "Diversity": {
   "NS": 0.0002933002626207021, 
   "S": 0.002316698580648286
  }, 
  "Tree": {
   "Combined": "((cluster_0_2759:0,cluster_1_106:0.0158883970329773)Node1:0,cluster_2_97:0.02070311992545013,cluster_4_83:0.00498709068468932)", 
   "NS": "((cluster_0_2759:0,cluster_1_106:0)Node1:0,cluster_2_97:0.004753518492750695,cluster_4_83:0)", 
   "S": "((cluster_0_2759:0,cluster_1_106:0.0158883970329773)Node1:0,cluster_2_97:0.01594960143269943,cluster_4_83:0.00498709068468932)"
  }, 
  "omega": 0.06194076074479798
 }
}