
{
	"Actual comparisons performed" :18446744073704236973,
	"Comparisons accounting for copy numbers " :5.87093e+07,
	"Total comparisons possible" : 3151305,
	"Links found" : 31410266,
	"Maximum distance" : 0.352643,
	"Mean distance" : 0.0103501,
	"Histogram" : [[0.005,27502781],[0.01,3907485],[0.015,19136478],[0.02,4343302],[0.025,1930364],[0.03,636350],[0.035,273817],[0.04,76098],[0.045,45314],[0.05,42456],[0.055,25759],[0.06,4462],[0.065,11436],[0.07,344],[0.075,1237],[0.08,607],[0.085,232],[0.09,59],[0.095,770],[0.1,170],[0.105,28],[0.11,9232],[0.115,2],[0.12,271],[0.125,53],[0.13,196],[0.135,211],[0.14,438],[0.145,6717],[0.15,6842],[0.155,2708],[0.16,229],[0.165,151],[0.17,171],[0.175,112],[0.18,68],[0.185,9],[0.19,4],[0.195,7],[0.2,11],[0.205,113],[0.21,196],[0.215,470],[0.22,688],[0.225,1314],[0.23,22004],[0.235,10272],[0.24,344819],[0.245,130857],[0.25,9453],[0.255,36097],[0.26,117694],[0.265,3040],[0.27,31118],[0.275,7064],[0.28,11322],[0.285,1746],[0.29,1918],[0.295,660],[0.3,565],[0.305,308],[0.31,87],[0.315,7319],[0.32,492],[0.325,223],[0.33,425],[0.335,852],[0.34,1132],[0.345,6],[0.35,12],[0.355,16],[0.36,0],[0.365,0],[0.37,0],[0.375,0],[0.38,0],[0.385,0],[0.39,0],[0.395,0],[0.4,0],[0.405,0],[0.41,0],[0.415,0],[0.42,0],[0.425,0],[0.43,0],[0.435,0],[0.44,0],[0.445,0],[0.45,0],[0.455,0],[0.46,0],[0.465,0],[0.47,0],[0.475,0],[0.48,0],[0.485,0],[0.49,0],[0.495,0],[0.5,0],[0.505,0],[0.51,0],[0.515,0],[0.52,0],[0.525,0],[0.53,0],[0.535,0],[0.54,0],[0.545,0],[0.55,0],[0.555,0],[0.56,0],[0.565,0],[0.57,0],[0.575,0],[0.58,0],[0.585,0],[0.59,0],[0.595,0],[0.6,0],[0.605,0],[0.61,0],[0.615,0],[0.62,0],[0.625,0],[0.63,0],[0.635,0],[0.64,0],[0.645,0],[0.65,0],[0.655,0],[0.66,0],[0.665,0],[0.67,0],[0.675,0],[0.68,0],[0.685,0],[0.69,0],[0.695,0],[0.7,0],[0.705,0],[0.71,0],[0.715,0],[0.72,0],[0.725,0],[0.73,0],[0.735,0],[0.74,0],[0.745,0],[0.75,0],[0.755,0],[0.76,0],[0.765,0],[0.77,0],[0.775,0],[0.78,0],[0.785,0],[0.79,0],[0.795,0],[0.8,0],[0.805,0],[0.81,0],[0.815,0],[0.82,0],[0.825,0],[0.83,0],[0.835,0],[0.84,0],[0.845,0],[0.85,0],[0.855,0],[0.86,0],[0.865,0],[0.87,0],[0.875,0],[0.88,0],[0.885,0],[0.89,0],[0.895,0],[0.9,0],[0.905,0],[0.91,0],[0.915,0],[0.92,0],[0.925,0],[0.93,0],[0.935,0],[0.94,0],[0.945,0],[0.95,0],[0.955,0],[0.96,0],[0.965,0],[0.97,0],[0.975,0],[0.98,0],[0.985,0],[0.99,0],[0.995,0],[1,0]]
}
