{
 "117-528": {
  "BranchLength": {
   "NS": 0.01077591886908149, 
   "S": 0.003086924320279882
  }, 
  "Diversity": {
   "NS": 0.1057703919206854, 
   "S": 0.02155617322545814
  }, 
  "Tree": {
   "Combined": "((((((((((((((((((((((((((((((((((cluster_1_26:0.002529714810936154,cluster_2_453:0)Node33:0,cluster_4_621:0.06118282223520986)Node32:0,cluster_10_16:0.03629774025023236)Node31:0.002488387872301373,cluster_13_68:0.01015669788371466)Node30:0,cluster_14_164:0.002541252321679)Node29:0.05888491323548392,cluster_18_10:0.01679289980083682)Node28:0.002421625820163118,cluster_19_10:0.005323410820384841)Node27:0,cluster_22_45:0)Node26:0.05944186089618261,cluster_23_15:0.009180037492463633)Node25:0,cluster_27_36:0.02548802457417073)Node24:0.001452499250353067,cluster_30_13:0.03944843950460867)Node23:0,cluster_36_17:0.002560853616914492)Node22:0.03430852826241145,cluster_44_21:0.005938137737464888)Node21:0.006897372990609096,cluster_48_14:0.01849624082531031)Node20:0,cluster_53_21:0.02820668628221173)Node19:0.01525604128488429,cluster_70_35:0.01280588540206169)Node18:0.00268119214261415,cluster_76_10:0.01790061678620274)Node17:0,cluster_81_41:0.01600455933726124)Node16:0,(cluster_83_25:0.04717226574536327,cluster_84_20:0.01266397682720299)Node53:0)Node15:0.002678325918421882,cluster_85_10:0.005423373097337455)Node14:0.01252234588163594,cluster_95_10:0.002509832815617023)Node13:0,cluster_105_12:0.03367278534190266)Node12:0,(cluster_133_10:0.002510632798919595,cluster_146_20:0.005279990526051561)Node59:0)Node11:0.03352994975175806,cluster_176_18:0.03675200175225355)Node10:0.002796043965622885,cluster_198_23:0)Node9:0,cluster_211_14:0.03376920869472009)Node8:0.004967872129908534,cluster_227_10:0.03683620904242582)Node7:0,cluster_233_10:0.005188676712691276)Node6:0.01946483141228638,cluster_238_37:0.04095616743231564)Node5:0,cluster_250_20:0.01358303207759087)Node4:0,cluster_300_20:0.05211609730320859)Node3:0,cluster_323_18:0.06368018347972314)Node2:0.01102283104408543,cluster_350_11:0.01014943994010466)Node1:0,cluster_378_18:0.002557155587315656,cluster_592_13:0.02549788210825069)", 
   "NS": "((((((((((((((((((((((((((((((((((cluster_1_26:0,cluster_2_453:0)Node33:0,cluster_4_621:0.04935550112871886)Node32:0,cluster_10_16:0.02429622025544346)Node31:0.002488387872301373,cluster_13_68:0.007524587005747134)Node30:0,cluster_14_164:0)Node29:0.05019924513680272,cluster_18_10:0.005966607669493529)Node28:0.002421625820163118,cluster_19_10:0)Node27:0,cluster_22_45:0)Node26:0.05075855872697767,cluster_23_15:0.009180037492463633)Node25:0,cluster_27_36:0.0228904509655782)Node24:0.001452499250353067,cluster_30_13:0.02704614206744764)Node23:0,cluster_36_17:0)Node22:0.03430852826241145,cluster_44_21:0.003308867402906092)Node21:0.006897372990609096,cluster_48_14:0.007635900296890153)Node20:0,cluster_53_21:0.02820668628221173)Node19:0.009937583405722157,cluster_70_35:0.01005113662500491)Node18:0,cluster_76_10:0.01524143727400145)Node17:0,cluster_81_41:0.002494358706154335)Node16:0,(cluster_83_25:0.03527214628763591,cluster_84_20:0.01266397682720299)Node53:0)Node15:0,cluster_85_10:0)Node14:0.01252234588163594,cluster_95_10:0.002509832815617023)Node13:0,cluster_105_12:0.02822838779144404)Node12:0,(cluster_133_10:0.002510632798919595,cluster_146_20:0)Node59:0)Node11:0.02122815373354141,cluster_176_18:0.03146621370529071)Node10:0.002796043965622885,cluster_198_23:0)Node9:0,cluster_211_14:0.03108023909670961)Node8:0.004967872129908534,cluster_227_10:0.02450687256456989)Node7:0,cluster_233_10:0)Node6:0.01946483141228638,cluster_238_37:0.04095616743231564)Node5:0,cluster_250_20:0.01107204760798199)Node4:0,cluster_300_20:0.04658377197125918)Node3:0,cluster_323_18:0.04609553682724074)Node2:0.01102283104408543,cluster_350_11:0.007575776955503631)Node1:0,cluster_378_18:0,cluster_592_13:0.02245666195677574)", 
   "S": "((((((((((((((((((((((((((((((((((cluster_1_26:0.002529714810936154,cluster_2_453:0)Node33:0,cluster_4_621:0.01182732110649097)Node32:0,cluster_10_16:0.01200151999478891)Node31:0,cluster_13_68:0.002632110877967525)Node30:0,cluster_14_164:0.002541252321679)Node29:0.008685668098681196,cluster_18_10:0.01082629213134329)Node28:0,cluster_19_10:0.005323410820384841)Node27:0,cluster_22_45:0)Node26:0.008683302169204909,cluster_23_15:0)Node25:0,cluster_27_36:0.002597573608592535)Node24:0,cluster_30_13:0.01240229743716103)Node23:0,cluster_36_17:0.002560853616914492)Node22:0,cluster_44_21:0.002629270334558797)Node21:0,cluster_48_14:0.01086034052842015)Node20:0,cluster_53_21:0)Node19:0.005318457879162133,cluster_70_35:0.002754748777056783)Node18:0.00268119214261415,cluster_76_10:0.002659179512201286)Node17:0,cluster_81_41:0.0135102006311069)Node16:0,(cluster_83_25:0.0119001194577274,cluster_84_20:0)Node53:0)Node15:0.002678325918421882,cluster_85_10:0.005423373097337455)Node14:0,cluster_95_10:0)Node13:0,cluster_105_12:0.005444397550458614)Node12:0,(cluster_133_10:0,cluster_146_20:0.005279990526051561)Node59:0)Node11:0.01230179601821667,cluster_176_18:0.005285788046962844)Node10:0,cluster_198_23:0)Node9:0,cluster_211_14:0.002688969598010455)Node8:0,cluster_227_10:0.01232933647785593)Node7:0,cluster_233_10:0.005188676712691276)Node6:0,cluster_238_37:0)Node5:0,cluster_250_20:0.00251098446960889)Node4:0,cluster_300_20:0.005532325331949389)Node3:0,cluster_323_18:0.01758464665248238)Node2:0,cluster_350_11:0.00257366298460103)Node1:0,cluster_378_18:0.002557155587315656,cluster_592_13:0.003041220151474932)"
  }, 
  "omega": 0.9170704971560837
 }, 
 "120-330": {
  "BranchLength": {
   "NS": 0.01066161700966067, 
   "S": 0.003078979682495948
  }, 
  "Diversity": {
   "NS": 0.04550538385490194, 
   "S": 0.01014087347080078
  }, 
  "Tree": {
   "Combined": "((((((((((cluster_1_55:0.00459893075990872,cluster_2_1096:0)Node9:0,cluster_3_1019:0.06592749965898911)Node8:0,cluster_9_51:0.004677763888942531)Node7:0.05080663947963299,cluster_12_86:0.009459102033585872)Node6:0,cluster_14_41:0.004587356851081581)Node5:0.00485945365082188,cluster_19_97:0.02497747838560231)Node4:0,cluster_22_60:0.01927806976103031)Node3:0,cluster_23_130:0.004580788787492488)Node2:0,cluster_25_60:0.05037746099975518)Node1:0,cluster_29_44:0.030104091312896,cluster_42_40:0.01431789496554994)", 
   "NS": "((((((((((cluster_1_55:0,cluster_2_1096:0)Node9:0,cluster_3_1019:0.04873326414771059)Node8:0,cluster_9_51:0)Node7:0.05080663947963299,cluster_12_86:0)Node6:0,cluster_14_41:0)Node5:0.00485945365082188,cluster_19_97:0.02497747838560231)Node4:0,cluster_22_60:0.01467823230501129)Node3:0,cluster_23_130:0)Node2:0,cluster_25_60:0.04487582954339547)Node1:0,cluster_29_44:0.030104091312896,cluster_42_40:0.004858968377803504)", 
   "S": "((((((((((cluster_1_55:0.00459893075990872,cluster_2_1096:0)Node9:0,cluster_3_1019:0.01719423551127855)Node8:0,cluster_9_51:0.004677763888942531)Node7:0,cluster_12_86:0.009459102033585872)Node6:0,cluster_14_41:0.004587356851081581)Node5:0,cluster_19_97:0)Node4:0,cluster_22_60:0.004599837456019018)Node3:0,cluster_23_130:0.004580788787492488)Node2:0,cluster_25_60:0.005501631456359687)Node1:0,cluster_29_44:0,cluster_42_40:0.009458926587746443)"
  }, 
  "omega": 0.9151179981082156
 }, 
 "150-360": {
  "BranchLength": {
   "NS": 0.007949178386077232, 
   "S": 0.004293550141586196
  }, 
  "Diversity": {
   "NS": 0.04309646601174329, 
   "S": 0.01519373630910943
  }, 
  "Tree": {
   "Combined": "(((((((((((cluster_0_53:0.004847905885255171,cluster_1_1029:0)Node10:0,cluster_2_919:0.07382333461617421)Node9:0,cluster_5_42:0.004914656669072661)Node8:0,cluster_6_69:0.004846655888682748)Node7:0.05189067438271806,cluster_8_71:0.01515958129719035)Node6:0,cluster_9_106:0.01539003546754387)Node5:0,cluster_14_83:0.03077564354381155)Node4:0,cluster_15_36:0.009831850059769708)Node3:0.004975470483059317,cluster_19_50:0.01987614183896976)Node2:0.004833673039825306,cluster_20_87:0.004829381924463811)Node1:0,cluster_23_42:0.03558775103972225,cluster_38_45:0)",