{
 "117-528": {
  "BranchLength": {
   "NS": 0.01025495801430074, 
   "S": 0.002795549565549765
  }, 
  "Diversity": {
   "NS": 0.03919051383602951, 
   "S": 0.01582298137723445
  }, 
  "Tree": {
   "Combined": "((((((((((((((((((((((((((((((cluster_1_171:0.0315017875834343,cluster_2_10:0)Node29:0,cluster_4_679:0.002487436818063394)Node28:0,cluster_12_10:0.002489476128430441)Node27:0,cluster_14_11:0.01875443496853147)Node26:0.00524546028459361,cluster_17_20:0)Node25:0,cluster_18_51:0.05842313365376737)Node24:0,cluster_24_156:0.05773107368843528)Node23:0,cluster_28_12:0.01044397014233734)Node22:0.002642761624323963,cluster_31_63:0.05767147219409836)Node21:0.002584270955148044,cluster_34_14:0.00263250386963991)Node20:0,cluster_46_18:0.01806257857119377)Node19:0,cluster_47_25:0.002495088907255196)Node18:0.01524201824482881,cluster_57_15:0.03133982751724718)Node17:0,cluster_59_11:0.02344960552776081)Node16:0,(cluster_60_27:0.03146730235916106,cluster_67_25:0.009733203266950539)Node45:0.01624873530397511)Node15:0.007567371142034447,cluster_68_14:0.02561566452881682)Node14:0,cluster_69_10:0.02567046815241803)Node13:0,cluster_71_14:0.002556466386805437)Node12:0,(cluster_72_24:0.04757502639278908,cluster_77_20:0.01530254732223291)Node51:0.007826979368729949)Node11:0.002555908477895975,cluster_79_22:0.002552497366956926)Node10:0,cluster_86_53:0.04147853904999554)Node9:0.002647243400403297,cluster_89_17:0.03099518189448858)Node8:0,cluster_111_16:0.01055934709825434)Node7:0,cluster_121_13:0.03082193677678937)Node6:0,cluster_128_24:0.05797597568559126)Node5:0.007471732046562987,cluster_191_11:0.02209444275929177)Node4:0,cluster_198_14:0.01081960148352989)Node3:0,cluster_203_13:0.01545412943814772)Node2:0.01278362521162589,cluster_206_10:0.0153468439919619)Node1:0.02389395217332185,cluster_240_17:0.004548597653480835,cluster_293_12:0.02352277327898246)", 
   "NS": "((((((((((((((((((((((((((((((cluster_1_171:0.01506813428623043,cluster_2_10:0)Node29:0,cluster_4_679:0.002487436818063394)Node28:0,cluster_12_10:0.002489476128430441)Node27:0,cluster_14_11:0.01146404878051543)Node26:0,cluster_17_20:0)Node25:0,cluster_18_51:0.04776716315249222)Node24:0,cluster_24_156:0.05209845661857226)Node23:0,cluster_28_12:0.002717742854458797)Node22:0.002642761624323963,cluster_31_63:0.04915499609644362)Node21:0,cluster_34_14:0)Node20:0,cluster_46_18:0.009967607689672173)Node19:0,cluster_47_25:0.002495088907255196)Node18:0.007305712703825434,cluster_57_15:0.03133982751724718)Node17:0,cluster_59_11:0.02089030342031517)Node16:0,(cluster_60_27:0.02849750739845922,cluster_67_25:0.001898231533107107)Node45:0.01624873530397511)Node15:0.007567371142034447,cluster_68_14:0.02251261898120393)Node14:0,cluster_69_10:0.02567046815241803)Node13:0,cluster_71_14:0)Node12:0,(cluster_72_24:0.04757502639278908,cluster_77_20:0.00447842478613943)Node51:0.007826979368729949)Node11:0,cluster_79_22:0)Node10:0,cluster_86_53:0.03883327314031783)Node9:0.002647243400403297,cluster_89_17:0.02298563838565968)Node8:0,cluster_111_16:0)Node7:0,cluster_121_13:0.02785009563316542)Node6:0,cluster_128_24:0.05516996031266892)Node5:0,cluster_191_11:0.01416784040092739)Node4:0,cluster_198_14:0.005087295207304264)Node3:0,cluster_203_13:0.01235958636037582)Node2:0.002562991484168531,cluster_206_10:0.0153468439919619)Node1:0.02389395217332185,cluster_240_17:0.001980657503589153,cluster_293_12:0.02352277327898246)", 
   "S": "((((((((((((((((((((((((((((((cluster_1_171:0.01643365329720387,cluster_2_10:0)Node29:0,cluster_4_679:0)Node28:0,cluster_12_10:0)Node27:0,cluster_14_11:0.007290386188016043)Node26:0.00524546028459361,cluster_17_20:0)Node25:0,cluster_18_51:0.01065597050127517)Node24:0,cluster_24_156:0.005632617069863041)Node23:0,cluster_28_12:0.007726227287878547)Node22:0,cluster_31_63:0.008516476097654732)Node21:0.002584270955148044,cluster_34_14:0.00263250386963991)Node20:0,cluster_46_18:0.0080949708815216)Node19:0,cluster_47_25:0)Node18:0.007936305541003373,cluster_57_15:0)Node17:0,cluster_59_11:0.002559302107445635)Node16:0,(cluster_60_27:0.002969794960701852,cluster_67_25:0.007834971733843428)Node45:0)Node15:0,cluster_68_14:0.003103045547612881)Node14:0,cluster_69_10:0)Node13:0,cluster_71_14:0.002556466386805437)Node12:0,(cluster_72_24:0,cluster_77_20:0.01082412253609348)Node51:0)Node11:0.002555908477895975,cluster_79_22:0.002552497366956926)Node10:0,cluster_86_53:0.002645265909677715)Node9:0,cluster_89_17:0.008009543508828884)Node8:0,cluster_111_16:0.01055934709825434)Node7:0,cluster_121_13:0.002971841143623954)Node6:0,cluster_128_24:0.002806015372922349)Node5:0.007471732046562987,cluster_191_11:0.007926602358364379)Node4:0,cluster_198_14:0.005732306276225639)Node3:0,cluster_203_13:0.003094543077771902)Node2:0.01022063372745736,cluster_206_10:0)Node1:0,cluster_240_17:0.002567940149891681,cluster_293_12:0)"
  }, 
  "omega": 0.9334421868251637
 }, 
 "120-330": {
  "BranchLength": {
   "NS": 0.0135550686151633, 
   "S": 0.003411377835147244
  }, 
  "Diversity": {
   "NS": 0.03091822850636206, 
   "S": 0.01015513158843356
  }, 
  "Tree": {
   "Combined": "((((((((cluster_0_1075:0.01467014804332644,cluster_1_314:0.009421320370470282)Node7:0,cluster_3_52:0.00950296728582966)Node6:0,cluster_8_400:0.05597152703441227)Node5:0,cluster_14_44:0.004622383767937404)Node4:0.004798360191478866,cluster_15_56:0.04465906142935976)Node3:0,cluster_19_112:0.05519937547862653)Node2:0,cluster_28_140:0.02967348738409497)Node1:0,cluster_32_34:0.01465178667376805,cluster_34_58:0.04525917199597493)", 
   "NS": "((((((((cluster_0_1075:0,cluster_1_314:0.004804736845968943)Node7:0,cluster_3_52:0)Node6:0,cluster_8_400:0.05597152703441227)Node5:0,cluster_14_44:0)Node4:0.004798360191478866,cluster_15_56:0.04012884080640588)Node3:0,cluster_19_112:0.04980004219944015)Node2:0,cluster_28_140:0.02967348738409497)Node1:0,cluster_32_34:0,cluster_34_58:0.04525917199597493)", 
   "S": "((((((((cluster_0_1075:0.01467014804332644,cluster_1_314:0.004616583524501338)Node7:0,cluster_3_52:0.00950296728582966)Node6:0,cluster_8_400:0)Node5:0,cluster_14_44:0.004622383767937404)Node4:0,cluster_15_56:0.004530220622953884)Node3:0,cluster_19_112:0.005399333279186375)Node2:0,cluster_28_140:0)Node1:0,cluster_32_34:0.01465178667376805,cluster_34_58:0)"
  }, 
  "omega": 1.02528051527509
 }, 
 "150-360": {
  "BranchLength": {
   "NS": 0.006161922477060275, 
   "S": 0.004694529914778086
  }, 
  "Diversity": {
   "NS": 0.02192640563886724, 
   "S": 0.01512893902114274
  }, 
  "Tree": {
   "Combined": "(((((((cluster_0_1007:0.005045397437135972,cluster_1_284:0.02537921479630329)Node6:0,cluster_2_43:0)Node5:0,cluster_5_88:0.01026286809231937)Node4:0.00491327803618705,cluster_6_36:0)Node3:0.01473766739009963,cluster_7_357:0.05211761092532469)Node2:0,cluster_15_124:0.03046197182625634)Node1:0.004937036894227567,cluster_20_33:0.01020441571526084,cluster_22_37:0.004787324764460641)", 
   "NS": "(((((((cluster_0_1007:0,cluster_1_284:0.004923784940828774)Node6:0,cluster_2_43:0)Node5:0,cluster_5_88:0)Node4:0,cluster_6_36:0)Node3:0.004925469463494318,cluster_7_357:0.05211761092532469)Node2:0,cluster_15_124:0.03046197182625634)Node1:0,cluster_20_33:0,cluster_22_37:0)", 
   "S": "(((((((cluster_0_1007:0.005045397437135972,cluster_1_284:0.02045542985547453)Node6:0,cluster_2_43:0)Node5:0,cluster_5_88:0.01026286809231937)Node4:0.00491327803618705,cluster_6_36:0)Node3:0.009812197926605312,cluster_7_357:0)Node2:0,cluster_15_124:0)Node1:0.004937036894227567,cluster_20_33:0.01020441571526084,cluster_22_37:0.004787324764460641)"
  }, 
  "omega": 0.3382390556515783
 }, 
 "180-390": {
  "BranchLength": {
   "NS": 0.007051247706065673, 
   "S": 0.00388630062784241
  }, 
  "Diversity": {
   "NS": 0.02157114568220365, 
   "S": 0.01097919330380742
  },