{
 "117-528": {
  "BranchLength": {
   "NS": 0.007146464898099417, 
   "S": 0.003156333619805739
  }, 
  "Diversity": {
   "NS": 0.03421457352072934, 
   "S": 0.00932546209149776
  }, 
  "Tree": {
   "Combined": "((((((((((((((((((((((((((((((((((((((((cluster_0_1179:0.007457179425382727,cluster_3_286:0.002542134844989144)Node39:0,cluster_4_37:0.03884713248631019)Node38:0,cluster_5_12:0.005054987206805461)Node37:0.007747836015834249,cluster_6_247:0.004955596733180666)Node36:0,cluster_10_36:0.01272476535176332)Node35:0,cluster_11_28:0.00758790975526704)Node34:0,cluster_19_78:0.002503845660055862)Node33:0.0207842004160259,cluster_22_24:0.005102789469439008)Node32:0,cluster_27_64:0)Node31:0,cluster_28_17:0.007511146290573462)Node30:0,cluster_31_29:0.03344947720889285)Node29:0.002587242914262618,cluster_34_16:0)Node28:0.002484467848312288,cluster_35_51:0.07518278964390905)Node27:0.005296326501678775,cluster_37_12:0)Node26:0.01285638119229997,cluster_39_32:0.007554833067941059)Node25:0,cluster_44_28:0.007558758422289472)Node24:0,cluster_48_17:0.01274602834886712)Node23:0,cluster_51_70:0.01008416787921811)Node22:0,cluster_52_113:0.005048980159809042)Node21:0.005136245610085383,cluster_57_11:0.0834994891662962)Node20:0,cluster_59_22:0.007502724859953664)Node19:0,cluster_60_11:0.005053655633529555)Node18:0,cluster_66_24:0.04463782303565198)Node17:0,cluster_69_18:0.002509872808596763)Node16:0,(cluster_70_16:0.005025233675753397,cluster_72_14:0.005048541362100249)Node65:0)Node15:0,cluster_78_11:0.04427991566778355)Node14:0,cluster_97_57:0.07953948456179623)Node13:0,cluster_110_31:0.00510801326730088)Node12:0,(cluster_112_23:0.00250844217051351,cluster_125_18:0.01259004820137312)Node71:0)Node11:0,cluster_137_38:0.005044231214448539)Node10:0,cluster_138_19:0.005036808207296138)Node9:0.00750280926145403,cluster_139_11:0.02824007319130202)Node8:0,cluster_154_11:0.007585617393495545)Node7:0,cluster_156_11:0.005055924538574385)Node6:0,cluster_162_11:0.03910049483862971)Node5:0.009848398726516501,cluster_178_13:0.07993182970710959)Node4:0,cluster_296_12:0.002506978960584634)Node3:0,cluster_299_11:0.002566891230427946)Node2:0,cluster_384_13:0.07818605806530667)Node1:0,cluster_530_12:0.002510628734906448,cluster_606_15:0.002512663088044068)", 
   "NS": "((((((((((((((((((((((((((((((((((((((((cluster_0_1179:0.007457179425382727,cluster_3_286:0)Node39:0,cluster_4_37:0.02548925244506055)Node38:0,cluster_5_12:0.005054987206805461)Node37:0.007747836015834249,cluster_6_247:0.004955596733180666)Node36:0,cluster_10_36:0.007517842895209483)Node35:0,cluster_11_28:0.006838969141560548)Node34:0,cluster_19_78:0.002503845660055862)Node33:0.01567168588102906,cluster_22_24:0.002497227663833184)Node32:0,cluster_27_64:0)Node31:0,cluster_28_17:0.007511146290573462)Node30:0,cluster_31_29:0.0269548099757864)Node29:0.002587242914262618,cluster_34_16:0)Node28:0.002484467848312288,cluster_35_51:0.04385197665675886)Node27:0.005296326501678775,cluster_37_12:0)Node26:0.007795553516518213,cluster_39_32:0.007554833067941059)Node25:0,cluster_44_28:0.007558758422289472)Node24:0,cluster_48_17:0.005462295987612407)Node23:0,cluster_51_70:0.01008416787921811)Node22:0,cluster_52_113:0.003411062849519461)Node21:0.005136245610085383,cluster_57_11:0.05021067382385108)Node20:0,cluster_59_22:0.00673702842883338)Node19:0,cluster_60_11:0.005053655633529555)Node18:0,cluster_66_24:0.03340958039289708)Node17:0,cluster_69_18:0.002509872808596763)Node16:0,(cluster_70_16:0.002508364016490777,cluster_72_14:0.005048541362100249)Node65:0)Node15:0,cluster_78_11:0.03324573392535007)Node14:0,cluster_97_57:0.04779619324064281)Node13:0,cluster_110_31:0.00510801326730088)Node12:0,(cluster_112_23:0.00250844217051351,cluster_125_18:0.01259004820137312)Node71:0)Node11:0,cluster_137_38:0.003399758025856908)Node10:0,cluster_138_19:0)Node9:0.00750280926145403,cluster_139_11:0.01767457672567495)Node8:0,cluster_154_11:0.007585617393495545)Node7:0,cluster_156_11:0.00341554193200582)Node6:0,cluster_162_11:0.02843853776637256)Node5:0.009848398726516501,cluster_178_13:0.04805972272701659)Node4:0,cluster_296_12:0.002506978960584634)Node3:0,cluster_299_11:0)Node2:0,cluster_384_13:0.0458448251365346)Node1:0,cluster_530_12:0.002510628734906448,cluster_606_15:0.002512663088044068)", 
   "S": "((((((((((((((((((((((((((((((((((((((((cluster_0_1179:0,cluster_3_286:0.002542134844989144)Node39:0,cluster_4_37:0.01335788004124965)Node38:0,cluster_5_12:0)Node37:0,cluster_6_247:0)Node36:0,cluster_10_36:0.005206922456553828)Node35:0,cluster_11_28:0.0007489406137064909)Node34:0,cluster_19_78:0)Node33:0.005112514534996845,cluster_22_24:0.002605561805605823)Node32:0,cluster_27_64:0)Node31:0,cluster_28_17:0)Node30:0,cluster_31_29:0.006494667233106433)Node29:0,cluster_34_16:0)Node28:0,cluster_35_51:0.03133081298715021)Node27:0,cluster_37_12:0)Node26:0.005060827675781756,cluster_39_32:0)Node25:0,cluster_44_28:0)Node24:0,cluster_48_17:0.00728373236125471)Node23:0,cluster_51_70:0)Node22:0,cluster_52_113:0.00163791731028958)Node21:0,cluster_57_11:0.03328881534244512)Node20:0,cluster_59_22:0.0007656964311202852)Node19:0,cluster_60_11:0)Node18:0,cluster_66_24:0.01122824264275487)Node17:0,cluster_69_18:0)Node16:0,(cluster_70_16:0.002516869659262621,cluster_72_14:0)Node65:0)Node15:0,cluster_78_11:0.0110341817424335)Node14:0,cluster_97_57:0.03174329132115338)Node13:0,cluster_110_31:0)Node12:0,(cluster_112_23:0,cluster_125_18:0)Node71:0)Node11:0,cluster_137_38:0.00164447318859163)Node10:0,cluster_138_19:0.005036808207296138)Node9:0,cluster_139_11:0.01056549646562707)Node8:0,cluster_154_11:0)Node7:0,cluster_156_11:0.001640382606568568)Node6:0,cluster_162_11:0.01066195707225716)Node5:0,cluster_178_13:0.03187210698009298)Node4:0,cluster_296_12:0)Node3:0,cluster_299_11:0.002566891230427946)Node2:0,cluster_384_13:0.03234123292877206)Node1:0,cluster_530_12:0,cluster_606_15:0)"
  }, 
  "omega": 0.6237844058171921
 }, 
 "120-330": {
  "BranchLength": {
   "NS": 0.008002194101042555, 
   "S": 0.002450538803799392
  }, 
  "Diversity": {
   "NS": 0.01864777879839561, 
   "S": 0.00322263367414812
  }, 
  "Tree": {
   "Combined": "(((((((((((cluster_0_1837:0.00470978838484032,cluster_2_335:0.01449341745568068)Node10:0.004869030410607842,cluster_3_341:0)Node9:0.004774082827304098,cluster_4_101:0.004769835177855203)Node8:0,cluster_5_35:0)Node7:0,cluster_6_128:0.01460426640362152)Node6:0,cluster_9_101:0.07461674827159442)Node5:0,cluster_12_52:0.01944615261767811)Node4:0,cluster_17_93:0.06464260170850694)Node3:0.004769559487481597,cluster_26_61:0.004729810386638762)Node2:0.004792025627494469,cluster_42_75:0)Node1:0.00952144663042828,cluster_46_43:0.009674091421632516,cluster_130_167:0)", 
   "NS": "(((((((((((cluster_0_1837:0.00470978838484032,cluster_2_335:0.01449341745568068)Node10:0.004869030410607842,cluster_3_341:0)Node9:0.004774082827304098,cluster_4_101:0.004769835177855203)Node8:0,cluster_5_35:0)Node7:0,cluster_6_128:0.01460426640362152)Node6:0,cluster_9_101:0.05041241304715727)Node5:0,cluster_12_52:0.01944615261767811)Node4:0,cluster_17_93:0.03995539770078869)Node3:0.004769559487481597,cluster_26_61:0)Node2:0.004792025627494469,cluster_42_75:0)Node1:0.006780403761836406,cluster_46_43:0.009674091421632516,cluster_130_167:0)", 
   "S": "(((((((((((cluster_0_1837:0,cluster_2_335:0)Node10:0,cluster_3_341:0)Node9:0,cluster_4_101:0)Node8:0,cluster_5_35:0)Node7:0,cluster_6_128:0)Node6:0,cluster_9_101:0.02420433522443713)Node5:0,cluster_12_52:0)Node4:0,cluster_17_93:0.02468720400771825)Node3:0,cluster_26_61:0.004729810386638762)Node2:0,cluster_42_75:0)Node1:0.002741042868591877,cluster_46_43:0,cluster_130_167:0)"
  }, 
  "omega": 1.005793731147858
 }, 
 "150-360": {
  "BranchLength": {
   "NS": 0.01164344473451855, 
   "S": 0.003652191301409485
  }, 
  "Diversity": {
   "NS": 0.01572706832207517, 
   "S": 0.004012200047779975
  },