{
 "117-528": {
  "BranchLength": {
   "NS": 0.004462412638802435, 
   "S": 0.002690652043670388
  }, 
  "Diversity": {
   "NS": 0.005084796304779919, 
   "S": 0.006940537144031051
  }, 
  "Tree": {
   "Combined": "(((((((((((((((((((((((((((((((cluster_0_29:0.002583276062013206,cluster_2_1390:0)Node30:0.002597401921903138,cluster_5_50:0.03132173738013302)Node29:0,cluster_7_21:0.03953080078391746)Node28:0,cluster_12_90:0.002637806072180107)Node27:0,cluster_18_1122:0)Node26:0.002641873265145261,cluster_22_17:0.02309665291646435)Node25:0,cluster_25_68:0.002600043129734509)Node24:0,cluster_28_184:0.005206394967885423)Node23:0,cluster_30_15:0.01016694770337684)Node22:0,cluster_38_40:0.02058116009218744)Node21:0.002639078953734869,cluster_39_75:0.02324644270742204)Node20:0,cluster_46_19:0.002606170631263651)Node19:0,cluster_53_237:0.005203709712798469)Node18:0,cluster_55_151:0.00260250356673821)Node17:0,cluster_59_16:0.002606169305890767)Node16:0,(cluster_62_15:0.005102379653177456,cluster_63_29:0.02311579718561208)Node47:0)Node15:0,cluster_67_33:0.03109434483923993)Node14:0.007172339889535953,cluster_71_19:0.007923250724164844)Node13:0,cluster_75_16:0.02066540451547416)Node12:0,(cluster_91_16:0.0103398727863813,cluster_96_16:0.005113597641022425)Node53:0)Node11:0,cluster_98_24:0.04229989229093525)Node10:0.0005199956769023731,cluster_100_17:0.01018490648678024)Node9:0.001222794490831491,cluster_108_19:0.005940795461703861)Node8:0,cluster_120_17:0.02605979911234653)Node7:0,cluster_138_26:0.007672896557684519)Node6:0,cluster_143_23:0.005266397226934527)Node5:0,cluster_162_18:0.007718661358918375)Node4:0,cluster_168_23:0.02510899565639176)Node3:0,cluster_171_18:0.02862450662629367)Node2:0.002806129231656195,cluster_221_17:0.01017952520313009)Node1:0,cluster_244_16:0.005687276327070989,cluster_396_20:0.007567605610702423)", 
   "NS": "(((((((((((((((((((((((((((((((cluster_0_29:0,cluster_2_1390:0)Node30:0,cluster_5_50:0.02056225777331722)Node29:0,cluster_7_21:0.0281697765852748)Node28:0,cluster_12_90:0)Node27:0,cluster_18_1122:0)Node26:0,cluster_22_17:0.02204594244364683)Node25:0,cluster_25_68:0)Node24:0,cluster_28_184:0)Node23:0,cluster_30_15:0.00758849543078752)Node22:0,cluster_38_40:0.01507455734028976)Node21:0,cluster_39_75:0.01357300499116241)Node20:0,cluster_46_19:0)Node19:0,cluster_53_237:0)Node18:0,cluster_55_151:0)Node17:0,cluster_59_16:0)Node16:0,(cluster_62_15:0.00250322219213075,cluster_63_29:0.02200284225883111)Node47:0)Node15:0,cluster_67_33:0.02268393608476368)Node14:0.007172339889535953,cluster_71_19:0)Node13:0,cluster_75_16:0.01506226497507802)Node12:0,(cluster_91_16:0.005369260116236626,cluster_96_16:0.002505298791008799)Node53:0)Node11:0,cluster_98_24:0.02793816867785659)Node10:0.0005199956769023731,cluster_100_17:0.007581570721903251)Node9:0,cluster_108_19:0)Node8:0,cluster_120_17:0.01465405775548551)Node7:0,cluster_138_26:0.005780234968900758)Node6:0,cluster_143_23:0)Node5:0,cluster_162_18:0.002506975621060218)Node4:0,cluster_168_23:0.02029092123738173)Node3:0,cluster_171_18:0.02020871578321476)Node2:0,cluster_221_17:0.00762020187429208)Node1:0,cluster_244_16:0,cluster_396_20:0.007567605610702423)", 
   "S": "(((((((((((((((((((((((((((((((cluster_0_29:0.002583276062013206,cluster_2_1390:0)Node30:0.002597401921903138,cluster_5_50:0.01075947960681581)Node29:0,cluster_7_21:0.01136102419864265)Node28:0,cluster_12_90:0.002637806072180107)Node27:0,cluster_18_1122:0)Node26:0.002641873265145261,cluster_22_17:0.001050710472817538)Node25:0,cluster_25_68:0.002600043129734509)Node24:0,cluster_28_184:0.005206394967885423)Node23:0,cluster_30_15:0.002578452272589322)Node22:0,cluster_38_40:0.005506602751897685)Node21:0.002639078953734869,cluster_39_75:0.009673437716259638)Node20:0,cluster_46_19:0.002606170631263651)Node19:0,cluster_53_237:0.005203709712798469)Node18:0,cluster_55_151:0.00260250356673821)Node17:0,cluster_59_16:0.002606169305890767)Node16:0,(cluster_62_15:0.002599157461046707,cluster_63_29:0.001112954926780959)Node47:0)Node15:0,cluster_67_33:0.008410408754476224)Node14:0,cluster_71_19:0.007923250724164844)Node13:0,cluster_75_16:0.005603139540396145)Node12:0,(cluster_91_16:0.004970612670144669,cluster_96_16:0.002608298850013625)Node53:0)Node11:0,cluster_98_24:0.01436172361307863)Node10:0,cluster_100_17:0.002603335764876989)Node9:0.001222794490831491,cluster_108_19:0.005940795461703861)Node8:0,cluster_120_17:0.01140574135686101)Node7:0,cluster_138_26:0.001892661588783762)Node6:0,cluster_143_23:0.005266397226934527)Node5:0,cluster_162_18:0.005211685737858161)Node4:0,cluster_168_23:0.004818074419010021)Node3:0,cluster_171_18:0.008415790843078906)Node2:0.002806129231656195,cluster_221_17:0.002559323328838006)Node1:0,cluster_244_16:0.005687276327070989,cluster_396_20:0)"
  }, 
  "omega": 0.3869735548720084
 }, 
 "120-330": {
  "BranchLength": {
   "NS": 0.001770063949094638, 
   "S": 0.001662579360171485
  }, 
  "Diversity": {
   "NS": 0.00028253251436378, 
   "S": 0.000814995092643286
  }, 
  "Tree": {
   "Combined": "(((((cluster_0_4850:0,cluster_3_45:0.009399444519768155)Node4:0,cluster_4_76:0.004513339337147279)Node3:0,cluster_5_332:0.004749255051720912)Node2:0,cluster_8_42:0.004512487771023989)Node1:0,cluster_10_42:0.008453429331641666,cluster_12_32:0.006131120390625354)", 
   "NS": "(((((cluster_0_4850:0,cluster_3_45:0.004886153717774)Node4:0,cluster_4_76:0)Node3:0,cluster_5_332:0)Node2:0,cluster_8_42:0)Node1:0,cluster_10_42:0.008453429331641666,cluster_12_32:0.006131120390625354)", 
   "S": "(((((cluster_0_4850:0,cluster_3_45:0.004513290801994152)Node4:0,cluster_4_76:0.004513339337147279)Node3:0,cluster_5_332:0.004749255051720912)Node2:0,cluster_8_42:0.004512487771023989)Node1:0,cluster_10_42:0,cluster_12_32:0)"
  }, 
  "omega": 0.1556373038453933
 }, 
 "150-360": {
  "BranchLength": {
   "NS": 0.0007267522261733326, 
   "S": 0.00200151939315629
  }, 
  "Diversity": {
   "NS": 8.058161865365645e-05, 
   "S": 0.0007600488441098484
  }, 
  "Tree": {
   "Combined": "(((cluster_0_4893:0,cluster_1_78:0.00458601481385477)Node2:0,cluster_2_331:0.00483860601385917)Node1:0,cluster_4_42:0.004586014924380094,cluster_7_43:0.005087265583213328)", 
   "NS": "(((cluster_0_4893:0,cluster_1_78:0)Node2:0,cluster_2_331:0)Node1:0,cluster_4_42:0,cluster_7_43:0.005087265583213328)", 
   "S": "(((cluster_0_4893:0,cluster_1_78:0.00458601481385477)Node2:0,cluster_2_331:0.00483860601385917)Node1:0,cluster_4_42:0.004586014924380094,cluster_7_43:0)"
  }, 
  "omega": 0.0957548477708671
 }, 
 "180-390": {
  "BranchLength": {
   "NS": 0.0005564937073613293, 
   "S": 0.0021206190751958
  }, 
  "Diversity": {
   "NS": 8.20532354944765e-05, 
   "S": 0.0008726309196791253
  }, 
  "Tree": {
   "Combined": "((((cluster_0_76:0.004807185831102023,cluster_1_4675:0)Node3:0,cluster_3_69:0.004681734123028463)Node2:0,cluster_4_305:0.004915813773853865)Node1:0,cluster_10_39:0.004680837948777851,cluster_13_43:0.005008443366251963)", 
   "NS": "((((cluster_0_76:0,cluster_1_4675:0)Node3:0,cluster_3_69:0)Node2:0,cluster_4_305:0)Node1:0,cluster_10_39:0,cluster_13_43:0.005008443366251963)", 
   "S": "((((cluster_0_76:0.004807185831102023,cluster_1_4675:0)Node3:0,cluster_3_69:0.004681734123028463)Node2:0,cluster_4_305:0.004915813773853865)Node1:0,cluster_10_39:0.004680837948777851,cluster_13_43:0)"
  }, 
  "omega": 0.06896504072076116
 }, 
 "210-420": {
  "BranchLength": {
   "NS": 0.0005517941247988347, 
   "S": 0.002204829197252083
  }, 
  "Diversity": {
   "NS": 8.038721289974044e-05, 
   "S": 0.0009191441119150977
  }, 
  "Tree": {
   "Combined": "((((cluster_0_76:0.005010736665825658,cluster_1_4620:0)Node3:0,cluster_3_70:0.004821438893011493)Node2:0,cluster_5_301:0.005189412595582816)Node1:0,cluster_12_39:0.004821874620848785,cluster_16_42:0.004966147123189512)", 
   "NS": "((((cluster_0_76:0,cluster_1_4620:0)Node3:0,cluster_3_70:0)Node2:0,cluster_5_301:0)Node1:0,cluster_12_39:0,cluster_16_42:0.004966147123189512)",