{
 "117-528": {
  "BranchLength": {
   "NS": 0.01985001800982111, 
   "S": 0.008387735327071445
  }, 
  "Diversity": {
   "NS": 0.08421863688336982, 
   "S": 0.05408683781619347
  }, 
  "Tree": {
   "Combined": "(((((((((((((((((((((((((((((((((((((((((((((((((cluster_0_212:0.0226781820198299,cluster_1_63:0.09714461752722531)Node48:0,cluster_4_167:0.01153200640881789)Node47:0.09544453462122147,cluster_8_2507:0.01532450994761901)Node46:0,cluster_9_1305:0.106924716162122)Node45:0,cluster_10_1879:0.03207324078115405)Node44:0,cluster_14_159:0.01818349586908039)Node43:0,cluster_25_77:0.02330880769551249)Node42:0,(cluster_28_139:0.09579662740110005,cluster_31_511:0.02012713557886048)Node57:0.005119057087690717)Node41:0,cluster_33_238:0.01545278813158907)Node40:0,cluster_34_236:0.01484329741445622)Node39:0.02136562646936703,cluster_38_273:0.08446468766148053)Node38:0,cluster_40_158:0.0764341459675852)Node37:0,cluster_43_300:0.04033374088316272)Node36:0,cluster_45_69:0.09205109239520587)Node35:0,cluster_51_196:0.03400829540833823)Node34:0.002291677031741077,cluster_52_195:0.04653904984089136)Node33:0.00283268394363277,cluster_54_58:0.07221550734111422)Node32:0,cluster_55_138:0.08424741454876246)Node31:0,cluster_57_77:0.0499438523450347)Node30:0,cluster_61_211:0.07207856030646398)Node29:0,cluster_68_63:0.03634192813949341)Node28:0,cluster_79_198:0.08622658613740451)Node27:0.02158237209088422,cluster_80_112:0.01779595375607058)Node26:0,cluster_85_71:0.0184336207875797)Node25:0.009827437351146077,cluster_92_359:0.01058976290516447)Node24:0.00257482892992362,cluster_100_95:0.01555095936856147)Node23:0.02023076861829473,cluster_102_148:0.09475997970167827)Node22:0,cluster_121_61:0.07658671556227914)Node21:0,cluster_123_140:0.0376434311489616)Node20:0,cluster_125_73:0.09682303826923248)Node19:0.01587149963395741,cluster_126_61:0.0129915228546094)Node18:0,cluster_127_77:0.03934943000909612)Node17:0,cluster_135_71:0.109203812575297)Node16:0,(cluster_139_76:0.01305620755741614,cluster_144_84:0.1160526518179576)Node85:0)Node15:0,cluster_149_72:0.01571644874970169)Node14:0,cluster_164_128:0.03657579218333126)Node13:0,cluster_175_58:0.02098184783435245)Node12:0,(cluster_177_62:0.01311948610135768,cluster_181_71:0.1125311359161066)Node91:0)Node11:0,cluster_189_80:0.1254408692758145)Node10:0.002649889963486637,cluster_190_68:0.02069244514387039)Node9:0.004751739197598426,cluster_221_77:0.01348606008591536)Node8:0.1030195342615075,cluster_237_127:0.006091307273610827)Node7:0,cluster_250_67:0.01137173148914158)Node6:0.01318495443756178,cluster_289_60:0.002517982956940641)Node5:0,cluster_333_67:0.1064837869830748)Node4:0,cluster_372_68:0.008236429450559623)Node3:0.09378699195615341,cluster_409_102:0.02519558906890924)Node2:0.01085639763112301,cluster_454_66:0.007953175965969663)Node1:0.002589437649783775,cluster_488_58:0.09802269747604626,cluster_656_89:0.005456511317734335)", 
   "NS": "(((((((((((((((((((((((((((((((((((((((((((((((((cluster_0_212:0.01462040932108312,cluster_1_63:0.07140009733357244)Node48:0,cluster_4_167:0.01153200640881789)Node47:0.0686124576931839,cluster_8_2507:0.01532450994761901)Node46:0,cluster_9_1305:0.0804226762471304)Node45:0,cluster_10_1879:0.01673355395546448)Node44:0,cluster_14_159:0.01559630575867013)Node43:0,cluster_25_77:0.01789006013044598)Node42:0,(cluster_28_139:0.07633085019083095,cluster_31_511:0.01461991460560671)Node57:0.005119057087690717)Node41:0,cluster_33_238:0.01290731777341255)Node40:0,cluster_34_236:0.009583060499309883)Node39:0.00539265030406487,cluster_38_273:0.07378821029839631)Node38:0,cluster_40_158:0.0694713650725705)Node37:0,cluster_43_300:0.01076797990861616)Node36:0,cluster_45_69:0.07604741787157933)Node35:0,cluster_51_196:0.01509146178302016)Node34:0,cluster_52_195:0.01857559901595669)Node33:0,cluster_54_58:0.06241841192188982)Node32:0,cluster_55_138:0.0746439880083908)Node31:0,cluster_57_77:0.01317927802568193)Node30:0,cluster_61_211:0.06914320210293604)Node29:0,cluster_68_63:0.008058205859006283)Node28:0,cluster_79_198:0.07347183459161503)Node27:0.002676665335520965,cluster_80_112:0.01512572884088732)Node26:0,cluster_85_71:0.01315144812115483)Node25:0.009827437351146077,cluster_92_359:0)Node24:0,cluster_100_95:0.01555095936856147)Node23:0.007429457841473609,cluster_102_148:0.07938036402178475)Node22:0,cluster_121_61:0.06607758970732595)Node21:0,cluster_123_140:0.01049677048630077)Node20:0,cluster_125_73:0.07081098501383733)Node19:0,cluster_126_61:0.005626682512522001)Node18:0,cluster_127_77:0.03934943000909612)Node17:0,cluster_135_71:0.07582515021704035)Node16:0,(cluster_139_76:0.005227475074051615,cluster_144_84:0.07507186665713303)Node85:0)Node15:0,cluster_149_72:0.005506712564235502)Node14:0,cluster_164_128:0.0322101478673037)Node13:0,cluster_175_58:0.008118123075917588)Node12:0,(cluster_177_62:0.002757812070456896,cluster_181_71:0.0754128576602555)Node91:0)Node11:0,cluster_189_80:0.08095627037350601)Node10:0.002649889963486637,cluster_190_68:0.02069244514387039)Node9:0.004751739197598426,cluster_221_77:0.008110684348674584)Node8:0.0676598652305529,cluster_237_127:0.003314123834461741)Node7:0,cluster_250_67:0.009914786715794335)Node6:0.004297213065685856,cluster_289_60:0.002517982956940641)Node5:0,cluster_333_67:0.07989352853351928)Node4:0,cluster_372_68:0)Node3:0.06811290914847748,cluster_409_102:0.02519558906890924)Node2:0.01059767810687112,cluster_454_66:0.007953175965969663)Node1:0,cluster_488_58:0.06846766815611287,cluster_656_89:0.002790795708218283)",