{
 "150-360": {
  "BranchLength": {
   "NS": 0, 
   "S": 0
  }, 
  "Diversity": {
   "NS": 0, 
   "S": 0
  }, 
  "Tree": "", 
  "omega": 0
 }, 
 "180-390": {
  "BranchLength": {
   "NS": 0.001409046479623514, 
   "S": 0.003734342769010675
  }, 
  "Diversity": {
   "NS": 0.003830308810433875, 
   "S": 0.00818270661063167
  }, 
  "Tree": {
   "Combined": "(((((((((((cluster_1_1348:0,cluster_2_271:0.02208362676369795)Node10:0,cluster_4_798:0.005651289382142666)Node9:0,cluster_5_93:0.00568917094081552)Node8:0.004625115889069751,cluster_9_187:0.0113474962624539)Node7:0,cluster_10_89:0.01605283499157541)Node6:0,cluster_12_62:0.004618367922372769)Node5:0,cluster_16_385:0)Node4:0,cluster_18_137:0.005688346351100879)Node3:0.004625816343949274,cluster_21_54:0.004625084864592433)Node2:0,cluster_29_88:0.005623145424472793)Node1:0.01745806819945573,cluster_30_87:0,cluster_34_33:0.01020958938288727)", 
   "NS": "(((((((((((cluster_1_1348:0,cluster_2_271:0.004628931764491879)Node10:0,cluster_4_798:0)Node9:0,cluster_5_93:0)Node8:0.004625115889069751,cluster_9_187:0)Node7:0,cluster_10_89:0.004641064413711813)Node6:0,cluster_12_62:0.004618367922372769)Node5:0,cluster_16_385:0)Node4:0,cluster_18_137:0)Node3:0.004625816343949274,cluster_21_54:0.004625084864592433)Node2:0,cluster_29_88:0)Node1:0,cluster_30_87:0,cluster_34_33:0.004643687833152913)", 
   "S": "(((((((((((cluster_1_1348:0,cluster_2_271:0.01745469499920607)Node10:0,cluster_4_798:0.005651289382142666)Node9:0,cluster_5_93:0.00568917094081552)Node8:0,cluster_9_187:0.0113474962624539)Node7:0,cluster_10_89:0.01141177057786359)Node6:0,cluster_12_62:0)Node5:0,cluster_16_385:0)Node4:0,cluster_18_137:0.005688346351100879)Node3:0,cluster_21_54:0)Node2:0,cluster_29_88:0.005623145424472793)Node1:0.01745806819945573,cluster_30_87:0,cluster_34_33:0.005565901549734364)"
  }, 
  "omega": 0.1706889226529151
 }, 
 "180-657": {
  "BranchLength": {
   "NS": 0.0008978764997572948, 
   "S": 0.004301911666024437
  }, 
  "Diversity": {
   "NS": 0.005327437627278568, 
   "S": 0.02597311355433379
  }, 
  "Tree": {
   "Combined": "(((((((((((((((((((((((((((((((((((((((((((((((((((((((((((((((cluster_1_430:0,cluster_2_27:0.01138474361038375)Node62:0,cluster_3_13:0.01863325335160667)Node61:0,cluster_4_235:0.009319102246100644)Node60:0,cluster_5_142:0.02120822624660905)Node59:0,cluster_6_10:0.01486046215338828)Node58:0,cluster_7_27:0.004609712182886375)Node57:0,cluster_9_37:0.006664630230737201)Node56:0.01000705999026094,cluster_10_211:0.006050139024308405)Node55:0,cluster_11_160:0.012821063665557)Node54:0.0006134490252646303,cluster_12_42:0.0143639766062803)Node53:0,cluster_13_126:0.01175323701219098)Node52:0,cluster_15_36:0.00413623787377816)Node51:0.0007134069658686184,cluster_17_32:0.008294304036201626)Node50:0,cluster_18_17:0.02785463796138124)Node49:7.472836390258778e-05,cluster_19_25:0.01318709971718878)Node48:0.001275386335886195,cluster_22_32:0.002074190295381176)Node47:0.004650957595480732,cluster_23_143:0.004641358929988561)Node46:0,cluster_25_175:0.01127844946179639)Node45:0,cluster_27_16:0.004643116279051149)Node44:0,cluster_28_10:0.004646897269160312)Node43:0,cluster_31_13:0.01203851721940102)Node42:0,(cluster_32_17:0,cluster_34_43:0.01140062057819384)Node85:0.002313289081930536)Node41:0.002060293163901552,cluster_35_60:0.009400520279854203)Node40:0,cluster_37_13:0.01404234364995819)Node39:0,cluster_38_71:0.007016412909420149)Node38:0,cluster_39_10:0.01316171642753281)Node37:0,cluster_40_10:0.01433216881879258)Node36:0.002060610754669447,cluster_41_46:0.009498445099382989)Node35:0,cluster_42_11:0.01344008028779202)Node34:0,cluster_45_33:0.01112992847875643)Node33:0,cluster_46_46:0.004707725547158485)Node32:0,cluster_56_19:0.009401505932753946)Node31:0,cluster_57_18:0.00438889733175632)Node30:0,cluster_59_13:0.00843220639683138)Node29:0,cluster_60_10:0.009372427417302385)Node28:0.007098348745844048,cluster_66_46:0.004759882696834856)Node27:0.002415648375903576,cluster_71_12:0.01095475014008519)Node26:0,cluster_73_14:0.01890525300717196)Node25:0,cluster_74_11:0.003816324019791623)Node24:0,cluster_75_10:0.03075316241754618)Node23:0,cluster_77_10:0.003808367980962919)Node22:0,cluster_78_38:0.01332911507802952)Node21:0.007117737192333156,cluster_80_29:0.004419518955889675)Node20:0,cluster_82_12:0.009310547329757021)Node19:0.002368501418506689,cluster_88_10:0.02280792205209704)Node18:0,cluster_101_15:0.011622060921889)Node17:0,cluster_102_12:0.01181031624026456)Node16:0,(cluster_105_13:0.009301123764495161,cluster_109_11:0.01903609019388374)Node113:0)Node15:0,cluster_113_17:0.004379942500126198)Node14:0.002212333890051004,cluster_129_16:0.007111030220449842)Node13:0,cluster_138_17:0.006785438035864442)Node12:0,(cluster_151_11:0.004596534153228493,cluster_154_11:0.002059492124559718)Node119:0.009144006380119467)Node11:0.002170962420230041,cluster_159_16:0.004750236634300859)Node10:0.00473691239414136,cluster_163_15:0.002302986593209112)Node9:0,cluster_167_15:0.002322789934456697)Node8:0,cluster_176_10:0.00671162177419151)Node7:0.001865312070903198,cluster_190_14:0.005094252013132359)Node6:0,cluster_202_13:0.01167876637606695)Node5:0.002346143021364295,cluster_213_11:0.006900027139078631)Node4:0.001866642297098575,cluster_215_10:0)Node3:0.002304875871036601,cluster_217_14:0.004646519956394942)Node2:0,cluster_224_11:0.002333982510668919)Node1:0.002305621303637832,cluster_236_11:0,cluster_314_10:0.009353190097345213)", 
   "NS": "(((((((((((((((((((((((((((((((((((((((((((((((((((((((((((((((cluster_1_430:0,cluster_2_27:0.002061992500187211)Node62:0,cluster_3_13:0.002064665912818423)Node61:0,cluster_4_235:0)Node60:0,cluster_5_142:0.002064070884115464)Node59:0,cluster_6_10:0.002217676780215479)Node58:0,cluster_7_27:0)Node57:0,cluster_9_37:0.002062965353862709)Node56:0,cluster_10_211:0.002064777519360809)Node55:0,cluster_11_160:0.004142456812656325)Node54:0,cluster_12_42:0)Node53:0,cluster_13_126:0)Node52:0,cluster_15_36:0.00413623787377816)Node51:0.0007134069658686184,cluster_17_32:0.003741608463244056)Node50:0,cluster_18_17:0.003808521984520657)Node49:7.472836390258778e-05,cluster_19_25:0.003813383587363568)Node48:0.001275386335886195,cluster_22_32:0.002074190295381176)Node47:0,cluster_23_143:0)Node46:0,cluster_25_175:0.004189933659219791)Node45:0,cluster_27_16:0)Node44:0,cluster_28_10:0)Node43:0,cluster_31_13:0)Node42:0,(cluster_32_17:0,cluster_34_43:0.002062204177682291)Node85:0)Node41:0.002060293163901552,cluster_35_60:0)Node40:0,cluster_37_13:0)Node39:0,cluster_38_71:0)Node38:0,cluster_39_10:0.003813541925356875)Node37:0,cluster_40_10:0)Node36:0.002060610754669447,cluster_41_46:0)Node35:0,cluster_42_11:0.003853834347377157)Node34:0,cluster_45_33:0.004137636627551978)Node33:0,cluster_46_46:0)Node32:0,cluster_56_19:0)Node31:0,cluster_57_18:0.002070280489960874)Node30:0,cluster_59_13:0.003808447472045465)Node29:0,cluster_60_10:0)Node28:0,cluster_66_46:0)Node27:0,cluster_71_12:0.004139912438864663)Node26:0,cluster_73_14:0.002072361987749063)Node25:0,cluster_74_11:0.003816324019791623)Node24:0,cluster_75_10:0.003044739015825255)Node23:0,cluster_77_10:0.003808367980962919)Node22:0,cluster_78_38:0.004138552930415559)Node21:0,cluster_80_29:0)Node20:0,cluster_82_12:0)Node19:0,cluster_88_10:0.003817963730949842)Node18:0,cluster_101_15:0.011622060921889)Node17:0,cluster_102_12:0)Node16:0,(cluster_105_13:0,cluster_109_11:0)Node113:0)Node15:0,cluster_113_17:0.002060390748706534)Node14:0,cluster_129_16:0)Node13:0,cluster_138_17:0.002061519420996165)Node12:0,(cluster_151_11:0,cluster_154_11:0.002059492124559718)Node119:0.002061779995807832)Node11:0,cluster_159_16:0)Node10:0,cluster_163_15:0)Node9:0,cluster_167_15:0)Node8:0,cluster_176_10:0.002069534352903692)Node7:0,cluster_190_14:0)Node6:0,cluster_202_13:0.004138466068547147)Node5:0,cluster_213_11:0.004133256478824327)Node4:0,cluster_215_10:0)Node3:0,cluster_217_14:0)Node2:0,cluster_224_11:0)Node1:0,cluster_236_11:0,cluster_314_10:0)",