{
 "180-390": {
  "BranchLength": {
   "NS": 0, 
   "S": 0
  }, 
  "Diversity": {
   "NS": 0, 
   "S": 0
  }, 
  "Tree": "", 
  "omega": 0
 }, 
 "180-429": {
  "BranchLength": {
   "NS": 0, 
   "S": 0.005133407211749644
  }, 
  "Diversity": {
   "NS": 0, 
   "S": 0
  }, 
  "Tree": {
   "Combined": "(cluster_1_281:0.005133407211749644)", 
   "NS": "(cluster_1_281:0)", 
   "S": "(cluster_1_281:0.005133407211749644)"
  }, 
  "omega": 0
 }, 
 "210-420": {
  "BranchLength": {
   "NS": 0, 
   "S": 0.005814975982600568
  }, 
  "Diversity": {
   "NS": 0, 
   "S": 0
  }, 
  "Tree": {
   "Combined": "(cluster_1_358:0.005814975982600568)", 
   "NS": "(cluster_1_358:0)", 
   "S": "(cluster_1_358:0.005814975982600568)"
  }, 
  "omega": 0
 }
}