{
 "150-360": {
  "BranchLength": {
   "NS": 0, 
   "S": 0
  }, 
  "Diversity": {
   "NS": 0, 
   "S": 0
  }, 
  "Tree": "", 
  "omega": 0
 }, 
 "159-552": {
  "BranchLength": {
   "NS": 0.0001018196269557593, 
   "S": 0.001908158927287586
  }, 
  "Diversity": {
   "NS": 0.0001539269945157198, 
   "S": 0.001520895585347021
  }, 
  "Tree": {
   "Combined": "((((((((((((cluster_0_278:0.002759678125448205,cluster_2_1642:0)Node11:0,cluster_3_40:0.002813849468145971)Node10:0,cluster_4_21:0.005659303752029498)Node9:0,cluster_5_71:0.002545490673893984)Node8:0,cluster_6_29:0.002760095515961369)Node7:0,cluster_7_20:0.002759678187505358)Node6:0,cluster_8_20:0.005598557383529007)Node5:0,cluster_10_43:0.002777103226480426)Node4:0,cluster_11_21:0.008609787606014099)Node3:0,cluster_13_25:0.002749507999330685)Node2:0,cluster_15_35:0.002802646077138617)Node1:0,cluster_18_18:0.002813309444899765,cluster_42_13:0.005600456395706659)", 
   "NS": "((((((((((((cluster_0_278:0,cluster_2_1642:0)Node11:0,cluster_3_40:0)Node10:0,cluster_4_21:0)Node9:0,cluster_5_71:0.002545490673893984)Node8:0,cluster_6_29:0)Node7:0,cluster_7_20:0)Node6:0,cluster_8_20:0)Node5:0,cluster_10_43:0)Node4:0,cluster_11_21:0)Node3:0,cluster_13_25:0)Node2:0,cluster_15_35:0)Node1:0,cluster_18_18:0,cluster_42_13:0)", 
   "S": "((((((((((((cluster_0_278:0.002759678125448205,cluster_2_1642:0)Node11:0,cluster_3_40:0.002813849468145971)Node10:0,cluster_4_21:0.005659303752029498)Node9:0,cluster_5_71:0)Node8:0,cluster_6_29:0.002760095515961369)Node7:0,cluster_7_20:0.002759678187505358)Node6:0,cluster_8_20:0.005598557383529007)Node5:0,cluster_10_43:0.002777103226480426)Node4:0,cluster_11_21:0.008609787606014099)Node3:0,cluster_13_25:0.002749507999330685)Node2:0,cluster_15_35:0.002802646077138617)Node1:0,cluster_18_18:0.002813309444899765,cluster_42_13:0.005600456395706659)"
  }, 
  "omega": 0.01882614341742429
 }, 
 "180-390": {
  "BranchLength": {
   "NS": 0, 
   "S": 0.004957629659055932
  }, 
  "Diversity": {
   "NS": 0, 
   "S": 0
  }, 
  "Tree": {
   "Combined": "(cluster_1_1721:0.004957629659055932)", 
   "NS": "(cluster_1_1721:0)", 
   "S": "(cluster_1_1721:0.004957629659055932)"
  }, 
  "omega": 0
 }, 
 "210-420": {
  "BranchLength": {
   "NS": 0, 
   "S": 0.003006701036035426
  }, 
  "Diversity": {
   "NS": 0, 
   "S": 0.001722146661769328
  }, 
  "Tree": {
   "Combined": "((cluster_0_349:0.004938499488294607,cluster_1_1729:0)Node1:0,cluster_6_47:0.005029549406013267,cluster_9_37:0.005065456285869259)", 
   "NS": "((cluster_0_349:0,cluster_1_1729:0)Node1:0,cluster_6_47:0,cluster_9_37:0)", 
   "S": "((cluster_0_349:0.004938499488294607,cluster_1_1729:0)Node1:0,cluster_6_47:0.005029549406013267,cluster_9_37:0.005065456285869259)"
  }, 
  "omega": 0
 }, 
 "240-450": {
  "BranchLength": {
   "NS": 0, 
   "S": 0.002944544149159869
  }, 
  "Diversity": {
   "NS": 0, 
   "S": 0.001806708803510221
  }, 
  "Tree": {
   "Combined": "((cluster_0_351:0.004887472939141103,cluster_1_1727:0)Node1:0,cluster_2_65:0.004950638588658079,cluster_5_47:0.00488460921800016)", 
   "NS": "((cluster_0_351:0,cluster_1_1727:0)Node1:0,cluster_2_65:0,cluster_5_47:0)", 
   "S": "((cluster_0_351:0.004887472939141103,cluster_1_1727:0)Node1:0,cluster_2_65:0.004950638588658079,cluster_5_47:0.00488460921800016)"
  }, 
  "omega": 0
 }, 
 "270-480": {
  "BranchLength": {
   "NS": 0, 
   "S": 0.002955293825516468
  }, 
  "Diversity": {
   "NS": 0, 
   "S": 0.00161426099553236
  }, 
  "Tree": {
   "Combined": "(((cluster_0_240:0.005127359990921084,cluster_2_1771:0)Node2:0,cluster_3_35:0.005222075934999693)Node1:0,cluster_7_45:0.005137250998447917,cluster_12_44:0.005200369854246585)", 
   "NS": "(((cluster_0_240:0,cluster_2_1771:0)Node2:0,cluster_3_35:0)Node1:0,cluster_7_45:0,cluster_12_44:0)", 
   "S": "(((cluster_0_240:0.005127359990921084,cluster_2_1771:0)Node2:0,cluster_3_35:0.005222075934999693)Node1:0,cluster_7_45:0.005137250998447917,cluster_12_44:0.005200369854246585)"
  }, 
  "omega": 0
 }, 
 "300-510": {
  "BranchLength": {
   "NS": 0, 
   "S": 0.003365162795781447
  }, 
  "Diversity": {
   "NS": 0, 
   "S": 0.0004366225976068475
  }, 
  "Tree": {
   "Combined": "(cluster_0_2097:0,cluster_3_52:0.005048569224007644,cluster_7_45:0.005046919163336696)", 
   "NS": "(cluster_0_2097:0,cluster_3_52:0,cluster_7_45:0)", 
   "S": "(cluster_0_2097:0,cluster_3_52:0.005048569224007644,cluster_7_45:0.005046919163336696)"
  }, 
  "omega": 0
 }, 
 "330-540": {
  "BranchLength": {
   "NS": 0, 
   "S": 0.004178919487692523
  }, 
  "Diversity": {
   "NS": 0, 
   "S": 0.0009492313021146125
  }, 
  "Tree": {
   "Combined": "((cluster_0_2121:0,cluster_2_53:0.01043222234613744)Node1:0,cluster_3_54:0.005222012957340404,cluster_4_52:0.005240362134984778)", 
   "NS": "((cluster_0_2121:0,cluster_2_53:0)Node1:0,cluster_3_54:0,cluster_4_52:0)", 
   "S": "((cluster_0_2121:0,cluster_2_53:0.01043222234613744)Node1:0,cluster_3_54:0.005222012957340404,cluster_4_52:0.005240362134984778)"
  }, 
  "omega": 0
 }
}