{
 "180-390": {
  "BranchLength": {
   "NS": 0.001700030250429434, 
   "S": 0.002602918566660607
  }, 
  "Diversity": {
   "NS": 0.001390790108222966, 
   "S": 0.001733459252677474
  }, 
  "Tree": {
   "Combined": "(((((cluster_0_2111:0.01034983877938091,cluster_1_13475:0)Node4:0,cluster_2_503:0.004684832221747792)Node3:0,cluster_3_354:0.005763153825438049)Node2:0,cluster_4_76:0.01621430238863833)Node1:0,cluster_6_92:0.004656151559120269,cluster_8_224:0.005664158213665094)", 
   "NS": "(((((cluster_0_2111:0.004679723072189693,cluster_1_13475:0)Node4:0,cluster_2_503:0.004684832221747792)Node3:0,cluster_3_354:0)Node2:0,cluster_4_76:0.004679625901666019)Node1:0,cluster_6_92:0.004656151559120269,cluster_8_224:0)", 
   "S": "(((((cluster_0_2111:0.005670115707191222,cluster_1_13475:0)Node4:0,cluster_2_503:0)Node3:0,cluster_3_354:0.005763153825438049)Node2:0,cluster_4_76:0.01153467648697231)Node1:0,cluster_6_92:0,cluster_8_224:0.005664158213665094)"
  }, 
  "omega": 0.2571671381269612
 }, 
 "180-429": {
  "BranchLength": {
   "NS": 0.00116865783627254, 
   "S": 0.002514780264803492
  }, 
  "Diversity": {
   "NS": 0.002239759784805473, 
   "S": 0.00187911182733663
  }, 
  "Tree": {
   "Combined": "((((((((cluster_0_1812:0.004637187999188608,cluster_1_12034:0.003978469410199952)Node7:0,cluster_2_437:0)Node6:0.003979719903525308,cluster_3_563:0.004764643160461759)Node5:0,cluster_4_63:0.01348909988578007)Node4:0,cluster_5_273:0.004775648030822115)Node3:0,cluster_8_138:0.004729782865721816)Node2:0,cluster_9_81:0.003956577004922578)Node1:0,cluster_10_143:0.01361130584331423,cluster_11_187:0.004696013614356094)", 
   "NS": "((((((((cluster_0_1812:0,cluster_1_12034:0.003978469410199952)Node7:0,cluster_2_437:0)Node6:0.003979719903525308,cluster_3_563:0)Node5:0,cluster_4_63:0.003975865504476319)Node4:0,cluster_5_273:0)Node3:0,cluster_8_138:0)Node2:0,cluster_9_81:0.003956577004922578)Node1:0,cluster_10_143:0.003976551393509014,cluster_11_187:0)", 
   "S": "((((((((cluster_0_1812:0.004637187999188608,cluster_1_12034:0)Node7:0,cluster_2_437:0)Node6:0,cluster_3_563:0.004764643160461759)Node5:0,cluster_4_63:0.009513234381303755)Node4:0,cluster_5_273:0.004775648030822115)Node3:0,cluster_8_138:0.004729782865721816)Node2:0,cluster_9_81:0)Node1:0,cluster_10_143:0.009634754449805214,cluster_11_187:0.004696013614356094)"
  }, 
  "omega": 0.1851134707032867
 }, 
 "210-420": {
  "BranchLength": {
   "NS": 0.001369639991312648, 
   "S": 0.002834514434754905
  }, 
  "Diversity": {
   "NS": 0.002744695695425245, 
   "S": 0.002253971330511629
  }, 
  "Tree": {
   "Combined": "((((((((((cluster_0_1856:0.00529820723950765,cluster_1_12396:0.004795213900926776)Node9:0,cluster_2_450:0)Node8:0,cluster_3_554:0.01015859942144852)Node7:0,cluster_4_71:0.01071555936907099)Node6:0.004795698348981033,cluster_5_280:0.005462131671081398)Node5:0,cluster_7_86:0.004767958641063203)Node4:0,cluster_9_112:0.005413924317171407)Node3:0,cluster_10_194:0.005378259546451331)Node2:0.01578291378477071,cluster_11_154:0)Node1:0,cluster_12_33:0.004817814466470261,cluster_17_36:0.01090096224047534)", 
   "NS": "((((((((((cluster_0_1856:0,cluster_1_12396:0.004795213900926776)Node9:0,cluster_2_450:0)Node8:0,cluster_3_554:0.004795607668373575)Node7:0,cluster_4_71:0)Node6:0.004795698348981033,cluster_5_280:0)Node5:0,cluster_7_86:0.004767958641063203)Node4:0,cluster_9_112:0)Node3:0,cluster_10_194:0)Node2:0.004790146791750751,cluster_11_154:0)Node1:0,cluster_12_33:0.004817814466470261,cluster_17_36:0)", 
   "S": "((((((((((cluster_0_1856:0.00529820723950765,cluster_1_12396:0)Node9:0,cluster_2_450:0)Node8:0,cluster_3_554:0.005362991753074943)Node7:0,cluster_4_71:0.01071555936907099)Node6:0,cluster_5_280:0.005462131671081398)Node5:0,cluster_7_86:0)Node4:0,cluster_9_112:0.005413924317171407)Node3:0,cluster_10_194:0.005378259546451331)Node2:0.01099276699301995,cluster_11_154:0)Node1:0,cluster_12_33:0,cluster_17_36:0.01090096224047534)"
  }, 
  "omega": 0.1861860169255541
 }
}