{
 "117-528": {
  "BranchLength": {
   "NS": 0.002718774417090177, 
   "S": 0.00101603526645082
  }, 
  "Diversity": {
   "NS": 0.00428274978385694, 
   "S": 0.001252204931665174
  }, 
  "Tree": {
   "Combined": "((((((((((((((((((((((((((cluster_0_154:0,cluster_1_29882:0)Node25:0,cluster_2_297:0.005180926052563993)Node24:0,cluster_3_1257:0.007618778590302807)Node23:0,cluster_4_1250:0.00516856331092787)Node22:0,cluster_5_394:0.002462805955776348)Node21:0,cluster_6_2247:0.02010514676075924)Node20:0,cluster_7_233:0.004944693373209162)Node19:0,cluster_13_228:0.006013654682764105)Node18:0,cluster_16_478:0.01251651633625378)Node17:0,cluster_17_291:0.002740875516762264)Node16:0,(cluster_22_755:0.02271782683773162,cluster_27_454:0.007334308345003597)Node37:0)Node15:0,cluster_28_341:0.01231681501740124)Node14:0,cluster_31_148:0.01310857435672453)Node13:0,cluster_32_286:0.002451872225032028)Node12:0,(cluster_35_122:0.005231858192446558,cluster_36_477:0.004935337729997133)Node43:0)Node11:0,cluster_40_338:0.002452540210508886)Node10:0,cluster_44_134:0.002444765633712008)Node9:0,cluster_45_237:0.01272434141311228)Node8:0,cluster_58_416:0.002430610447054606)Node7:0,cluster_63_331:0.00763726008612953)Node6:0,cluster_66_141:0.005215312665560762)Node5:0,cluster_67_162:0.01137706252091629)Node4:0,cluster_76_213:0.002741178684591629)Node3:0,cluster_98_220:0.009796984991292128)Node2:0,cluster_99_175:0.002740875514390675)Node1:0,cluster_121_134:0.002462639264402542,cluster_136_151:0.01601202724650916)", 
   "NS": "((((((((((((((((((((((((((cluster_0_154:0,cluster_1_29882:0)Node25:0,cluster_2_297:0.002441138898426221)Node24:0,cluster_3_1257:0.004855732766541299)Node23:0,cluster_4_1250:0.002430429379085827)Node22:0,cluster_5_394:0.002462805955776348)Node21:0,cluster_6_2247:0.0166490049768169)Node20:0,cluster_7_233:0.004944693373209162)Node19:0,cluster_13_228:0.003272125009717829)Node18:0,cluster_16_478:0.00978686253611395)Node17:0,cluster_17_291:0)Node16:0,(cluster_22_755:0.01931709882784784,cluster_27_454:0.007334308345003597)Node37:0)Node15:0,cluster_28_341:0.01231681501740124)Node14:0,cluster_31_148:0.00753595683175236)Node13:0,cluster_32_286:0.002451872225032028)Node12:0,(cluster_35_122:0.002479215168677968,cluster_36_477:0.004935337729997133)Node43:0)Node11:0,cluster_40_338:0.002452540210508886)Node10:0,cluster_44_134:0.002444765633712008)Node9:0,cluster_45_237:0.008252620107879444)Node8:0,cluster_58_416:0.002430610447054606)Node7:0,cluster_63_331:0.004876579703013842)Node6:0,cluster_66_141:0.002474761745442979)Node5:0,cluster_67_162:0.01137706252091629)Node4:0,cluster_76_213:0)Node3:0,cluster_98_220:0.009796984991292128)Node2:0,cluster_99_175:0)Node1:0,cluster_121_134:0.002462639264402542,cluster_136_151:0.005188180108517635)", 
   "S": "((((((((((((((((((((((((((cluster_0_154:0,cluster_1_29882:0)Node25:0,cluster_2_297:0.002739787154137767)Node24:0,cluster_3_1257:0.002763045823761509)Node23:0,cluster_4_1250:0.002738133931842043)Node22:0,cluster_5_394:0)Node21:0,cluster_6_2247:0.003456141783942343)Node20:0,cluster_7_233:0)Node19:0,cluster_13_228:0.002741529673046276)Node18:0,cluster_16_478:0.002729653800139831)Node17:0,cluster_17_291:0.002740875516762264)Node16:0,(cluster_22_755:0.003400728009883785,cluster_27_454:0)Node37:0)Node15:0,cluster_28_341:0)Node14:0,cluster_31_148:0.005572617524972168)Node13:0,cluster_32_286:0)Node12:0,(cluster_35_122:0.002752643023768592,cluster_36_477:0)Node43:0)Node11:0,cluster_40_338:0)Node10:0,cluster_44_134:0)Node9:0,cluster_45_237:0.004471721305232834)Node8:0,cluster_58_416:0)Node7:0,cluster_63_331:0.002760680383115685)Node6:0,cluster_66_141:0.002740550920117781)Node5:0,cluster_67_162:0)Node4:0,cluster_76_213:0.002741178684591629)Node3:0,cluster_98_220:0)Node2:0,cluster_99_175:0.002740875514390675)Node1:0,cluster_121_134:0,cluster_136_151:0.01082384713799152)"
  }, 
  "omega": 0.8128776459680642
 }, 
 "120-330": {
  "BranchLength": {
   "NS": 0.001890886807017895, 
   "S": 0.0002826555764156956
  }, 
  "Diversity": {
   "NS": 0.0008550779907277273, 
   "S": 0.0001378897930270233
  }, 
  "Tree": {
   "Combined": "((((((((((((((((cluster_0_47:0,cluster_1_42725:0)Node15:0,cluster_2_517:0.004706067635366599)Node14:0,cluster_3_317:0.009489817281146274)Node13:0,cluster_4_136:0.004758038443576242)Node12:0,(cluster_5_38:0.004757559117295157,cluster_8_612:0.004693215430793396)Node21:0)Node11:0,cluster_9_424:0.009681586119378626)Node10:0,cluster_11_611:0.004706067588255708)Node9:0,cluster_13_87:0.004709533149906414)Node8:0,cluster_14_455:0.004718930589634884)Node7:0,cluster_15_185:0.004745359648713972)Node6:0,cluster_16_239:0.004933384884591069)Node5:0,cluster_18_184:0)Node4:0,cluster_23_53:0)Node3:0,cluster_24_136:0.004722014431875738)Node2:0.002632578890862481,cluster_38_71:0)Node1:0.002106161812841241,cluster_43_368:0,cluster_71_38:0.004713668395937867)", 
   "NS": "((((((((((((((((cluster_0_47:0,cluster_1_42725:0)Node15:0,cluster_2_517:0.004706067635366599)Node14:0,cluster_3_317:0.009489817281146274)Node13:0,cluster_4_136:0.004758038443576242)Node12:0,(cluster_5_38:0.004757559117295157,cluster_8_612:0.004693215430793396)Node21:0)Node11:0,cluster_9_424:0.004722025829420345)Node10:0,cluster_11_611:0.004706067588255708)Node9:0,cluster_13_87:0.004709533149906414)Node8:0,cluster_14_455:0.004718930589634884)Node7:0,cluster_15_185:0.004745359648713972)Node6:0,cluster_16_239:0)Node5:0,cluster_18_184:0)Node4:0,cluster_23_53:0)Node3:0,cluster_24_136:0.004722014431875738)Node2:0.002632578890862481,cluster_38_71:0)Node1:0.002106161812841241,cluster_43_368:0,cluster_71_38:0.004713668395937867)", 
   "S": "((((((((((((((((cluster_0_47:0,cluster_1_42725:0)Node15:0,cluster_2_517:0)Node14:0,cluster_3_317:0)Node13:0,cluster_4_136:0)Node12:0,(cluster_5_38:0,cluster_8_612:0)Node21:0)Node11:0,cluster_9_424:0.004959560289958279)Node10:0,cluster_11_611:0)Node9:0,cluster_13_87:0)Node8:0,cluster_14_455:0)Node7:0,cluster_15_185:0)Node6:0,cluster_16_239:0.004933384884591069)Node5:0,cluster_18_184:0)Node4:0,cluster_23_53:0)Node3:0,cluster_24_136:0)Node2:0,cluster_38_71:0)Node1:0,cluster_43_368:0,cluster_71_38:0)"
  }, 
  "omega": 2.516638379672568
 }, 
 "150-360": {
  "BranchLength": {
   "NS": 0.003129706236908592, 
   "S": 0.001066753202287751
  }, 
  "Diversity": {
   "NS": 0.002881176595545158, 
   "S": 0.0001803814651844555
  }, 
  "Tree": {
   "Combined": "(((((((((((((((cluster_0_42134:0,cluster_1_504:0.004857349510169753)Node14:0.004858685183743037,cluster_2_332:0.004864370327943921)Node13:0,cluster_4_35:0)Node12:0,(cluster_5_617:0.004794333925105112,cluster_6_107:0.02027316980174524)Node19:0.008739588122828138)Node11:0,cluster_7_72:0)Node10:0.008598234534934824,cluster_8_273:0.02665221407251155)Node9:0,cluster_9_193:0.0101613037526529)Node8:0,cluster_10_190:0.004888262336569824)Node7:0,cluster_12_241:0.005096424090308312)Node6:0,cluster_16_58:0.005084994844318134)Node5:0,cluster_20_63:0)Node4:0,cluster_21_62:0.005046165931488026)Node3:0,cluster_25_52:0)Node2:0,cluster_32_61:0.0148644856123363)Node1:0.004863267928853177,cluster_49_1248:0,cluster_71_34:0.004840311517971057)", 
   "NS": "(((((((((((((((cluster_0_42134:0,cluster_1_504:0.004857349510169753)Node14:0.004858685183743037,cluster_2_332:0.004864370327943921)Node13:0,cluster_4_35:0)Node12:0,(cluster_5_617:0.004794333925105112,cluster_6_107:0.01058639340557966)Node19:0.008739588122828138)Node11:0,cluster_7_72:0)Node10:0.008598234534934824,cluster_8_273:0.02665221407251155)Node9:0,cluster_9_193:0.004951862231464446)Node8:0,cluster_10_190:0.004888262336569824)Node7:0,cluster_12_241:0)Node6:0,cluster_16_58:0)Node5:0,cluster_20_63:0)Node4:0,cluster_21_62:0)Node3:0,cluster_25_52:0)Node2:0,cluster_32_61:0.009785432720309026)Node1:0.004863267928853177,cluster_49_1248:0,cluster_71_34:0.004840311517971057)",