{
 "150-360": {
  "BranchLength": {
   "NS": 0, 
   "S": 0
  }, 
  "Diversity": {
   "NS": 0, 
   "S": 0
  }, 
  "Tree": "", 
  "omega": 0
 }, 
 "159-552": {
  "BranchLength": {
   "NS": 0.000844359053432734, 
   "S": 0.001557892891912396
  }, 
  "Diversity": {
   "NS": 0.0009109118100239346, 
   "S": 0.001413911838380624
  }, 
  "Tree": {
   "Combined": "(((((((((((((((((((((((((cluster_0_2804:0,cluster_1_45:0.002814208499739176)Node24:0,cluster_4_97:0.002793029436300491)Node23:0,cluster_5_25:0.007920631012119294)Node22:0,cluster_6_40:0.002572926604885552)Node21:0,cluster_7_743:0)Node20:0,cluster_8_33:0.002786715593373401)Node19:0,cluster_9_36:0.008228732547133936)Node18:0,cluster_10_66:0.002746796295300106)Node17:0,cluster_11_40:0.002585051941280532)Node16:0,(cluster_13_17:0.01774797140412199,cluster_14_39:0.002863434912662333)Node35:0.002678098773664149)Node15:0,cluster_15_184:0.002746907582916935)Node14:0,cluster_16_82:0.005150766174823248)Node13:0,cluster_17_39:0.002585363890698169)Node12:0,(cluster_18_21:0.005319758265443098,cluster_19_58:0.002771889396655501)Node41:0)Node11:0,cluster_20_251:0.002573129667509193)Node10:0,cluster_21_121:0.002746796198377313)Node9:0,cluster_24_19:0.02326987017490223)Node8:0,cluster_25_20:0.005194050833063579)Node7:0,cluster_27_16:0.002747058839143371)Node6:0,cluster_30_13:0.002767836589263422)Node5:0,cluster_37_96:0)Node4:0.002746857946848664,cluster_45_44:0.002702946703730525)Node3:0.002572791322272396,cluster_49_47:0.002573764263927621)Node2:0,cluster_51_33:0)Node1:0.002766143250538527,cluster_57_17:0.005150328873287373,cluster_73_18:0)", 
   "NS": "(((((((((((((((((((((((((cluster_0_2804:0,cluster_1_45:0)Node24:0,cluster_4_97:0)Node23:0,cluster_5_25:0.005152039965362245)Node22:0,cluster_6_40:0.002572926604885552)Node21:0,cluster_7_743:0)Node20:0,cluster_8_33:0)Node19:0,cluster_9_36:0.002577388391353049)Node18:0,cluster_10_66:0)Node17:0,cluster_11_40:0.002585051941280532)Node16:0,(cluster_13_17:0,cluster_14_39:0)Node35:0)Node15:0,cluster_15_184:0)Node14:0,cluster_16_82:0.005150766174823248)Node13:0,cluster_17_39:0.002585363890698169)Node12:0,(cluster_18_21:0.002573294928402638,cluster_19_58:0)Node41:0)Node11:0,cluster_20_251:0.002573129667509193)Node10:0,cluster_21_121:0)Node9:0,cluster_24_19:0.005178851081934771)Node8:0,cluster_25_20:0.005194050833063579)Node7:0,cluster_27_16:0)Node6:0,cluster_30_13:0)Node5:0,cluster_37_96:0)Node4:0,cluster_45_44:0)Node3:0.002572791322272396,cluster_49_47:0.002573764263927621)Node2:0,cluster_51_33:0)Node1:0,cluster_57_17:0.005150328873287373,cluster_73_18:0)", 
   "S": "(((((((((((((((((((((((((cluster_0_2804:0,cluster_1_45:0.002814208499739176)Node24:0,cluster_4_97:0.002793029436300491)Node23:0,cluster_5_25:0.002768591046757049)Node22:0,cluster_6_40:0)Node21:0,cluster_7_743:0)Node20:0,cluster_8_33:0.002786715593373401)Node19:0,cluster_9_36:0.005651344155780886)Node18:0,cluster_10_66:0.002746796295300106)Node17:0,cluster_11_40:0)Node16:0,(cluster_13_17:0.01774797140412199,cluster_14_39:0.002863434912662333)Node35:0.002678098773664149)Node15:0,cluster_15_184:0.002746907582916935)Node14:0,cluster_16_82:0)Node13:0,cluster_17_39:0)Node12:0,(cluster_18_21:0.002746463337040461,cluster_19_58:0.002771889396655501)Node41:0)Node11:0,cluster_20_251:0)Node10:0,cluster_21_121:0.002746796198377313)Node9:0,cluster_24_19:0.01809101909296745)Node8:0,cluster_25_20:0)Node7:0,cluster_27_16:0.002747058839143371)Node6:0,cluster_30_13:0.002767836589263422)Node5:0,cluster_37_96:0)Node4:0.002746857946848664,cluster_45_44:0.002702946703730525)Node3:0,cluster_49_47:0)Node2:0,cluster_51_33:0)Node1:0.002766143250538527,cluster_57_17:0,cluster_73_18:0)"
  }, 
  "omega": 0.2236230527353095
 }, 
 "180-390": {
  "BranchLength": {
   "NS": 0.0007292085654226561, 
   "S": 0.001500751375855928
  }, 
  "Diversity": {
   "NS": 0.001424269178352224, 
   "S": 0.003385290840878607
  }, 
  "Tree": {
   "Combined": "(((((((((((((cluster_0_3413:0,cluster_1_104:0.005175497417803351)Node12:0,cluster_3_81:0)Node11:0,cluster_4_47:0)Node10:0,cluster_5_295:0.004919848782557247)Node9:0,cluster_6_36:0.005095783343826226)Node8:0,cluster_7_43:0.005110387206355965)Node7:0,cluster_8_182:0.005023073798112601)Node6:0.005034699271570508,cluster_9_107:0)Node5:0,cluster_12_238:0.004905856704175941)Node4:0.005034698460880785,cluster_13_48:0.004946005798528496)Node3:0,cluster_14_42:0.005023073854206085)Node2:0,cluster_15_193:0.005023073795354535)Node1:0.004916919981150034,cluster_18_96:0,cluster_30_84:0)", 
   "NS": "(((((((((((((cluster_0_3413:0,cluster_1_104:0)Node12:0,cluster_3_81:0)Node11:0,cluster_4_47:0)Node10:0,cluster_5_295:0.004919848782557247)Node9:0,cluster_6_36:0)Node8:0,cluster_7_43:0)Node7:0,cluster_8_182:0)Node6:0,cluster_9_107:0)Node5:0,cluster_12_238:0.004905856704175941)Node4:0,cluster_13_48:0.004946005798528496)Node3:0,cluster_14_42:0)Node2:0,cluster_15_193:0)Node1:0.004916919981150034,cluster_18_96:0,cluster_30_84:0)", 
   "S": "(((((((((((((cluster_0_3413:0,cluster_1_104:0.005175497417803351)Node12:0,cluster_3_81:0)Node11:0,cluster_4_47:0)Node10:0,cluster_5_295:0)Node9:0,cluster_6_36:0.005095783343826226)Node8:0,cluster_7_43:0.005110387206355965)Node7:0,cluster_8_182:0.005023073798112601)Node6:0.005034699271570508,cluster_9_107:0)Node5:0,cluster_12_238:0)Node4:0.005034698460880785,cluster_13_48:0)Node3:0,cluster_14_42:0.005023073854206085)Node2:0,cluster_15_193:0.005023073795354535)Node1:0,cluster_18_96:0,cluster_30_84:0)"
  }, 
  "omega": 0.184984111747888
 }, 
 "210-420": {
  "BranchLength": {
   "NS": 0.0006921168207269053, 
   "S": 0.002157900246656551
  }, 
  "Diversity": {
   "NS": 0.001876553690139935, 
   "S": 0.001796249697602617
  }, 
  "Tree": {
   "Combined": "((((((((((cluster_0_2539:0,cluster_2_99:0.005087866287702613)Node9:0,cluster_3_64:0.004977657036496604)Node8:0,cluster_4_503:0)Node7:0,cluster_5_1164:0.004837396360430966)Node6:0,cluster_6_41:0.005063292544490926)Node5:0,cluster_7_34:0.01521246891551488)Node4:0,cluster_8_84:0.004977656515219313)Node3:0,cluster_11_169:0.004988573848191063)Node2:0,cluster_12_54:0.004855411344095146)Node1:0.004977805154053472,cluster_13_232:0,cluster_26_94:0.004872230408857596)", 
   "NS": "((((((((((cluster_0_2539:0,cluster_2_99:0)Node9:0,cluster_3_64:0)Node8:0,cluster_4_503:0)Node7:0,cluster_5_1164:0.004837396360430966)Node6:0,cluster_6_41:0)Node5:0,cluster_7_34:0.0048416455307389)Node4:0,cluster_8_84:0)Node3:0,cluster_11_169:0)Node2:0,cluster_12_54:0.004855411344095146)Node1:0,cluster_13_232:0,cluster_26_94:0)", 
   "S": "((((((((((cluster_0_2539:0,cluster_2_99:0.005087866287702613)Node9:0,cluster_3_64:0.004977657036496604)Node8:0,cluster_4_503:0)Node7:0,cluster_5_1164:0)Node6:0,cluster_6_41:0.005063292544490926)Node5:0,cluster_7_34:0.01037082338477598)Node4:0,cluster_8_84:0.004977656515219313)Node3:0,cluster_11_169:0.004988573848191063)Node2:0,cluster_12_54:0)Node1:0.004977805154053472,cluster_13_232:0,cluster_26_94:0.004872230408857596)"
  }, 
  "omega": 0.1296838254611376
 }, 
 "240-450": {
  "BranchLength": {
   "NS": 0.0006382670830051197, 
   "S": 0.002091133712287923
  }, 
  "Diversity": {
   "NS": 0.0004216065123344062, 
   "S": 0.002055679806027833
  }, 
  "Tree": {
   "Combined": "(((((((((((cluster_0_2943:0,cluster_1_47:0.004865020247082076)Node10:0,cluster_3_98:0.004825894365321951)Node9:0,cluster_4_105:0.004865021069948731)Node8:0,cluster_5_62:0.004769687557620614)Node7:0,cluster_6_887:0)Node6:0,cluster_7_40:0.004803806985352055)Node5:0,cluster_9_161:0.004769686787668161)Node4:0,cluster_12_78:0.009657753162329183)Node3:0,cluster_14_52:0.004910351634182785)Node2:0,cluster_15_329:0.00476909178686786)Node1:0,cluster_19_88:0.004885273077361502,cluster_35_92:0.009654631618005064)",