{
 "117-528": {
  "BranchLength": {
   "NS": 0.001472437962915163, 
   "S": 0.001014250558755035
  }, 
  "Diversity": {
   "NS": 0.003545411673894075, 
   "S": 0.001082595487000639
  }, 
  "Tree": {
   "Combined": "((((((((((((((((((((((((cluster_0_67:0.002698928800361434,cluster_1_3067:0.0002239551160478395)Node23:2.846351898845768e-05,cluster_2_96:0.007509593612509778)Node22:0.002143888082602106,cluster_4_27:0.002379824574962128)Node21:0,cluster_8_58:0.02085412561357519)Node20:0,cluster_9_43:0.00263895169104876)Node19:0,cluster_10_71:0.00241426189461046)Node18:0,cluster_11_69:0)Node17:0.004736983743894931,cluster_13_28:0.004764971035099264)Node16:0,(cluster_14_53:0.00750583219341783,cluster_15_30:0.002404390985976349)Node33:0)Node15:0,cluster_18_125:0.002739476534626866)Node14:0,cluster_21_26:0)Node13:0,cluster_23_30:0)Node12:0,(cluster_25_16:0.002395542842950411,cluster_29_26:0.01323001586089457)Node39:0)Node11:0,cluster_31_18:0.007898138882755354)Node10:0,cluster_32_42:0.004855917454169838)Node9:0,cluster_34_37:0.007586841478127913)Node8:0,cluster_38_13:0.005080624667231683)Node7:0,cluster_42_21:0)Node6:0,cluster_51_143:0)Node5:0,cluster_53_16:0.005132408703686095)Node4:0,cluster_69_15:0.005104363834504942)Node3:0.002362840975114534,cluster_85_32:0.005109198578166023)Node2:0,cluster_95_14:0.004879079050810997)Node1:0,cluster_122_21:0.002718020806954544,cluster_140_16:0.002397851115432199)", 
   "NS": "((((((((((((((((((((((((cluster_0_67:0,cluster_1_3067:0.0002239551160478395)Node23:2.846351898845768e-05,cluster_2_96:0.004814247956473028)Node22:0.002143888082602106,cluster_4_27:0.002379824574962128)Node21:0,cluster_8_58:0.01036895311563407)Node20:0,cluster_9_43:0)Node19:0,cluster_10_71:0.00241426189461046)Node18:0,cluster_11_69:0)Node17:0.004736983743894931,cluster_13_28:0.004764971035099264)Node16:0,(cluster_14_53:0.004797015220794986,cluster_15_30:0.002404390985976349)Node33:0)Node15:0,cluster_18_125:0)Node14:0,cluster_21_26:0)Node13:0,cluster_23_30:0)Node12:0,(cluster_25_16:0.002395542842950411,cluster_29_26:0.005248072720473562)Node39:0)Node11:0,cluster_31_18:0.00238681856915336)Node10:0,cluster_32_42:0.004855917454169838)Node9:0,cluster_34_37:0.004861772099835647)Node8:0,cluster_38_13:0.002385436946555968)Node7:0,cluster_42_21:0)Node6:0,cluster_51_143:0)Node5:0,cluster_53_16:0.002385352871432343)Node4:0,cluster_69_15:0.002395489166617287)Node3:0.002362840975114534,cluster_85_32:0.00240808297687385)Node2:0,cluster_95_14:0.004879079050810997)Node1:0,cluster_122_21:0,cluster_140_16:0.002397851115432199)", 
   "S": "((((((((((((((((((((((((cluster_0_67:0.002698928800361434,cluster_1_3067:0)Node23:0,cluster_2_96:0.002695345656036744)Node22:0,cluster_4_27:0)Node21:0,cluster_8_58:0.01048517249794113)Node20:0,cluster_9_43:0.00263895169104876)Node19:0,cluster_10_71:0)Node18:0,cluster_11_69:0)Node17:0,cluster_13_28:0)Node16:0,(cluster_14_53:0.002708816972622844,cluster_15_30:0)Node33:0)Node15:0,cluster_18_125:0.002739476534626866)Node14:0,cluster_21_26:0)Node13:0,cluster_23_30:0)Node12:0,(cluster_25_16:0,cluster_29_26:0.007981943140421003)Node39:0)Node11:0,cluster_31_18:0.005511320313601995)Node10:0,cluster_32_42:0)Node9:0,cluster_34_37:0.002725069378292264)Node8:0,cluster_38_13:0.002695187720675713)Node7:0,cluster_42_21:0)Node6:0,cluster_51_143:0)Node5:0,cluster_53_16:0.002747055832253754)Node4:0,cluster_69_15:0.002708874667887655)Node3:0,cluster_85_32:0.002701115601292172)Node2:0,cluster_95_14:0)Node1:0,cluster_122_21:0.002718020806954544,cluster_140_16:0)"
  }, 
  "omega": 0.4225997526386242
 }, 
 "120-330": {
  "BranchLength": {
   "NS": 0.002862451719847621, 
   "S": 0.000960734762168863
  }, 
  "Diversity": {
   "NS": 0.001119828648162727, 
   "S": 0.0003863584825406056
  }, 
  "Tree": {
   "Combined": "(((((((cluster_0_74:0.004838196724651912,cluster_1_3864:0)Node6:0,cluster_2_41:0.004723439860572114)Node5:0.000844259909194529,cluster_4_36:0.004755727896616342)Node4:0,cluster_5_52:0.004813638325278309)Node3:0.003890469018169132,cluster_6_46:0.004738755373681927)Node2:0,cluster_7_33:0.01435169725232279)Node1:0,cluster_19_47:0.01439161286976022,cluster_64_54:0)", 
   "NS": "(((((((cluster_0_74:0,cluster_1_3864:0)Node6:0,cluster_2_41:0.004723439860572114)Node5:0.000844259909194529,cluster_4_36:0.004755727896616342)Node4:0,cluster_5_52:0)Node3:0.003890469018169132,cluster_6_46:0.004738755373681927)Node2:0,cluster_7_33:0.01435169725232279)Node1:0,cluster_19_47:0.009632426487157491,cluster_64_54:0)", 
   "S": "(((((((cluster_0_74:0.004838196724651912,cluster_1_3864:0)Node6:0,cluster_2_41:0)Node5:0,cluster_4_36:0)Node4:0,cluster_5_52:0.004813638325278309)Node3:0,cluster_6_46:0)Node2:0,cluster_7_33:0)Node1:0,cluster_19_47:0.004759186382602727,cluster_64_54:0)"
  }, 
  "omega": 0.8918275982744794
 }, 
 "150-360": {
  "BranchLength": {
   "NS": 0.001662791923604835, 
   "S": 0.001587269850584765
  }, 
  "Diversity": {
   "NS": 0.0001142889865138833, 
   "S": 0.000120802480343516
  }, 
  "Tree": {
   "Combined": "(cluster_0_3873:0,cluster_2_51:0.004761809551754295,cluster_3_46:0.004988375770814507)", 
   "NS": "(cluster_0_3873:0,cluster_2_51:0,cluster_3_46:0.004988375770814507)", 
   "S": "(cluster_0_3873:0,cluster_2_51:0.004761809551754295,cluster_3_46:0)"
  }, 
  "omega": 0.2903029192732035
 }, 
 "180-390": {
  "BranchLength": {
   "NS": 0.001675999654957611, 
   "S": 0.001764815897032008
  }, 
  "Diversity": {
   "NS": 0.000114853613501906, 
   "S": 0.0001339153757291663
  }, 
  "Tree": {
   "Combined": "(cluster_0_3885:0,cluster_2_51:0.005294447691096024,cluster_3_46:0.005027998964872834)", 
   "NS": "(cluster_0_3885:0,cluster_2_51:0,cluster_3_46:0.005027998964872834)", 
   "S": "(cluster_0_3885:0,cluster_2_51:0.005294447691096024,cluster_3_46:0)"
  }, 
  "omega": 0.2435363213285666
 }, 
 "210-420": {
  "BranchLength": {
   "NS": 0.001664150329684841, 
   "S": 0.00190199064312712
  }, 
  "Diversity": {
   "NS": 0.0001112520459612241, 
   "S": 0.000140798473298669
  }, 
  "Tree": {
   "Combined": "(cluster_0_3986:0,cluster_2_51:0.005705971929381362,cluster_3_46:0.004992450989054523)", 
   "NS": "(cluster_0_3986:0,cluster_2_51:0,cluster_3_46:0.004992450989054523)", 
   "S": "(cluster_0_3986:0,cluster_2_51:0.005705971929381362,cluster_3_46:0)"
  }, 
  "omega": 0.1585567950732734
 }, 
 "240-450": {
  "BranchLength": {
   "NS": 0.001690693716997011, 
   "S": 0.001981367849805267
  }, 
  "Diversity": {
   "NS": 0.0001081134986544271, 
   "S": 0.0001466036009570753
  }, 
  "Tree": {
   "Combined": "(cluster_0_3990:0,cluster_2_51:0.005944103549415801,cluster_3_44:0.005072081150991034)", 
   "NS": "(cluster_0_3990:0,cluster_2_51:0,cluster_3_44:0.005072081150991034)", 
   "S": "(cluster_0_3990:0,cluster_2_51:0.005944103549415801,cluster_3_44:0)"
  }, 
  "omega": 0.2211396564530489
 }
}