{
 "180-390": {
  "BranchLength": {
   "NS": 0.0008261066652809975, 
   "S": 0.004766047026824362
  }, 
  "Diversity": {
   "NS": 0.001283037725999238, 
   "S": 0.01365843373982483
  }, 
  "Tree": {
   "Combined": "((((((((cluster_0_2736:0.01239711000563751,cluster_1_112:0.004684106218897232)Node7:0.005905462963586735,cluster_2_895:0.004684093855946776)Node6:0,cluster_3_1971:0)Node5:0.005905467143439566,cluster_4_304:0.005905466899070428)Node4:0,cluster_5_35:0)Node3:0,cluster_6_372:0.01239710526989508)Node2:0.005905471318983904,cluster_7_260:0.005905462639895521)Node1:0,cluster_9_55:0.02670125321550541,cluster_20_42:0.004675613234932948)", 
   "NS": "((((((((cluster_0_2736:0,cluster_1_112:0.004684106218897232)Node7:0,cluster_2_895:0.004684093855946776)Node6:0,cluster_3_1971:0)Node5:0,cluster_4_304:0)Node4:0,cluster_5_35:0)Node3:0,cluster_6_372:0)Node2:0,cluster_7_260:0)Node1:0,cluster_9_55:0,cluster_20_42:0.004675613234932948)", 
   "S": "((((((((cluster_0_2736:0.01239711000563751,cluster_1_112:0)Node7:0.005905462963586735,cluster_2_895:0)Node6:0,cluster_3_1971:0)Node5:0.005905467143439566,cluster_4_304:0.005905466899070428)Node4:0,cluster_5_35:0)Node3:0,cluster_6_372:0.01239710526989508)Node2:0.005905471318983904,cluster_7_260:0.005905462639895521)Node1:0,cluster_9_55:0.02670125321550541,cluster_20_42:0)"
  }, 
  "omega": 0.07455700758676163
 }, 
 "180-429": {
  "BranchLength": {
   "NS": 0.0007007983220753166, 
   "S": 0.004302049601212851
  }, 
  "Diversity": {
   "NS": 0.001404995715286079, 
   "S": 0.01788916637764643
  }, 
  "Tree": {
   "Combined": "(((((((((((((((((((((((cluster_0_2194:0.01032656139797362,cluster_1_64:0.003959468837482821)Node22:0.00498207881321722,cluster_2_202:0.003959682341409945)Node21:0,cluster_3_943:0)Node20:0,cluster_4_189:0.01008833965670537)Node19:0,cluster_5_20:0.004983569120816433)Node18:0,cluster_6_108:0.003994770341700356)Node17:0,cluster_7_68:0.0197748420233088)Node16:0.004873795773710729,(cluster_8_243:0.01008833966349946,cluster_9_73:0)Node31:0.004873686040710748)Node15:0,cluster_10_290:0.02118504517738118)Node14:0,cluster_11_761:0)Node13:0,cluster_13_98:0.009861832138262061)Node12:0,(cluster_14_616:0.003958265193552216,cluster_15_165:0.01008560044232827)Node37:0)Node11:0,cluster_16_41:0.008831867703985349)Node10:0.005027774756375425,cluster_18_66:0)Node9:0.0109947628204665,cluster_19_46:0.01516883707770442)Node8:0,cluster_20_95:0.004232005697056538)Node7:0,cluster_21_41:0.01495291393865586)Node6:0,cluster_22_51:0.009571440305340037)Node5:0.005804919135007333,cluster_23_19:0)Node4:0.004989057352564667,cluster_26_63:0.01571922410192817)Node3:0.004989059556835687,cluster_37_23:0)Node2:0,cluster_39_32:0.00396054609332921)Node1:0.00883068777296323,cluster_48_29:0.01507627081342493,cluster_57_31:0)", 
   "NS": "(((((((((((((((((((((((cluster_0_2194:0,cluster_1_64:0.003959468837482821)Node22:0,cluster_2_202:0.003959682341409945)Node21:0,cluster_3_943:0)Node20:0,cluster_4_189:0)Node19:0,cluster_5_20:0)Node18:0,cluster_6_108:0.003994770341700356)Node17:0,cluster_7_68:0.003997696961684421)Node16:0,(cluster_8_243:0,cluster_9_73:0)Node31:0)Node15:0,cluster_10_290:0)Node14:0,cluster_11_761:0)Node13:0,cluster_13_98:0)Node12:0,(cluster_14_616:0.003958265193552216,cluster_15_165:0)Node37:0)Node11:0,cluster_16_41:0.003958208409312704)Node10:0,cluster_18_66:0)Node9:0,cluster_19_46:0)Node8:0,cluster_20_95:0)Node7:0,cluster_21_41:0.003957889811115238)Node6:0,cluster_22_51:0)Node5:0,cluster_23_19:0)Node4:0,cluster_26_63:0)Node3:0,cluster_37_23:0)Node2:0,cluster_39_32:0.00396054609332921)Node1:0.003994186436254237,cluster_48_29:0,cluster_57_31:0)", 
   "S": "(((((((((((((((((((((((cluster_0_2194:0.01032656139797362,cluster_1_64:0)Node22:0.00498207881321722,cluster_2_202:0)Node21:0,cluster_3_943:0)Node20:0,cluster_4_189:0.01008833965670537)Node19:0,cluster_5_20:0.004983569120816433)Node18:0,cluster_6_108:0)Node17:0,cluster_7_68:0.01577714506162439)Node16:0.004873795773710729,(cluster_8_243:0.01008833966349946,cluster_9_73:0)Node31:0.004873686040710748)Node15:0,cluster_10_290:0.02118504517738118)Node14:0,cluster_11_761:0)Node13:0,cluster_13_98:0.009861832138262061)Node12:0,(cluster_14_616:0,cluster_15_165:0.01008560044232827)Node37:0)Node11:0,cluster_16_41:0.004873659294672648)Node10:0.005027774756375425,cluster_18_66:0)Node9:0.0109947628204665,cluster_19_46:0.01516883707770442)Node8:0,cluster_20_95:0.004232005697056538)Node7:0,cluster_21_41:0.01099502412754062)Node6:0,cluster_22_51:0.009571440305340037)Node5:0.005804919135007333,cluster_23_19:0)Node4:0.004989057352564667,cluster_26_63:0.01571922410192817)Node3:0.004989059556835687,cluster_37_23:0)Node2:0,cluster_39_32:0)Node1:0.004836501336708995,cluster_48_29:0.01507627081342493,cluster_57_31:0)"
  }, 
  "omega": 0.06665384255989827
 }, 
 "210-420": {
  "BranchLength": {
   "NS": 0.0005842019986468751, 
   "S": 0.005157045421181531
  }, 
  "Diversity": {
   "NS": 0.001310960900232707, 
   "S": 0.01849094214438681
  }, 
  "Tree": {
   "Combined": "(((((((((((((((cluster_0_2138:0.01200323135632405,cluster_1_59:0.004822381687082075)Node14:0.005759090410621104,cluster_2_200:0.004821617789871721)Node13:0,cluster_3_954:0)Node12:0.005586774257537384,(cluster_4_178:0.005730854525610652,cluster_6_240:0.005730620745105934)Node19:0.01154040882925433)Node11:0,cluster_7_71:0.005586087791682637)Node10:0,cluster_8_767:0)Node9:0,cluster_10_103:0.01125875534056338)Node8:0,cluster_11_297:0.02451502677726097)Node7:0,cluster_12_577:0.004816838511903078)Node6:0.005586380068811334,cluster_13_162:0.005759096145060254)Node5:0,cluster_14_43:0.004817827966490003)Node4:0,cluster_15_48:0.01171712226286216)Node3:0.01189244168368649,cluster_16_45:0.01187873518579217)Node2:0,cluster_19_33:0.01193267252667034)Node1:0,cluster_22_50:0.01160029827375088,cluster_57_34:0.01210490271839648)", 
   "NS": "(((((((((((((((cluster_0_2138:0,cluster_1_59:0.004822381687082075)Node14:0,cluster_2_200:0.004821617789871721)Node13:0,cluster_3_954:0)Node12:0,(cluster_4_178:0,cluster_6_240:0)Node19:0)Node11:0,cluster_7_71:0)Node10:0,cluster_8_767:0)Node9:0,cluster_10_103:0)Node8:0,cluster_11_297:0)Node7:0,cluster_12_577:0.004816838511903078)Node6:0,cluster_13_162:0)Node5:0,cluster_14_43:0.004817827966490003)Node4:0,cluster_15_48:0)Node3:0,cluster_16_45:0)Node2:0,cluster_19_33:0)Node1:0,cluster_22_50:0,cluster_57_34:0)", 
   "S": "(((((((((((((((cluster_0_2138:0.01200323135632405,cluster_1_59:0)Node14:0.005759090410621104,cluster_2_200:0)Node13:0,cluster_3_954:0)Node12:0.005586774257537384,(cluster_4_178:0.005730854525610652,cluster_6_240:0.005730620745105934)Node19:0.01154040882925433)Node11:0,cluster_7_71:0.005586087791682637)Node10:0,cluster_8_767:0)Node9:0,cluster_10_103:0.01125875534056338)Node8:0,cluster_11_297:0.02451502677726097)Node7:0,cluster_12_577:0)Node6:0.005586380068811334,cluster_13_162:0.005759096145060254)Node5:0,cluster_14_43:0)Node4:0,cluster_15_48:0.01171712226286216)Node3:0.01189244168368649,cluster_16_45:0.01187873518579217)Node2:0,cluster_19_33:0.01193267252667034)Node1:0,cluster_22_50:0.01160029827375088,cluster_57_34:0.01210490271839648)"
  }, 
  "omega": 0.04322025185922419
 }
}