{
 "180-390": {
  "BranchLength": {
   "NS": 0, 
   "S": 0.004673673082555851
  }, 
  "Diversity": {
   "NS": 0, 
   "S": 0.00376282541125549
  }, 
  "Tree": {
   "Combined": "(((((((((((((cluster_0_953:0.005546018329696874,cluster_1_59:0.005515802328476344)Node12:0,cluster_3_4998:0)Node11:0,cluster_7_58:0.005526879697133578)Node10:0,cluster_8_321:0.005526879692778983)Node9:0,cluster_9_36:0.005526879695606803)Node8:0,cluster_10_114:0.005554118172281327)Node7:0,cluster_11_36:0.005599604725933419)Node6:0,cluster_13_48:0.01137651904294738)Node5:0,cluster_15_149:0.01127010769730488)Node4:0,cluster_17_79:0.005599604343181222)Node3:0,cluster_19_80:0.005599341820818029)Node2:0,cluster_26_37:0.03667770547294887)Node1:0,cluster_27_43:0.005599604511085692,cluster_30_65:0.01127010769881455)", 
   "NS": "(((((((((((((cluster_0_953:0,cluster_1_59:0)Node12:0,cluster_3_4998:0)Node11:0,cluster_7_58:0)Node10:0,cluster_8_321:0)Node9:0,cluster_9_36:0)Node8:0,cluster_10_114:0)Node7:0,cluster_11_36:0)Node6:0,cluster_13_48:0)Node5:0,cluster_15_149:0)Node4:0,cluster_17_79:0)Node3:0,cluster_19_80:0)Node2:0,cluster_26_37:0)Node1:0,cluster_27_43:0,cluster_30_65:0)", 
   "S": "(((((((((((((cluster_0_953:0.005546018329696874,cluster_1_59:0.005515802328476344)Node12:0,cluster_3_4998:0)Node11:0,cluster_7_58:0.005526879697133578)Node10:0,cluster_8_321:0.005526879692778983)Node9:0,cluster_9_36:0.005526879695606803)Node8:0,cluster_10_114:0.005554118172281327)Node7:0,cluster_11_36:0.005599604725933419)Node6:0,cluster_13_48:0.01137651904294738)Node5:0,cluster_15_149:0.01127010769730488)Node4:0,cluster_17_79:0.005599604343181222)Node3:0,cluster_19_80:0.005599341820818029)Node2:0,cluster_26_37:0.03667770547294887)Node1:0,cluster_27_43:0.005599604511085692,cluster_30_65:0.01127010769881455)"
  }, 
  "omega": 0
 }, 
 "180-429": {
  "BranchLength": {
   "NS": 0, 
   "S": 0.003672567428137504
  }, 
  "Diversity": {
   "NS": 0, 
   "S": 0.007912908830073654
  }, 
  "Tree": {
   "Combined": "(((((((((((((((((((((((((((cluster_0_662:0.00471474301812974,cluster_1_31:0.004681312000474559)Node26:0,cluster_5_3638:0)Node25:0,cluster_7_29:0.004689799832601625)Node24:0,cluster_8_42:0.004688920303103179)Node23:0.004681312191484079,cluster_14_28:0.004637028494627872)Node22:0,cluster_15_17:0.004605579412087863)Node21:0,cluster_16_144:0)Node20:0.004682185329295136,cluster_20_173:0.004689799982280528)Node19:0,cluster_21_24:0.004760561446736194)Node18:0,cluster_23_111:0.004753438020583895)Node17:0,cluster_24_174:0)Node16:0,(cluster_25_127:0.004637028148981689,cluster_26_309:0)Node39:0.004681312005286447)Node15:0,cluster_28_64:0.004715669830860977)Node14:0,cluster_29_27:0.009648194975506567)Node13:0,cluster_31_109:0.00955433654161768)Node12:0,(cluster_33_17:0.01461671351566429,cluster_35_63:0.004761433159615218)Node45:0)Node11:0,cluster_36_57:0.004760561242642459)Node10:0,cluster_39_23:0.00964819503354572)Node9:0,cluster_40_53:0.00961748274871819)Node8:0,cluster_42_22:0.009708608866223422)Node7:0,cluster_43_21:0.01450225226307013)Node6:0,cluster_45_17:0.03075801496084256)Node5:0,cluster_48_21:0)Node4:0,cluster_49_34:0.004760561438578997)Node3:0,cluster_52_45:0.009554336539385181)Node2:0,cluster_53_25:0.009689694509922736)Node1:0,cluster_62_67:0.009482402448245839,cluster_94_16:0)", 
   "NS": "(((((((((((((((((((((((((((cluster_0_662:0,cluster_1_31:0)Node26:0,cluster_5_3638:0)Node25:0,cluster_7_29:0)Node24:0,cluster_8_42:0)Node23:0,cluster_14_28:0)Node22:0,cluster_15_17:0)Node21:0,cluster_16_144:0)Node20:0,cluster_20_173:0)Node19:0,cluster_21_24:0)Node18:0,cluster_23_111:0)Node17:0,cluster_24_174:0)Node16:0,(cluster_25_127:0,cluster_26_309:0)Node39:0)Node15:0,cluster_28_64:0)Node14:0,cluster_29_27:0)Node13:0,cluster_31_109:0)Node12:0,(cluster_33_17:0,cluster_35_63:0)Node45:0)Node11:0,cluster_36_57:0)Node10:0,cluster_39_23:0)Node9:0,cluster_40_53:0)Node8:0,cluster_42_22:0)Node7:0,cluster_43_21:0)Node6:0,cluster_45_17:0)Node5:0,cluster_48_21:0)Node4:0,cluster_49_34:0)Node3:0,cluster_52_45:0)Node2:0,cluster_53_25:0)Node1:0,cluster_62_67:0,cluster_94_16:0)", 
   "S": "(((((((((((((((((((((((((((cluster_0_662:0.00471474301812974,cluster_1_31:0.004681312000474559)Node26:0,cluster_5_3638:0)Node25:0,cluster_7_29:0.004689799832601625)Node24:0,cluster_8_42:0.004688920303103179)Node23:0.004681312191484079,cluster_14_28:0.004637028494627872)Node22:0,cluster_15_17:0.004605579412087863)Node21:0,cluster_16_144:0)Node20:0.004682185329295136,cluster_20_173:0.004689799982280528)Node19:0,cluster_21_24:0.004760561446736194)Node18:0,cluster_23_111:0.004753438020583895)Node17:0,cluster_24_174:0)Node16:0,(cluster_25_127:0.004637028148981689,cluster_26_309:0)Node39:0.004681312005286447)Node15:0,cluster_28_64:0.004715669830860977)Node14:0,cluster_29_27:0.009648194975506567)Node13:0,cluster_31_109:0.00955433654161768)Node12:0,(cluster_33_17:0.01461671351566429,cluster_35_63:0.004761433159615218)Node45:0)Node11:0,cluster_36_57:0.004760561242642459)Node10:0,cluster_39_23:0.00964819503354572)Node9:0,cluster_40_53:0.00961748274871819)Node8:0,cluster_42_22:0.009708608866223422)Node7:0,cluster_43_21:0.01450225226307013)Node6:0,cluster_45_17:0.03075801496084256)Node5:0,cluster_48_21:0)Node4:0,cluster_49_34:0.004760561438578997)Node3:0,cluster_52_45:0.009554336539385181)Node2:0,cluster_53_25:0.009689694509922736)Node1:0,cluster_62_67:0.009482402448245839,cluster_94_16:0)"
  }, 
  "omega": 0
 }, 
 "210-420": {
  "BranchLength": {
   "NS": 0, 
   "S": 0.003286587805980178
  }, 
  "Diversity": {
   "NS": 0, 
   "S": 0.005399975768377501
  }, 
  "Tree": {
   "Combined": "(((((((((((((((cluster_0_712:0.005380809235161977,cluster_1_3912:0)Node14:0,cluster_2_114:0.01095334907932216)Node13:0,cluster_3_89:0.005423672020493829)Node12:0,(cluster_5_161:0.01092379511952971,cluster_6_181:0.005367407623639794)Node19:0)Node11:0,cluster_7_34:0.005367407625078682)Node10:0,cluster_9_43:0.005368507460661988)Node9:0.005352353535766091,cluster_10_87:0.00528340567577826)Node8:0,cluster_11_591:0)Node7:0,cluster_14_199:0)Node6:0,cluster_17_33:0.005337868625500009)Node5:0.005352354382786675,cluster_21_71:0.005439442773070642)Node4:0,cluster_22_58:0.005438635518354898)Node3:0,cluster_29_39:0.005438636254940532)Node2:0,cluster_31_49:0.01095378998226146)Node1:0,cluster_32_33:0.01107596268499918,cluster_48_54:0)", 
   "NS": "(((((((((((((((cluster_0_712:0,cluster_1_3912:0)Node14:0,cluster_2_114:0)Node13:0,cluster_3_89:0)Node12:0,(cluster_5_161:0,cluster_6_181:0)Node19:0)Node11:0,cluster_7_34:0)Node10:0,cluster_9_43:0)Node9:0,cluster_10_87:0)Node8:0,cluster_11_591:0)Node7:0,cluster_14_199:0)Node6:0,cluster_17_33:0)Node5:0,cluster_21_71:0)Node4:0,cluster_22_58:0)Node3:0,cluster_29_39:0)Node2:0,cluster_31_49:0)Node1:0,cluster_32_33:0,cluster_48_54:0)", 
   "S": "(((((((((((((((cluster_0_712:0.005380809235161977,cluster_1_3912:0)Node14:0,cluster_2_114:0.01095334907932216)Node13:0,cluster_3_89:0.005423672020493829)Node12:0,(cluster_5_161:0.01092379511952971,cluster_6_181:0.005367407623639794)Node19:0)Node11:0,cluster_7_34:0.005367407625078682)Node10:0,cluster_9_43:0.005368507460661988)Node9:0.005352353535766091,cluster_10_87:0.00528340567577826)Node8:0,cluster_11_591:0)Node7:0,cluster_14_199:0)Node6:0,cluster_17_33:0.005337868625500009)Node5:0.005352354382786675,cluster_21_71:0.005439442773070642)Node4:0,cluster_22_58:0.005438635518354898)Node3:0,cluster_29_39:0.005438636254940532)Node2:0,cluster_31_49:0.01095378998226146)Node1:0,cluster_32_33:0.01107596268499918,cluster_48_54:0)"
  }, 
  "omega": 0
 }, 
 "240-450": {
  "BranchLength": {
   "NS": 0, 
   "S": 0
  }, 
  "Diversity": {
   "NS": 0, 
   "S": 0
  }, 
  "Tree": "", 
  "omega": 0
 }, 
 "270-480": {
  "BranchLength": {
   "NS": 0, 
   "S": 0
  }, 
  "Diversity": {
   "NS": 0, 
   "S": 0
  }, 
  "Tree": "", 
  "omega": 0
 }, 
 "300-510": {
  "BranchLength": {
   "NS": 0, 
   "S": 0
  }, 
  "Diversity": {
   "NS": 0, 
   "S": 0
  }, 
  "Tree": "", 
  "omega": 0
 }, 
 "330-540": {
  "BranchLength": {
   "NS": 0,