{
 "180-390": {
  "BranchLength": {
   "NS": 0.002242805007499288, 
   "S": 0.006981885548644235
  }, 
  "Diversity": {
   "NS": 0.008559747778419202, 
   "S": 0.03379703796652787
  }, 
  "Tree": {
   "Combined": "(((((((((((((((((((((((((((((((((((((((((((((((cluster_0_7153:0.026983553815916,cluster_1_1284:0.005646720667914092)Node46:0,cluster_2_39:0.03315473516413135)Node45:0,cluster_3_363:0.005552338522654097)Node44:0,cluster_4_298:0.02709033294580672)Node43:0,cluster_5_1164:0.005636485633020045)Node42:0,(cluster_6_818:0.0207632892133375,cluster_7_2091:0.01144696872430065)Node53:0)Node41:0,cluster_8_133:0.01770685589875031)Node40:0,cluster_9_773:0.0116058623514028)Node39:0,cluster_10_74:0.02701779494183252)Node38:0,cluster_11_663:0.005563030901995894)Node37:0,cluster_12_245:0.005641373415513178)Node36:0.005640940418840907,cluster_13_348:0.03664649530292195)Node35:0,cluster_14_307:0.005736612186390412)Node34:0.005640944757124323,cluster_15_221:0)Node33:0,cluster_16_415:0.03177357464925729)Node32:0,cluster_17_324:0.01143670282172546)Node31:0,cluster_18_51:0.005641366766362169)Node30:0,cluster_20_82:0.02074049899268229)Node29:0.01144696187989622,cluster_21_51:0.005668086797840115)Node28:0,cluster_22_158:0.04758763362471908)Node27:0,cluster_23_54:0.004679765609782022)Node26:0,cluster_24_64:0.0055729819317825)Node25:0,cluster_25_391:0.02677068367181995)Node24:0.005842041789152391,cluster_26_54:0.005680889619383738)Node23:0.01209056372075417,cluster_27_44:0.005748126259164088)Node22:0,cluster_28_257:0.02701077132852061)Node21:0,cluster_30_339:0.005610911765530198)Node20:0,cluster_32_591:0.01163226856495174)Node19:0,cluster_34_77:0.005748136804806517)Node18:0,cluster_35_44:0.03174521657996698)Node17:0,cluster_36_99:0.01179610819242333)Node16:0,(cluster_37_41:0.006050194396784866,cluster_38_160:0.005534754408934793)Node81:0.02132073705418107)Node15:0,cluster_40_101:0.01731067009773429)Node14:0,cluster_43_74:0.01731067862124161)Node13:0,cluster_46_43:0.02696835994667015)Node12:0,(cluster_47_40:0.03689483939187688,cluster_49_176:0.01176855484865303)Node87:0.00578696636016543)Node11:0,cluster_51_248:0.00565072774008485)Node10:0,cluster_52_40:0.01757364548774801)Node9:0,cluster_54_36:0.02122978020328415)Node8:0,cluster_61_61:0.01794359154461515)Node7:0,cluster_62_45:0.01819873957899482)Node6:0.0208127128755164,cluster_68_42:0.005738574236543233)Node5:0,cluster_73_113:0.00583860161436549)Node4:0,cluster_74_70:0.005837204954772054)Node3:0.01938006482048247,cluster_81_57:0.01935664950408459)Node2:0,cluster_82_33:0.02849281724942322)Node1:0,cluster_94_50:0.0319814005783082,cluster_116_32:0.01301585442365761)", 
   "NS": "(((((((((((((((((((((((((((((((((((((((((((((((cluster_0_7153:0.009611620821394653,cluster_1_1284:0)Node46:0,cluster_2_39:0.009555440185128527)Node45:0,cluster_3_363:0)Node44:0,cluster_4_298:0.009428913823743973)Node43:0,cluster_5_1164:0)Node42:0,(cluster_6_818:0.00972503215043505,cluster_7_2091:0)Node53:0)Node41:0,cluster_8_133:0)Node40:0,cluster_9_773:0)Node39:0,cluster_10_74:0.009614193706249271)Node38:0,cluster_11_663:0)Node37:0,cluster_12_245:0)Node36:0,cluster_13_348:0.01950837749918123)Node35:0,cluster_14_307:0)Node34:0,cluster_15_221:0)Node33:0,cluster_16_415:0.01453310040127994)Node32:0,cluster_17_324:0)Node31:0,cluster_18_51:0)Node30:0,cluster_20_82:0.00972264633043533)Node29:0,cluster_21_51:0)Node28:0,cluster_22_158:0.009506550515328836)Node27:0,cluster_23_54:0.004679765609782022)Node26:0,cluster_24_64:0)Node25:0,cluster_25_391:0.009617193973461603)Node24:0,cluster_26_54:0)Node23:0,cluster_27_44:0)Node22:0,cluster_28_257:0.009611342791230049)Node21:0,cluster_30_339:0)Node20:0,cluster_32_591:0)Node19:0,cluster_34_77:0)Node18:0,cluster_35_44:0.01453353493650645)Node17:0,cluster_36_99:0)Node16:0,(cluster_37_41:0,cluster_38_160:0)Node81:0.00970747978197249)Node15:0,cluster_40_101:0)Node14:0,cluster_43_74:0)Node13:0,cluster_46_43:0.009608878150051037)Node12:0,(cluster_47_40:0.01949374272165622,cluster_49_176:0)Node87:0)Node11:0,cluster_51_248:0)Node10:0,cluster_52_40:0)Node9:0,cluster_54_36:0.009712259320528022)Node8:0,cluster_61_61:0)Node7:0,cluster_62_45:0)Node6:0.009722958862371418,cluster_68_42:0)Node5:0,cluster_73_113:0)Node4:0,cluster_74_70:0)Node3:0.009676795850765972,cluster_81_57:0)Node2:0,cluster_82_33:0.009426228781743437)Node1:0,cluster_94_50:0.009527249544182517,cluster_116_32:0)", 
   "S": "(((((((((((((((((((((((((((((((((((((((((((((((cluster_0_7153:0.01737193299452134,cluster_1_1284:0.005646720667914092)Node46:0,cluster_2_39:0.02359929497900281)Node45:0,cluster_3_363:0.005552338522654097)Node44:0,cluster_4_298:0.01766141912206275)Node43:0,cluster_5_1164:0.005636485633020045)Node42:0,(cluster_6_818:0.01103825706290246,cluster_7_2091:0.01144696872430065)Node53:0)Node41:0,cluster_8_133:0.01770685589875031)Node40:0,cluster_9_773:0.0116058623514028)Node39:0,cluster_10_74:0.01740360123558324)Node38:0,cluster_11_663:0.005563030901995894)Node37:0,cluster_12_245:0.005641373415513178)Node36:0.005640940418840907,cluster_13_348:0.0171381178037407)Node35:0,cluster_14_307:0.005736612186390412)Node34:0.005640944757124323,cluster_15_221:0)Node33:0,cluster_16_415:0.01724047424797735)Node32:0,cluster_17_324:0.01143670282172546)Node31:0,cluster_18_51:0.005641366766362169)Node30:0,cluster_20_82:0.01101785266224697)Node29:0.01144696187989622,cluster_21_51:0.005668086797840115)Node28:0,cluster_22_158:0.03808108310939023)Node27:0,cluster_23_54:0)Node26:0,cluster_24_64:0.0055729819317825)Node25:0,cluster_25_391:0.01715348969835836)Node24:0.005842041789152391,cluster_26_54:0.005680889619383738)Node23:0.01209056372075417,cluster_27_44:0.005748126259164088)Node22:0,cluster_28_257:0.01739942853729055)Node21:0,cluster_30_339:0.005610911765530198)Node20:0,cluster_32_591:0.01163226856495174)Node19:0,cluster_34_77:0.005748136804806517)Node18:0,cluster_35_44:0.0172116816434605)Node17:0,cluster_36_99:0.01179610819242333)Node16:0,(cluster_37_41:0.006050194396784866,cluster_38_160:0.005534754408934793)Node81:0.01161325727220858)Node15:0,cluster_40_101:0.01731067009773429)Node14:0,cluster_43_74:0.01731067862124161)Node13:0,cluster_46_43:0.01735948179661911)Node12:0,(cluster_47_40:0.01740109667022067,cluster_49_176:0.01176855484865303)Node87:0.00578696636016543)Node11:0,cluster_51_248:0.00565072774008485)Node10:0,cluster_52_40:0.01757364548774801)Node9:0,cluster_54_36:0.01151752088275613)Node8:0,cluster_61_61:0.01794359154461515)Node7:0,cluster_62_45:0.01819873957899482)Node6:0.01108975401314499,cluster_68_42:0.005738574236543233)Node5:0,cluster_73_113:0.00583860161436549)Node4:0,cluster_74_70:0.005837204954772054)Node3:0.009703268969716497,cluster_81_57:0.01935664950408459)Node2:0,cluster_82_33:0.01906658846767977)Node1:0,cluster_94_50:0.0224541510341257,cluster_116_32:0.01301585442365761)"
  }, 
  "omega": 0.1278459825288321
 }, 
 "180-429": {
  "BranchLength": {
   "NS": 0.001772685916638419, 
   "S": 0.005445511025843195
  }, 
  "Diversity": {
   "NS": 0.006876865531925584, 
   "S": 0.03106043806263291
  },