{
 "117-528": {
  "BranchLength": {
   "NS": 0.002999355978002966, 
   "S": 0.001563991501697539
  }, 
  "Diversity": {
   "NS": 0.006994549339309413, 
   "S": 0.007070517352844968
  }, 
  "Tree": {
   "Combined": "(((((((((((((((((((((((((((cluster_0_11817:0,cluster_1_121:0.00249208764963772)Node26:0.00255792541878924,cluster_4_450:0)Node25:0,cluster_8_85:0.005096653386385878)Node24:0,cluster_9_440:0.007527848671436)Node23:0,cluster_10_2029:0.02266525247213852)Node22:0,cluster_12_78:0.01280139434449624)Node21:0.002626419877918153,cluster_13_174:0.005118379712425842)Node20:0.005310715215540566,cluster_14_328:0.01503924779180871)Node19:0,cluster_15_225:0.030642061601309)Node18:0,cluster_16_262:0.0102902937484565)Node17:0,cluster_18_321:0.017747290850807)Node16:0.005105883029960452,(cluster_19_401:0.005052426107665577,cluster_20_65:0.002496845303630484)Node39:0)Node15:0,cluster_33_271:0.002482225991766275)Node14:0,cluster_34_66:0.02802284634317551)Node13:0,cluster_36_147:0.00750644996679777)Node12:0,(cluster_37_163:0.02074180888520498,cluster_41_96:0.002490025872881954)Node45:0)Node11:0,cluster_43_223:0)Node10:0,cluster_44_121:0.002501056386373663)Node9:0,cluster_51_132:0.007483428773094407)Node8:0,cluster_54_86:0.007750010858648269)Node7:0,cluster_73_71:0.002585471757861934)Node6:0,cluster_105_100:0.005010130806425906)Node5:0.002471225884422491,cluster_109_80:0.005077870015818612)Node4:0,cluster_112_93:0)Node3:0.0074455853713693,cluster_180_296:0)Node2:0.00247398351822472,cluster_201_77:0)Node1:0.001021311544495992,cluster_253_64:0.01013852567267591,cluster_652_91:0.001464818470686302)", 
   "NS": "(((((((((((((((((((((((((((cluster_0_11817:0,cluster_1_121:0.00249208764963772)Node26:0,cluster_4_450:0)Node25:0,cluster_8_85:0)Node24:0,cluster_9_440:0.004971406599165647)Node23:0,cluster_10_2029:0.01766956426277909)Node22:0,cluster_12_78:0)Node21:0,cluster_13_174:0.002491615594664629)Node20:0,cluster_14_328:0.01503924779180871)Node19:0,cluster_15_225:0.02606680961926494)Node18:0,cluster_16_262:0.002723860086734227)Node17:0,cluster_18_321:0.017747290850807)Node16:0,(cluster_19_401:0.002490033987359306,cluster_20_65:0.002496845303630484)Node39:0)Node15:0,cluster_33_271:0.002482225991766275)Node14:0,cluster_34_66:0.02035475341217071)Node13:0,cluster_36_147:0.00750644996679777)Node12:0,(cluster_37_163:0.005006322898546093,cluster_41_96:0.002490025872881954)Node45:0)Node11:0,cluster_43_223:0)Node10:0,cluster_44_121:0.002501056386373663)Node9:0,cluster_51_132:0.007483428773094407)Node8:0,cluster_54_86:0.005014199581550447)Node7:0,cluster_73_71:0)Node6:0,cluster_105_100:0.005010130806425906)Node5:0.002471225884422491,cluster_109_80:0.002509653444075899)Node4:0,cluster_112_93:0)Node3:0.0074455853713693,cluster_180_296:0)Node2:0.00247398351822472,cluster_201_77:0)Node1:0.001021311544495992,cluster_253_64:0.007538069033441375,cluster_652_91:0.001464818470686302)", 
   "S": "(((((((((((((((((((((((((((cluster_0_11817:0,cluster_1_121:0)Node26:0.00255792541878924,cluster_4_450:0)Node25:0,cluster_8_85:0.005096653386385878)Node24:0,cluster_9_440:0.002556442072270353)Node23:0,cluster_10_2029:0.004995688209359435)Node22:0,cluster_12_78:0.01280139434449624)Node21:0.002626419877918153,cluster_13_174:0.002626764117761211)Node20:0.005310715215540566,cluster_14_328:0)Node19:0,cluster_15_225:0.004575251982044049)Node18:0,cluster_16_262:0.007566433661722272)Node17:0,cluster_18_321:0)Node16:0.005105883029960452,(cluster_19_401:0.002562392120306271,cluster_20_65:0)Node39:0)Node15:0,cluster_33_271:0)Node14:0,cluster_34_66:0.007668092931004796)Node13:0,cluster_36_147:0)Node12:0,(cluster_37_163:0.01573548598665888,cluster_41_96:0)Node45:0)Node11:0,cluster_43_223:0)Node10:0,cluster_44_121:0)Node9:0,cluster_51_132:0)Node8:0,cluster_54_86:0.002735811277097822)Node7:0,cluster_73_71:0.002585471757861934)Node6:0,cluster_105_100:0)Node5:0,cluster_109_80:0.002568216571742713)Node4:0,cluster_112_93:0)Node3:0,cluster_180_296:0)Node2:0,cluster_201_77:0)Node1:0,cluster_253_64:0.002600456639234536,cluster_652_91:0)"
  }, 
  "omega": 0.4958817859165962
 }, 
 "120-330": {
  "BranchLength": {
   "NS": 0.001760946342200073, 
   "S": 0.003188321170512082
  }, 
  "Diversity": {
   "NS": 0.002081696391847427, 
   "S": 0.004312577006175516
  }, 
  "Tree": {
   "Combined": "((((((((((((((((((cluster_0_16061:0,cluster_1_125:0.004812496660174481)Node17:0.004752309989172328,cluster_3_623:0)Node16:0,(cluster_7_106:0.009502250523944168,cluster_8_3521:0.00476433660934457)Node21:0)Node15:0,cluster_10_418:0.02410871837803269)Node14:0.004752309987313889,cluster_11_229:0.00956490446707353)Node13:0,cluster_13_578:0.004801088205433112)Node12:0,(cluster_14_69:0.004728547191900895,cluster_15_42:0.004812809647863857)Node27:0)Node11:0,cluster_16_65:0.004778124088147313)Node10:0,cluster_17_65:0.01440972681105905)Node9:0,cluster_20_169:0.004812114042618581)Node8:0,cluster_22_94:0.009525995511549718)Node7:0,cluster_23_35:0.004795706102822105)Node6:0,cluster_24_209:0.004785845809286001)Node5:0,cluster_27_141:0.009699457758943661)Node4:0,cluster_28_105:0.03510967071282298)Node3:0,cluster_34_59:0.01920491259476034)Node2:0,cluster_46_44:0)Node1:0,cluster_49_54:0,cluster_53_33:0.01919864292893504)", 
   "NS": "((((((((((((((((((cluster_0_16061:0,cluster_1_125:0.004812496660174481)Node17:0,cluster_3_623:0)Node16:0,(cluster_7_106:0,cluster_8_3521:0.00476433660934457)Node21:0)Node15:0,cluster_10_418:0)Node14:0,cluster_11_229:0.004812560111578775)Node13:0,cluster_13_578:0.004801088205433112)Node12:0,(cluster_14_69:0,cluster_15_42:0.004812809647863857)Node27:0)Node11:0,cluster_16_65:0)Node10:0,cluster_17_65:0)Node9:0,cluster_20_169:0.004812114042618581)Node8:0,cluster_22_94:0.004797680098200576)Node7:0,cluster_23_35:0)Node6:0,cluster_24_209:0.004785845809286001)Node5:0,cluster_27_141:0.009699457758943661)Node4:0,cluster_28_105:0.004762825976543682)Node3:0,cluster_34_59:0.009649171204946025)Node2:0,cluster_46_44:0)Node1:0,cluster_49_54:0,cluster_53_33:0.00968841390526964)", 
   "S": "((((((((((((((((((cluster_0_16061:0,cluster_1_125:0)Node17:0.004752309989172328,cluster_3_623:0)Node16:0,(cluster_7_106:0.009502250523944168,cluster_8_3521:0)Node21:0)Node15:0,cluster_10_418:0.02410871837803269)Node14:0.004752309987313889,cluster_11_229:0.004752344355494756)Node13:0,cluster_13_578:0)Node12:0,(cluster_14_69:0.004728547191900895,cluster_15_42:0)Node27:0)Node11:0,cluster_16_65:0.004778124088147313)Node10:0,cluster_17_65:0.01440972681105905)Node9:0,cluster_20_169:0)Node8:0,cluster_22_94:0.004728315413349143)Node7:0,cluster_23_35:0.004795706102822105)Node6:0,cluster_24_209:0)Node5:0,cluster_27_141:0)Node4:0,cluster_28_105:0.03034684473627929)Node3:0,cluster_34_59:0.009555741389814321)Node2:0,cluster_46_44:0)Node1:0,cluster_49_54:0,cluster_53_33:0.0095102290236654)"
  }, 
  "omega": 0.1713062557926933
 }, 
 "150-360": {
  "BranchLength": {
   "NS": 0.001534921606895312, 
   "S": 0.003957008032828606
  }, 
  "Diversity": {
   "NS": 0.001930145646518456, 
   "S": 0.004067354482782853
  }, 
  "Tree": {
   "Combined": "(((((((((((((cluster_0_16532:0.004826413344018197,cluster_2_649:0)Node12:0,(cluster_3_3612:0.004893533505534388,cluster_4_435:0.02475316307384948)Node15:0)Node11:0,cluster_6_107:0.009771990906386047)Node10:0.004826426283375375,cluster_8_595:0.00494074108258745)Node9:0,cluster_9_72:0.004865525001133307)Node8:0,cluster_10_68:0.004924172900781033)Node7:0,cluster_11_68:0.01479582695630935)Node6:0,cluster_14_166:0.004952803064666412)Node5:0,cluster_16_58:0.0199145902388597)Node4:0,cluster_17_32:0.004921154818823375)Node3:0,cluster_18_215:0.004928487246660374)Node2:0,cluster_21_140:0.009975722664221547)Node1:0,cluster_22_107:0.03597540846478758,cluster_37_46:0)",