
{
	"Actual comparisons performed" :218641854,
	"Comparisons accounting for copy numbers " :7.77238e+08,
	"Total comparisons possible" : 243266653,
	"Links found" : 100926377,
	"Maximum distance" : 0.329525,
	"Mean distance" : 0.03823,
	"Histogram" : [[0.005,40384292],[0.01,60542085],[0.015,68584399],[0.02,64733124],[0.025,52379994],[0.03,39228649],[0.035,33143249],[0.04,47836563],[0.045,62558910],[0.05,80851421],[0.055,69733082],[0.06,39905607],[0.065,20060661],[0.07,16811483],[0.075,12826488],[0.08,21001561],[0.085,13896941],[0.09,6013175],[0.095,2904446],[0.1,1360039],[0.105,1378159],[0.11,978712],[0.115,764141],[0.12,1086692],[0.125,1204568],[0.13,5224974],[0.135,5432592],[0.14,3106417],[0.145,1225653],[0.15,1218449],[0.155,484219],[0.16,178795],[0.165,58032],[0.17,44873],[0.175,19166],[0.18,8938],[0.185,7453],[0.19,5220],[0.195,5200],[0.2,4027],[0.205,4384],[0.21,2774],[0.215,4355],[0.22,3568],[0.225,4664],[0.23,2688],[0.235,2777],[0.24,2752],[0.245,1207],[0.25,2823],[0.255,2432],[0.26,4124],[0.265,1299],[0.27,1283],[0.275,2652],[0.28,273],[0.285,362],[0.29,404],[0.295,90],[0.3,76],[0.305,104],[0.31,16],[0.315,9],[0.32,10],[0.325,6],[0.33,3],[0.335,0],[0.34,0],[0.345,0],[0.35,0],[0.355,0],[0.36,0],[0.365,0],[0.37,0],[0.375,0],[0.38,0],[0.385,0],[0.39,0],[0.395,0],[0.4,0],[0.405,0],[0.41,0],[0.415,0],[0.42,0],[0.425,0],[0.43,0],[0.435,0],[0.44,0],[0.445,0],[0.45,0],[0.455,0],[0.46,0],[0.465,0],[0.47,0],[0.475,0],[0.48,0],[0.485,0],[0.49,0],[0.495,0],[0.5,0],[0.505,0],[0.51,0],[0.515,0],[0.52,0],[0.525,0],[0.53,0],[0.535,0],[0.54,0],[0.545,0],[0.55,0],[0.555,0],[0.56,0],[0.565,0],[0.57,0],[0.575,0],[0.58,0],[0.585,0],[0.59,0],[0.595,0],[0.6,0],[0.605,0],[0.61,0],[0.615,0],[0.62,0],[0.625,0],[0.63,0],[0.635,0],[0.64,0],[0.645,0],[0.65,0],[0.655,0],[0.66,0],[0.665,0],[0.67,0],[0.675,0],[0.68,0],[0.685,0],[0.69,0],[0.695,0],[0.7,0],[0.705,0],[0.71,0],[0.715,0],[0.72,0],[0.725,0],[0.73,0],[0.735,0],[0.74,0],[0.745,0],[0.75,0],[0.755,0],[0.76,0],[0.765,0],[0.77,0],[0.775,0],[0.78,0],[0.785,0],[0.79,0],[0.795,0],[0.8,0],[0.805,0],[0.81,0],[0.815,0],[0.82,0],[0.825,0],[0.83,0],[0.835,0],[0.84,0],[0.845,0],[0.85,0],[0.855,0],[0.86,0],[0.865,0],[0.87,0],[0.875,0],[0.88,0],[0.885,0],[0.89,0],[0.895,0],[0.9,0],[0.905,0],[0.91,0],[0.915,0],[0.92,0],[0.925,0],[0.93,0],[0.935,0],[0.94,0],[0.945,0],[0.95,0],[0.955,0],[0.96,0],[0.965,0],[0.97,0],[0.975,0],[0.98,0],[0.985,0],[0.99,0],[0.995,0],[1,0]]
}
