{
 "117-528": {
  "BranchLength": {
   "NS": 0.01950413325860254, 
   "S": 0.00809193426924655
  }, 
  "Diversity": {
   "NS": 0.1271431376848916, 
   "S": 0.06346328976017988
  }, 
  "Tree": {
   "Combined": "(((((((((((((((((((((((((((((((((((((((((((((((((cluster_0_208:0.02260809605914995,cluster_1_63:0.09721546125292956)Node48:0,cluster_4_166:0.01153164160272907)Node47:0.09515135774880673,cluster_8_2410:0.01532531695436154)Node46:0,cluster_9_1268:0.1066338029708325)Node45:0,cluster_10_1037:0.03469596162358646)Node44:0,cluster_14_156:0.01553209603285931)Node43:0,cluster_25_77:0.02359428496642947)Node42:0,(cluster_28_137:0.09552991335906173,cluster_31_501:0.02041903939128514)Node57:0.005111611001006074)Node41:0,cluster_33_236:0.01544201334115475)Node40:0,cluster_34_239:0.01512455772354175)Node39:0.0198696980823068,cluster_38_271:0.08298220153751806)Node38:0,cluster_40_162:0.08019599897312167)Node37:0,cluster_43_1264:0.03397825046066064)Node36:0,cluster_45_72:0.09650356875909054)Node35:0.01461970940234105,cluster_51_203:0.01782139893345192)Node34:0,cluster_52_199:0.02912534506912583)Node33:0,cluster_55_120:0.1063491574486686)Node32:0,cluster_57_72:0.02639904069554045)Node31:0,cluster_61_219:0.09562963946040197)Node30:0,cluster_68_62:0.01593589520125617)Node29:0.004827747916728591,cluster_79_200:0.1077940317055535)Node28:0,cluster_80_111:0.02067927364235818)Node27:0,cluster_85_65:0.01845652039458102)Node26:0,cluster_100_92:0.01282996604857433)Node25:0.08905335629554965,cluster_102_162:0.009813609507449386)Node24:0,cluster_121_67:0.004213429570178152)Node23:0.1108357174304996,cluster_123_139:0.01026412682631717)Node22:0,cluster_125_74:0.1271250361912517)Node21:0,cluster_126_74:0)Node20:0.002506142277979768,cluster_127_102:0.04749800092669334)Node19:0,cluster_139_74:0.01042122425646423)Node18:0,cluster_144_81:0.1293312981718497)Node17:0,cluster_149_68:0.005153727610151357)Node16:0,(cluster_164_122:0.04061088263875332,cluster_175_69:0.005201187219568309)Node85:0.006456306500206985)Node15:0,cluster_177_66:0.002586822701120998)Node14:0.01085284358041745,cluster_181_73:0.111961158809851)Node13:0,cluster_189_80:0.1248287925314174)Node12:0.005386098883292081,(cluster_190_68:0.02272115557334073,cluster_221_162:0.01177977145875555)Node91:0)Node11:0,cluster_229_61:0.01068431829869936)Node10:0.113839197272383,cluster_236_126:0.0163247519152449)Node9:0,cluster_249_67:0.009818355375003134)Node8:0.01089389484012314,cluster_287_60:0.002514840098399108)Node7:0,cluster_331_65:0.1109632878811023)Node6:0,cluster_370_70:0.008236020391390394)Node5:0.004724673352156861,cluster_406_120:0.1072445228956971)Node4:0,cluster_485_57:0.007937012773629489)Node3:0.0705798718857136,cluster_650_103:0.03602702874857557)Node2:0,cluster_1007_75:0.08756424681886925)Node1:0.02287534067650555,cluster_1608_74:0.02438708930513258,cluster_2321_63:0.006459351175407358)", 
   "NS": "(((((((((((((((((((((((((((((((((((((((((((((((((cluster_0_208:0.01454873685149791,cluster_1_63:0.07152650294279934)Node48:0,cluster_4_166:0.01153164160272907)Node47:0.06837057353525537,cluster_8_2410:0.01532531695436154)Node46:0,cluster_9_1268:0.08015846546128892)Node45:0,cluster_10_1037:0.01962242453640788)Node44:0,cluster_14_156:0.01294298160576076)Node43:0,cluster_25_77:0.01817960881822237)Node42:0,(cluster_28_137:0.07603828263816408,cluster_31_501:0.0149212280966117)Node57:0.005111611001006074)Node41:0,cluster_33_236:0.01297408173544601)Node40:0,cluster_34_239:0.009866484632213309)Node39:0.002728185033539893,cluster_38_271:0.07219489660768862)Node38:0,cluster_40_162:0.07244588323864774)Node37:0,cluster_43_1264:0.007950388080465529)Node36:0,cluster_45_72:0.07903657894732445)Node35:0,cluster_51_203:0.01261124899279761)Node34:0,cluster_52_199:0.01913653465402151)Node33:0,cluster_55_120:0.07528852245353246)Node32:0,cluster_57_72:0.01363001567140077)Node31:0,cluster_61_219:0.07182190212458316)Node30:0,cluster_68_62:0.008533607199153213)Node29:0,cluster_79_200:0.0772165436338425)Node28:0,cluster_80_111:0.0154076077876525)Node27:0,cluster_85_65:0.01279293941194521)Node26:0,cluster_100_92:0.01282996604857433)Node25:0.07376491494001093,cluster_102_162:0.002952267917607322)Node24:0,cluster_121_67:0)Node23:0.07982135246896994,cluster_123_139:0.007702828091979028)Node22:0,cluster_125_74:0.07323794964248968)Node21:0,cluster_126_74:0)Node20:0.002506142277979768,cluster_127_102:0.04017553511839569)Node19:0,cluster_139_74:0.007833846837842601)Node18:0,cluster_144_81:0.0799036208175546)Node17:0,cluster_149_68:0.002561066051391383)Node16:0,(cluster_164_122:0.02856020733733484,cluster_175_69:0)Node85:0.006456306500206985)Node15:0,cluster_177_66:0)Node14:0.005073225702390979,cluster_181_73:0.07468536765629004)Node13:0,cluster_189_80:0.08021001688251707)Node12:0.005386098883292081,(cluster_190_68:0.02272115557334073,cluster_221_162:0.006028741589127484)Node91:0)Node11:0,cluster_229_61:0.004890793444250109)Node10:0.07770231340868228,cluster_236_126:0.01296271051468605)Node9:0,cluster_249_67:0.009818355375003134)Node8:0.002756956682248251,cluster_287_60:0.002514840098399108)Node7:0,cluster_331_65:0.08163665560513338)Node6:0,cluster_370_70:0)Node5:0.004724673352156861,cluster_406_120:0.07902675300184925)Node4:0,cluster_485_57:0.005288310550311853)Node3:0.0705798718857136,cluster_650_103:0.00638916750583211)Node2:0,cluster_1007_75:0.08093209683821279)Node1:0,cluster_1608_74:0.02438708930513258,cluster_2321_63:0)", 
   "S": "(((((((((((((((((((((((((((((((((((((((((((((((((cluster_0_208:0.008059359207652052,cluster_1_63:0.02568895831013018)Node48:0,cluster_4_166:0)Node47:0.02678078421355133,cluster_8_2410:0)Node46:0,cluster_9_1268:0.0264753375095436)Node45:0,cluster_10_1037:0.01507353708717857)Node44:0,cluster_14_156:0.002589114427098545)Node43:0,cluster_25_77:0.005414676148207104)Node42:0,(cluster_28_137:0.01949163072089768,cluster_31_501:0.005497811294673445)Node57:0)Node41:0,cluster_33_236:0.002467931605708741)Node40:0,cluster_34_239:0.005258073091328436)Node39:0.01714151304876691,cluster_38_271:0.01078730492982947)Node38:0,cluster_40_162:0.007750115734473938)Node37:0,cluster_43_1264:0.02602786238019512)Node36:0,cluster_45_72:0.01746698981176608)Node35:0.01461970940234105,cluster_51_203:0.005210149940654315)Node34:0,cluster_52_199:0.00998881041510432)Node33:0,cluster_55_120:0.03106063499513611)Node32:0,cluster_57_72:0.01276902502413968)Node31:0,cluster_61_219:0.0238077373358188)Node30:0,cluster_68_62:0.007402288002102954)Node29:0.004827747916728591,cluster_79_200:0.030577488071711)Node28:0,cluster_80_111:0.00527166585470567)Node27:0,cluster_85_65:0.005663580982635804)Node26:0,cluster_100_92:0)Node25:0.01528844135553877,cluster_102_162:0.006861341589842065)Node24:0,cluster_121_67:0.004213429570178152)Node23:0.03101436496152959,cluster_123_139:0.002561298734338145)Node22:0,cluster_125_74:0.0538870865487621)Node21:0,cluster_126_74:0)Node20:0,cluster_127_102:0.007322465808297682)Node19:0,cluster_139_74:0.00258737741862163)Node18:0,cluster_144_81:0.04942767735429516)Node17:0,cluster_149_68:0.002592661558759973)Node16:0,(cluster_164_122:0.01205067530141846,cluster_175_69:0.005201187219568309)Node85:0)Node15:0,cluster_177_66:0.002586822701120998)Node14:0.005779617878026476,cluster_181_73:0.03727579115356092)Node13:0,cluster_189_80:0.04461877564890031)Node12:0,(cluster_190_68:0,cluster_221_162:0.005751029869628064)Node91:0)Node11:0,cluster_229_61:0.005793524854449248)Node10:0.03613688386370079,cluster_236_126:0.003362041400558844)Node9:0,cluster_249_67:0)Node8:0.008136938157874894,cluster_287_60:0)Node7:0,cluster_331_65:0.02932663227596896)Node6:0,cluster_370_70:0.008236020391390394)Node5:0,cluster_406_120:0.02821776989384789)Node4:0,cluster_485_57:0.002648702223317633)Node3:0,cluster_650_103:0.02963786124274347)Node2:0,cluster_1007_75:0.006632149980656438)Node1:0.02287534067650555,cluster_1608_74:0,cluster_2321_63:0.006459351175407358)"
  }, 
  "omega": 0.6837929278558147
 },