
{
	"Actual comparisons performed" :64003157,
	"Comparisons accounting for copy numbers " :4.259e+08,
	"Total comparisons possible" : 68521071,
	"Links found" : 37535940,
	"Maximum distance" : 0.469872,
	"Mean distance" : 0.0893065,
	"Histogram" : [[0.005,17538397],[0.01,19997543],[0.015,18535034],[0.02,23966361],[0.025,26422414],[0.03,19291794],[0.035,15252756],[0.04,9437471],[0.045,5201015],[0.05,3889692],[0.055,2367929],[0.06,1346276],[0.065,1125884],[0.07,1489652],[0.075,1523742],[0.08,1287057],[0.085,1438143],[0.09,2233104],[0.095,7445126],[0.1,15089635],[0.105,26253675],[0.11,27627027],[0.115,28829389],[0.12,21543914],[0.125,16989473],[0.13,17975687],[0.135,9019340],[0.14,7459429],[0.145,6582778],[0.15,4781737],[0.155,3827221],[0.16,2771449],[0.165,3355017],[0.17,3047799],[0.175,3213829],[0.18,3987710],[0.185,5779630],[0.19,4901294],[0.195,6224856],[0.2,5954079],[0.205,4607320],[0.21,7837468],[0.215,2897333],[0.22,2490864],[0.225,1173203],[0.23,701295],[0.235,392177],[0.24,187193],[0.245,121628],[0.25,55917],[0.255,45269],[0.26,35086],[0.265,34310],[0.27,30256],[0.275,27483],[0.28,24210],[0.285,35752],[0.29,23015],[0.295,21102],[0.3,43818],[0.305,22012],[0.31,18217],[0.315,14500],[0.32,11021],[0.325,10439],[0.33,9916],[0.335,5227],[0.34,2580],[0.345,5521],[0.35,4166],[0.355,2669],[0.36,3261],[0.365,601],[0.37,291],[0.375,169],[0.38,138],[0.385,71],[0.39,31],[0.395,15],[0.4,11],[0.405,9],[0.41,9],[0.415,7],[0.42,2],[0.425,1],[0.43,0],[0.435,0],[0.44,0],[0.445,1],[0.45,0],[0.455,0],[0.46,2],[0.465,0],[0.47,1],[0.475,0],[0.48,0],[0.485,0],[0.49,0],[0.495,0],[0.5,0],[0.505,0],[0.51,0],[0.515,0],[0.52,0],[0.525,0],[0.53,0],[0.535,0],[0.54,0],[0.545,0],[0.55,0],[0.555,0],[0.56,0],[0.565,0],[0.57,0],[0.575,0],[0.58,0],[0.585,0],[0.59,0],[0.595,0],[0.6,0],[0.605,0],[0.61,0],[0.615,0],[0.62,0],[0.625,0],[0.63,0],[0.635,0],[0.64,0],[0.645,0],[0.65,0],[0.655,0],[0.66,0],[0.665,0],[0.67,0],[0.675,0],[0.68,0],[0.685,0],[0.69,0],[0.695,0],[0.7,0],[0.705,0],[0.71,0],[0.715,0],[0.72,0],[0.725,0],[0.73,0],[0.735,0],[0.74,0],[0.745,0],[0.75,0],[0.755,0],[0.76,0],[0.765,0],[0.77,0],[0.775,0],[0.78,0],[0.785,0],[0.79,0],[0.795,0],[0.8,0],[0.805,0],[0.81,0],[0.815,0],[0.82,0],[0.825,0],[0.83,0],[0.835,0],[0.84,0],[0.845,0],[0.85,0],[0.855,0],[0.86,0],[0.865,0],[0.87,0],[0.875,0],[0.88,0],[0.885,0],[0.89,0],[0.895,0],[0.9,0],[0.905,0],[0.91,0],[0.915,0],[0.92,0],[0.925,0],[0.93,0],[0.935,0],[0.94,0],[0.945,0],[0.95,0],[0.955,0],[0.96,0],[0.965,0],[0.97,0],[0.975,0],[0.98,0],[0.985,0],[0.99,0],[0.995,0],[1,0]]
}
