{
 "120-330": {
  "BranchLength": {
   "NS": 0, 
   "S": 0
  }, 
  "Diversity": {
   "NS": 0, 
   "S": 0
  }, 
  "Tree": "", 
  "omega": 0
 }, 
 "150-360": {
  "BranchLength": {
   "NS": 0, 
   "S": 0
  }, 
  "Diversity": {
   "NS": 0, 
   "S": 0
  }, 
  "Tree": "", 
  "omega": 0
 }, 
 "180-390": {
  "BranchLength": {
   "NS": 0.0007626803498641854, 
   "S": 0.003343989255247353
  }, 
  "Diversity": {
   "NS": 0.0003305635865197041, 
   "S": 0.004054835688778357
  }, 
  "Tree": {
   "Combined": "((((((((((((cluster_0_4104:0,cluster_1_37:0.01062377529012687)Node11:0,cluster_2_79:0.005200887001138865)Node10:0,cluster_9_200:0.005164732103722224)Node9:0,cluster_10_439:0.005100535945962488)Node8:0,cluster_12_1413:0.005164732149543998)Node7:0,cluster_14_92:0.01537652727431733)Node6:0,cluster_18_49:0.005164732149485504)Node5:0,cluster_19_309:0.005200886757267562)Node4:0,cluster_23_61:0.004752574861818439)Node3:0,cluster_31_56:0.005119307220762083)Node2:0,cluster_32_72:0.01041144448318231)Node1:0,cluster_34_46:0.02018571813279275,cluster_37_37:0.005200886757668036)", 
   "NS": "((((((((((((cluster_0_4104:0,cluster_1_37:0)Node11:0,cluster_2_79:0)Node10:0,cluster_9_200:0)Node9:0,cluster_10_439:0)Node8:0,cluster_12_1413:0)Node7:0,cluster_14_92:0.004752552162486851)Node6:0,cluster_18_49:0)Node5:0,cluster_19_309:0)Node4:0,cluster_23_61:0.004752574861818439)Node3:0,cluster_31_56:0)Node2:0,cluster_32_72:0)Node1:0,cluster_34_46:0.009561881722299345,cluster_37_37:0)", 
   "S": "((((((((((((cluster_0_4104:0,cluster_1_37:0.01062377529012687)Node11:0,cluster_2_79:0.005200887001138865)Node10:0,cluster_9_200:0.005164732103722224)Node9:0,cluster_10_439:0.005100535945962488)Node8:0,cluster_12_1413:0.005164732149543998)Node7:0,cluster_14_92:0.01062397511183047)Node6:0,cluster_18_49:0.005164732149485504)Node5:0,cluster_19_309:0.005200886757267562)Node4:0,cluster_23_61:0)Node3:0,cluster_31_56:0.005119307220762083)Node2:0,cluster_32_72:0.01041144448318231)Node1:0,cluster_34_46:0.01062383641049339,cluster_37_37:0.005200886757668036)"
  }, 
  "omega": 0.09272757243704292
 }, 
 "180-657": {
  "BranchLength": {
   "NS": 0, 
   "S": 0.001782350360261987
  }, 
  "Diversity": {
   "NS": 0, 
   "S": 0.005814175902430988
  }, 
  "Tree": {
   "Combined": "(((((((((((cluster_0_11:0.002257004543620324,cluster_5_11:0.002268829542126006)Node10:0,cluster_10_28:0.002257792086556559)Node9:0,cluster_12_95:0)Node8:0,cluster_13_14:0.002268829535851552)Node7:0.002253262699583564,cluster_17_14:0.002264237173887685)Node6:0,cluster_24_12:0.002284793961829104)Node5:0,cluster_31_13:0.00454664681217377)Node4:0.002252758928680089,cluster_34_13:0.002270198900595821)Node3:0,cluster_36_16:0.009284349736377717)Node2:0,cluster_39_13:0.002257322402893283)Node1:0,cluster_44_23:0.002269658467836642,cluster_47_15:0.00225837349401359)", 
   "NS": "(((((((((((cluster_0_11:0,cluster_5_11:0)Node10:0,cluster_10_28:0)Node9:0,cluster_12_95:0)Node8:0,cluster_13_14:0)Node7:0,cluster_17_14:0)Node6:0,cluster_24_12:0)Node5:0,cluster_31_13:0)Node4:0,cluster_34_13:0)Node3:0,cluster_36_16:0)Node2:0,cluster_39_13:0)Node1:0,cluster_44_23:0,cluster_47_15:0)", 
   "S": "(((((((((((cluster_0_11:0.002257004543620324,cluster_5_11:0.002268829542126006)Node10:0,cluster_10_28:0.002257792086556559)Node9:0,cluster_12_95:0)Node8:0,cluster_13_14:0.002268829535851552)Node7:0.002253262699583564,cluster_17_14:0.002264237173887685)Node6:0,cluster_24_12:0.002284793961829104)Node5:0,cluster_31_13:0.00454664681217377)Node4:0.002252758928680089,cluster_34_13:0.002270198900595821)Node3:0,cluster_36_16:0.009284349736377717)Node2:0,cluster_39_13:0.002257322402893283)Node1:0,cluster_44_23:0.002269658467836642,cluster_47_15:0.00225837349401359)"
  }, 
  "omega": 0
 }, 
 "210-420": {
  "BranchLength": {
   "NS": 0.0004658386492147958, 
   "S": 0.003381935650660336
  }, 
  "Diversity": {
   "NS": 0.0002055414999577399, 
   "S": 0.004708528039155399
  }, 
  "Tree": {
   "Combined": "((((((((((((((cluster_0_3759:0,cluster_2_218:0.01048898423618418)Node13:0,cluster_3_1097:0.00517620563053801)Node12:0,(cluster_4_423:0.005110709433055257,cluster_5_190:0.005176205597783083)Node17:0)Node11:0,cluster_6_50:0.005116704061848518)Node10:0,cluster_7_69:0.0051721368021199)Node9:0,cluster_9_37:0.005194628866090488)Node8:0,cluster_11_273:0.005194628861482759)Node7:0,cluster_13_52:0.01544767238128452)Node6:0,cluster_15_46:0.005176205633401092)Node5:0,cluster_16_127:0.005127583357431144)Node4:0,cluster_18_57:0.004811603546054306)Node3:0,cluster_20_56:0.01058397007686171)Node2:0,cluster_21_53:0.005112775000675879)Node1:0.005251226977849592,cluster_28_62:0.005268823039188488,cluster_30_33:0.01587093979428015)", 
   "NS": "((((((((((((((cluster_0_3759:0,cluster_2_218:0)Node13:0,cluster_3_1097:0)Node12:0,(cluster_4_423:0,cluster_5_190:0)Node17:0)Node11:0,cluster_6_50:0)Node10:0,cluster_7_69:0)Node9:0,cluster_9_37:0)Node8:0,cluster_11_273:0)Node7:0,cluster_13_52:0.00481539608779477)Node6:0,cluster_15_46:0)Node5:0,cluster_16_127:0)Node4:0,cluster_18_57:0.004811603546054306)Node3:0,cluster_20_56:0)Node2:0,cluster_21_53:0)Node1:0,cluster_28_62:0,cluster_30_33:0.004813998491809595)", 
   "S": "((((((((((((((cluster_0_3759:0,cluster_2_218:0.01048898423618418)Node13:0,cluster_3_1097:0.00517620563053801)Node12:0,(cluster_4_423:0.005110709433055257,cluster_5_190:0.005176205597783083)Node17:0)Node11:0,cluster_6_50:0.005116704061848518)Node10:0,cluster_7_69:0.0051721368021199)Node9:0,cluster_9_37:0.005194628866090488)Node8:0,cluster_11_273:0.005194628861482759)Node7:0,cluster_13_52:0.01063227629348976)Node6:0,cluster_15_46:0.005176205633401092)Node5:0,cluster_16_127:0.005127583357431144)Node4:0,cluster_18_57:0)Node3:0,cluster_20_56:0.01058397007686171)Node2:0,cluster_21_53:0.005112775000675879)Node1:0.005251226977849592,cluster_28_62:0.005268823039188488,cluster_30_33:0.01105694130247055)"
  }, 
  "omega": 0.05553617606079059
 }, 
 "240-450": {
  "BranchLength": {
   "NS": 0, 
   "S": 0.005743667499162883
  }, 
  "Diversity": {
   "NS": 0, 
   "S": 0
  }, 
  "Tree": {
   "Combined": "(cluster_5_69:0.005743667499162883)", 
   "NS": "(cluster_5_69:0)", 
   "S": "(cluster_5_69:0.005743667499162883)"
  }, 
  "omega": 0
 }, 
 "270-480": {
  "BranchLength": {
   "NS": 0, 
   "S": 0.005901397681426636
  }, 
  "Diversity": {
   "NS": 0, 
   "S": 0
  }, 
  "Tree": {
   "Combined": "(cluster_6_60:0.005901397681426636)", 
   "NS": "(cluster_6_60:0)", 
   "S": "(cluster_6_60:0.005901397681426636)"
  }, 
  "omega": 0
 }, 
 "300-510": {
  "BranchLength": {
   "NS": 0, 
   "S": 0.006183989116899627
  }, 
  "Diversity": {
   "NS": 0, 
   "S": 0.004886631122829608
  }, 
  "Tree": {
   "Combined": "(cluster_3_212:0.005844147952758324,cluster_5_32:0.01270781939794056,cluster_6_63:0)", 
   "NS": "(cluster_3_212:0,cluster_5_32:0,cluster_6_63:0)", 
   "S": "(cluster_3_212:0.005844147952758324,cluster_5_32:0.01270781939794056,cluster_6_63:0)"
  }, 
  "omega": 0
 }, 
 "330-540": {
  "BranchLength": {
   "NS": 0, 
   "S": 0.005570273337004428
  }, 
  "Diversity": {
   "NS": 0, 
   "S": 0
  }, 
  "Tree": {
   "Combined": "(cluster_7_64:0.005570273337004428)", 
   "NS": "(cluster_7_64:0)", 
   "S": "(cluster_7_64:0.005570273337004428)"
  }, 
  "omega": 0
 }, 
 "360-570": {
  "BranchLength": {
   "NS": 0, 
   "S": 0.003601622107058434
  }, 
  "Diversity": {
   "NS": 0, 
   "S": 0.003696622817401964
  }, 
  "Tree": {
   "Combined": "(cluster_2_96:0,cluster_3_232:0.005402432649574755,cluster_6_45:0.005402433671600548)", 
   "NS": "(cluster_2_96:0,cluster_3_232:0,cluster_6_45:0)", 
   "S": "(cluster_2_96:0,cluster_3_232:0.005402432649574755,cluster_6_45:0.005402433671600548)"
  }, 
  "omega": 0
 }, 
 "390-600": {
  "BranchLength": {
   "NS": 0, 
   "S": 0.002844522083424817
  }, 
  "Diversity": {
   "NS": 0, 
   "S": 0.00702648440290363
  },