{
 "150-360": {
  "BranchLength": {
   "NS": 0, 
   "S": 0.002107822544831309
  }, 
  "Diversity": {
   "NS": 0, 
   "S": 0.003151058825383513
  }, 
  "Tree": {
   "Combined": "((cluster_0_219:0.005288613570631719,cluster_1_503:0)Node1:0.005250499153524826,cluster_2_39:0,cluster_5_55:0)", 
   "NS": "((cluster_0_219:0,cluster_1_503:0)Node1:0,cluster_2_39:0,cluster_5_55:0)", 
   "S": "((cluster_0_219:0.005288613570631719,cluster_1_503:0)Node1:0.005250499153524826,cluster_2_39:0,cluster_5_55:0)"
  }, 
  "omega": 0
 }, 
 "159-552": {
  "BranchLength": {
   "NS": 0.000555838942704158, 
   "S": 0.002091217129503357
  }, 
  "Diversity": {
   "NS": 0.001616521653116884, 
   "S": 0.009465389901911009
  }, 
  "Tree": {
   "Combined": "((((((((((((((((((((((((((((((((((((cluster_0_43:0.002748717863981449,cluster_1_79:0.008388229908945232)Node35:0,cluster_2_211:0.005547886933208107)Node34:0,cluster_3_221:0.002723996574687805)Node33:0,cluster_4_737:0)Node32:0,cluster_5_69:0.002731435100022619)Node31:0,cluster_6_92:0.002726743909564601)Node30:0,cluster_7_77:0.002740437684752491)Node29:0,cluster_8_332:0.005529295735742002)Node28:0,cluster_9_14:0.005291673702684938)Node27:0,cluster_10_96:0.002748265590653652)Node26:0,cluster_11_24:0.008076940492015445)Node25:0,cluster_12_204:0.002513025318577054)Node24:0,cluster_13_187:0.005576485087970248)Node23:0,cluster_15_87:0.002740642155939246)Node22:0,cluster_17_14:0.01071617934502142)Node21:0.00551285313328009,cluster_19_17:0.005604696212636875)Node20:0,cluster_20_108:0.002741043277165603)Node19:0,cluster_21_48:0.002508302625387634)Node18:0.002724472864570885,cluster_22_50:0.002717606072332065)Node17:0,cluster_27_20:0.005520541991905203)Node16:0,(cluster_28_13:0.005259113749843811,cluster_29_20:0.002724733855336353)Node57:0)Node15:0,cluster_31_65:0.002708280137328079)Node14:0.0025888395658293,cluster_33_18:0.008317332144502152)Node13:0.002813135757249995,cluster_34_12:0.00284484075734562)Node12:0.002509555896026909,(cluster_39_12:0.005305589358905485,cluster_40_12:0.002810469321651961)Node63:0)Node11:0,cluster_42_44:0.005284010182845991)Node10:0.002763994993880462,cluster_48_23:0.002757192031048287)Node9:0,cluster_49_35:0.005610333394287798)Node8:0.002509063845843211,cluster_50_27:0.008466279709459281)Node7:0,cluster_53_20:0.002731435987850349)Node6:0,cluster_55_14:0.005301586816564227)Node5:0,cluster_63_13:0.01095232554994486)Node4:0,cluster_68_22:0.005529750806230093)Node3:0.002509186637302056,cluster_77_38:0)Node2:0,cluster_89_14:0.005247408165897729)Node1:0,cluster_100_36:0,cluster_108_15:0.008149387313759984)", 
   "NS": "((((((((((((((((((((((((((((((((((((cluster_0_43:0,cluster_1_79:0)Node35:0,cluster_2_211:0)Node34:0,cluster_3_221:0)Node33:0,cluster_4_737:0)Node32:0,cluster_5_69:0)Node31:0,cluster_6_92:0)Node30:0,cluster_7_77:0)Node29:0,cluster_8_332:0)Node28:0,cluster_9_14:0.002523516662624669)Node27:0,cluster_10_96:0)Node26:0,cluster_11_24:0.002513913568154143)Node25:0,cluster_12_204:0.002513025318577054)Node24:0,cluster_13_187:0)Node23:0,cluster_15_87:0)Node22:0,cluster_17_14:0.005059720914121905)Node21:0,cluster_19_17:0)Node20:0,cluster_20_108:0)Node19:0,cluster_21_48:0.002508302625387634)Node18:0,cluster_22_50:0)Node17:0,cluster_27_20:0)Node16:0,(cluster_28_13:0.002528699323998463,cluster_29_20:0)Node57:0)Node15:0,cluster_31_65:0)Node14:0,cluster_33_18:0.002529318759343772)Node13:0,cluster_34_12:0)Node12:0.002509555896026909,(cluster_39_12:0.002509594956696151,cluster_40_12:0)Node63:0)Node11:0,cluster_42_44:0.002512609180736021)Node10:0,cluster_48_23:0)Node9:0,cluster_49_35:0)Node8:0.002509063845843211,cluster_50_27:0)Node7:0,cluster_53_20:0)Node6:0,cluster_55_14:0.002519026990775952)Node5:0,cluster_63_13:0.002529389848027244)Node4:0,cluster_68_22:0)Node3:0.002509186637302056,cluster_77_38:0)Node2:0,cluster_89_14:0.002507909811340338)Node1:0,cluster_100_36:0,cluster_108_15:0.00251676424926465)", 
   "S": "((((((((((((((((((((((((((((((((((((cluster_0_43:0.002748717863981449,cluster_1_79:0.008388229908945232)Node35:0,cluster_2_211:0.005547886933208107)Node34:0,cluster_3_221:0.002723996574687805)Node33:0,cluster_4_737:0)Node32:0,cluster_5_69:0.002731435100022619)Node31:0,cluster_6_92:0.002726743909564601)Node30:0,cluster_7_77:0.002740437684752491)Node29:0,cluster_8_332:0.005529295735742002)Node28:0,cluster_9_14:0.002768157040060267)Node27:0,cluster_10_96:0.002748265590653652)Node26:0,cluster_11_24:0.005563026923861305)Node25:0,cluster_12_204:0)Node24:0,cluster_13_187:0.005576485087970248)Node23:0,cluster_15_87:0.002740642155939246)Node22:0,cluster_17_14:0.005656458430899508)Node21:0.00551285313328009,cluster_19_17:0.005604696212636875)Node20:0,cluster_20_108:0.002741043277165603)Node19:0,cluster_21_48:0)Node18:0.002724472864570885,cluster_22_50:0.002717606072332065)Node17:0,cluster_27_20:0.005520541991905203)Node16:0,(cluster_28_13:0.002730414425845347,cluster_29_20:0.002724733855336353)Node57:0)Node15:0,cluster_31_65:0.002708280137328079)Node14:0.0025888395658293,cluster_33_18:0.00578801338515838)Node13:0.002813135757249995,cluster_34_12:0.00284484075734562)Node12:0,(cluster_39_12:0.002795994402209334,cluster_40_12:0.002810469321651961)Node63:0)Node11:0,cluster_42_44:0.002771401002109969)Node10:0.002763994993880462,cluster_48_23:0.002757192031048287)Node9:0,cluster_49_35:0.005610333394287798)Node8:0,cluster_50_27:0.008466279709459281)Node7:0,cluster_53_20:0.002731435987850349)Node6:0,cluster_55_14:0.002782559825788275)Node5:0,cluster_63_13:0.008422935701917614)Node4:0,cluster_68_22:0.005529750806230093)Node3:0,cluster_77_38:0)Node2:0,cluster_89_14:0.002739498354557393)Node1:0,cluster_100_36:0,cluster_108_15:0.005632623064495329)"
  }, 
  "omega": 0.08634457903417984
 }, 
 "180-390": {
  "BranchLength": {
   "NS": 0.00107437653885607, 
   "S": 0.002264363432566882
  }, 
  "Diversity": {
   "NS": 0.002401438362239463, 
   "S": 0.006905182348343575
  }, 
  "Tree": {
   "Combined": "(((((((((((((cluster_0_232:0.004968885459660451,cluster_2_386:0.005073673331095241)Node12:0,cluster_3_814:0)Node11:0,cluster_4_134:0.005007027373139229)Node10:0,cluster_5_329:0)Node9:0,cluster_6_349:0.01029493085324354)Node8:0,cluster_7_156:0.004850361853724018)Node7:0,cluster_8_246:0.005043299582524623)Node6:0,cluster_9_62:0.01021139407626374)Node5:0.0048503618565264,cluster_10_138:0.004808193691173531)Node4:0.005126656604736333,cluster_11_42:0.0100300259634508)Node3:0,cluster_15_38:0.004843705311460375)Node2:0,cluster_16_62:0.004814774940093578)Node1:0.005127011960422193,cluster_28_57:0.005095676370905646,cluster_36_68:0)", 
   "NS": "(((((((((((((cluster_0_232:0,cluster_2_386:0)Node12:0,cluster_3_814:0)Node11:0,cluster_4_134:0)Node10:0,cluster_5_329:0)Node9:0,cluster_6_349:0)Node8:0,cluster_7_156:0.004850361853724018)Node7:0,cluster_8_246:0)Node6:0,cluster_9_62:0)Node5:0.0048503618565264,cluster_10_138:0.004808193691173531)Node4:0,cluster_11_42:0.004840768896135988)Node3:0,cluster_15_38:0.004843705311460375)Node2:0,cluster_16_62:0.004814774940093578)Node1:0,cluster_28_57:0,cluster_36_68:0)", 
   "S": "(((((((((((((cluster_0_232:0.004968885459660451,cluster_2_386:0.005073673331095241)Node12:0,cluster_3_814:0)Node11:0,cluster_4_134:0.005007027373139229)Node10:0,cluster_5_329:0)Node9:0,cluster_6_349:0.01029493085324354)Node8:0,cluster_7_156:0)Node7:0,cluster_8_246:0.005043299582524623)Node6:0,cluster_9_62:0.01021139407626374)Node5:0,cluster_10_138:0)Node4:0.005126656604736333,cluster_11_42:0.005189257067314814)Node3:0,cluster_15_38:0)Node2:0,cluster_16_62:0)Node1:0.005127011960422193,cluster_28_57:0.005095676370905646,cluster_36_68:0)"
  }, 
  "omega": 0.1706609712765866
 }, 
 "210-420": {
  "BranchLength": {
   "NS": 0.0005023931067262237, 
   "S": 0.003745644014097405
  }, 
  "Diversity": {
   "NS": 0.0009982008271734605, 
   "S": 0.01145485412325773
  },