{
 "180-390": {
  "BranchLength": {
   "NS": 0.002399475138508328, 
   "S": 0.005230815728739637
  }, 
  "Diversity": {
   "NS": 0.01952223043263107, 
   "S": 0.02134036606255865
  }, 
  "Tree": {
   "Combined": "((((((((((((((((((((((((((((cluster_0_503:0.005783250759864723,cluster_1_242:0)Node27:0.02724529521877878,cluster_2_1484:0)Node26:0.009347099749339642,cluster_3_2121:0.005593630139575677)Node25:0,cluster_4_563:0)Node24:0,cluster_5_64:0.01144971901191957)Node23:0.009347099750356606,cluster_6_50:0.004622491569968998)Node22:0,cluster_9_286:0.03990349172614515)Node21:0,cluster_10_174:0.004655258844925148)Node20:0,cluster_11_42:0.005651190931995658)Node19:0,cluster_13_61:0.02697904013173766)Node18:0,cluster_14_97:0.005669974989894834)Node17:0.0209337419053489,cluster_15_115:0.005793010565085014)Node16:0,(cluster_16_183:0.005614356178169354,cluster_17_152:0.005843672056155168)Node41:0.005845144323512011)Node15:0,cluster_19_349:0)Node14:0.02094879790917334,cluster_22_100:0.00565440995548482)Node13:0,cluster_24_102:0.005762123945233813)Node12:0,(cluster_25_105:0.03368544734230056,cluster_26_46:0.005786934434181777)Node47:0.005790492159272831)Node11:0,cluster_29_91:0.005665503123521748)Node10:0,cluster_31_34:0.02100034825774627)Node9:0.005654382173663759,cluster_36_34:0.01149363697835101)Node8:0,cluster_39_110:0.03314031599275256)Node7:0.009346818384772341,cluster_45_84:0.005522191136692498)Node6:0,cluster_49_43:0.01710607533462515)Node5:0.009346818310818442,cluster_50_62:0.02671658646191323)Node4:0,cluster_63_37:0.01161703145053534)Node3:0,cluster_66_59:0.005595727535705385)Node2:0,cluster_69_35:0.009346560698644006)Node1:0.00566961875016406,cluster_70_88:0.005666972355065983,cluster_87_37:0.00465348235873396)", 
   "NS": "((((((((((((((((((((((((((((cluster_0_503:0,cluster_1_242:0)Node27:0.009545507303085121,cluster_2_1484:0)Node26:0.009347099749339642,cluster_3_2121:0)Node25:0,cluster_4_563:0)Node24:0,cluster_5_64:0)Node23:0.009347099750356606,cluster_6_50:0.004622491569968998)Node22:0,cluster_9_286:0.009467433727378691)Node21:0,cluster_10_174:0.004655258844925148)Node20:0,cluster_11_42:0)Node19:0,cluster_13_61:0.009539442260255732)Node18:0,cluster_14_97:0)Node17:0.009640929565852698,cluster_15_115:0)Node16:0,(cluster_16_183:0,cluster_17_152:0)Node41:0)Node15:0,cluster_19_349:0)Node14:0.009640357694799912,cluster_22_100:0)Node13:0,cluster_24_102:0)Node12:0,(cluster_25_105:0.009479835812042729,cluster_26_46:0)Node47:0)Node11:0,cluster_29_91:0)Node10:0,cluster_31_34:0.009365211954467618)Node9:0,cluster_36_34:0)Node8:0,cluster_39_110:0.009490559236247373)Node7:0.009346818384772341,cluster_45_84:0)Node6:0,cluster_49_43:0)Node5:0.009346818310818442,cluster_50_62:0.009533076227318924)Node4:0,cluster_63_37:0)Node3:0,cluster_66_59:0)Node2:0,cluster_69_35:0.009346560698644006)Node1:0,cluster_70_88:0,cluster_87_37:0.00465348235873396)", 
   "S": "((((((((((((((((((((((((((((cluster_0_503:0.005783250759864723,cluster_1_242:0)Node27:0.01769978791569366,cluster_2_1484:0)Node26:0,cluster_3_2121:0.005593630139575677)Node25:0,cluster_4_563:0)Node24:0,cluster_5_64:0.01144971901191957)Node23:0,cluster_6_50:0)Node22:0,cluster_9_286:0.03043605799876646)Node21:0,cluster_10_174:0)Node20:0,cluster_11_42:0.005651190931995658)Node19:0,cluster_13_61:0.01743959787148192)Node18:0,cluster_14_97:0.005669974989894834)Node17:0.0112928123394962,cluster_15_115:0.005793010565085014)Node16:0,(cluster_16_183:0.005614356178169354,cluster_17_152:0.005843672056155168)Node41:0.005845144323512011)Node15:0,cluster_19_349:0)Node14:0.01130844021437342,cluster_22_100:0.00565440995548482)Node13:0,cluster_24_102:0.005762123945233813)Node12:0,(cluster_25_105:0.02420561153025782,cluster_26_46:0.005786934434181777)Node47:0.005790492159272831)Node11:0,cluster_29_91:0.005665503123521748)Node10:0,cluster_31_34:0.01163513630327866)Node9:0.005654382173663759,cluster_36_34:0.01149363697835101)Node8:0,cluster_39_110:0.0236497567565052)Node7:0,cluster_45_84:0.005522191136692498)Node6:0,cluster_49_43:0.01710607533462515)Node5:0,cluster_50_62:0.01718351023459431)Node4:0,cluster_63_37:0.01161703145053534)Node3:0,cluster_66_59:0.005595727535705385)Node2:0,cluster_69_35:0)Node1:0.00566961875016406,cluster_70_88:0.005666972355065983,cluster_87_37:0)"
  }, 
  "omega": 0.1933766349947002
 }, 
 "180-429": {
  "BranchLength": {
   "NS": 0.001925916591031868, 
   "S": 0.004368688813045577
  }, 
  "Diversity": {
   "NS": 0.01601211230622327, 
   "S": 0.01923392693429485
  }, 
  "Tree": {
   "Combined": "(((((((((((((((((((((((((((((((((((cluster_0_496:0.004793787376133645,cluster_1_227:0)Node34:0.02270605858055829,cluster_2_1470:0)Node33:0.007966067974501315,cluster_3_2069:0.004649478479990624)Node32:0,cluster_4_549:0)Node31:0,cluster_5_63:0.009478469443895909)Node30:0.007965725402542524,cluster_6_50:0.00394814600908163)Node29:0,cluster_9_285:0.03309255711487175)Node28:0,cluster_10_175:0.003965051970313409)Node27:0,cluster_11_43:0.004684912558012917)Node26:0.009417446044620434,cluster_13_56:0.01286937120014164)Node25:0,cluster_14_95:0.0143613647336311)Node24:0.008110793555200857,cluster_15_113:0.00478319031292681)Node23:0,cluster_16_183:0.009541984663890423)Node22:0,cluster_17_150:0.009660286377423838)Node21:0,cluster_19_293:0)Node20:0.01753692103151393,cluster_23_95:0.004705527163020172)Node19:0,cluster_25_103:0.004762512218720421)Node18:0,cluster_26_103:0.03309432098208809)Node17:0,cluster_27_44:0.009621526297723787)Node16:0,(cluster_31_87:0.004684912821425162,cluster_34_34:0.01759758031139568)Node55:0)Node15:0,cluster_36_27:0.01744577756218686)Node14:0,cluster_39_33:0.01460686455004056)Node13:0,cluster_42_100:0.02251379106843212)Node12:0,(cluster_48_85:0.004788552642902219,cluster_52_46:0.004729943651737132)Node61:0.01276333910649821)Node11:0,cluster_53_62:0.02752721473325602)Node10:0,cluster_61_42:0.01761223599255366)Node9:0,cluster_68_35:0.004762993064159337)Node8:0,cluster_70_23:0.004772382121886811)Node7:0.00950333827666794,cluster_71_56:0)Node6:0,cluster_72_29:0)Node5:0.004660831573534419,cluster_73_38:0.007966040206035937)Node4:0.004705771283992427,cluster_74_82:0.004694141840853265)Node3:0,cluster_76_58:0.02273082946871858)Node2:0,cluster_93_34:0.003969733010739669)Node1:0,cluster_99_27:0.009640636910527857,cluster_100_24:0.008702995617461084)", 
   "NS": "(((((((((((((((((((((((((((((((((((cluster_0_496:0,cluster_1_227:0)Node34:0.008122443126683932,cluster_2_1470:0)Node33:0.007966067974501315,cluster_3_2069:0)Node32:0,cluster_4_549:0)Node31:0,cluster_5_63:0)Node30:0.007965725402542524,cluster_6_50:0.00394814600908163)Node29:0,cluster_9_285:0.008056242082173176)Node28:0,cluster_10_175:0.003965051970313409)Node27:0,cluster_11_43:0)Node26:0,cluster_13_56:0.007969945332424849)Node25:0,cluster_14_95:0)Node24:0.008110793555200857,cluster_15_113:0)Node23:0,cluster_16_183:0)Node22:0,cluster_17_150:0)Node21:0,cluster_19_293:0)Node20:0.008202589407832171,cluster_23_95:0)Node19:0,cluster_25_103:0)Node18:0,cluster_26_103:0.008045302832298448)Node17:0,cluster_27_44:0)Node16:0,(cluster_31_87:0,cluster_34_34:0.007976030788972514)Node55:0)Node15:0,cluster_36_27:0.007966189149784567)Node14:0,cluster_39_33:0)Node13:0,cluster_42_100:0.008118317280443254)Node12:0,(cluster_48_85:0,cluster_52_46:0)Node61:0.007970806141027973)Node11:0,cluster_53_62:0.008073605123763648)Node10:0,cluster_61_42:0.007970769218467831)Node9:0,cluster_68_35:0)Node8:0,cluster_70_23:0)Node7:0,cluster_71_56:0)Node6:0,cluster_72_29:0)Node5:0,cluster_73_38:0.007966040206035937)Node4:0,cluster_74_82:0)Node3:0,cluster_76_58:0.00811698973774734)Node2:0,cluster_93_34:0.003969733010739669)Node1:0,cluster_99_27:0,cluster_100_24:0.003962955977355098)",