{
 "102-540": {
  "BranchLength": {
   "NS": 0.00331810764621735, 
   "S": 0.001697249525275742
  }, 
  "Diversity": {
   "NS": 0.01598751614714121, 
   "S": 0.00693434583253961
  }, 
  "Tree": {
   "Combined": "(((((((((((((((((((((((((cluster_0_1338:0.002330710602630048,cluster_2_27:0.00237203279680613)Node24:0.002348448745602184,cluster_3_60:0.004729483543419723)Node23:0,cluster_4_55:0)Node22:0,cluster_15_480:0.01181647471810967)Node21:0.002315978143847524,cluster_16_397:0)Node20:0.007039490657217135,cluster_17_333:0)Node19:0.002327334927364951,cluster_24_36:0.002369157386699212)Node18:0,cluster_25_538:0.002312458825441441)Node17:0.01405320712876373,cluster_26_975:0)Node16:0,(cluster_30_471:0.004738299295351914,cluster_33_31:0.00719691145071432)Node35:0.002345031714867736)Node15:0,cluster_34_354:0.009477161930796292)Node14:0,cluster_39_33:0.01928725908192103)Node13:0,cluster_49_49:0.002390607361505438)Node12:0,(cluster_54_28:0,cluster_55_59:0.01964022139926948)Node41:0.007045389244046531)Node11:0,cluster_57_52:0.004750221852098889)Node10:0.002348195236689899,cluster_83_52:0.01191462056208176)Node9:0.00482070598467751,cluster_84_27:0.02405040646836163)Node8:0,cluster_98_71:0)Node7:0,cluster_123_60:0.007136461431548981)Node6:0.002864796567620189,cluster_132_74:0.002421622232438473)Node5:0.002294948063916513,cluster_165_118:0.002621072496558439)Node4:0,cluster_172_27:0.01707544044207092)Node3:0,cluster_208_39:0.004695022792810981)Node2:0,cluster_261_27:0.03850847756987259)Node1:0,cluster_285_29:0.01461196307939757,cluster_720_44:0.009595030697601195)", 
   "NS": "(((((((((((((((((((((((((cluster_0_1338:0.002330710602630048,cluster_2_27:0.00237203279680613)Node24:0,cluster_3_60:0.00237803651213488)Node23:0,cluster_4_55:0)Node22:0,cluster_15_480:0.009462548858371202)Node21:0,cluster_16_397:0)Node20:0.007039490657217135,cluster_17_333:0)Node19:0.002327334927364951,cluster_24_36:0)Node18:0,cluster_25_538:0.002312458825441441)Node17:0.009344841759622821,cluster_26_975:0)Node16:0,(cluster_30_471:0,cluster_33_31:0.004762439461582463)Node35:0.002345031714867736)Node15:0,cluster_34_354:0.009477161930796292)Node14:0,cluster_39_33:0.01279103875690382)Node13:0,cluster_49_49:0)Node12:0,(cluster_54_28:0,cluster_55_59:0.004910635107384009)Node41:0.007045389244046531)Node11:0,cluster_57_52:0.003221153720390274)Node10:0,cluster_83_52:0.009555295113478517)Node9:0.00482070598467751,cluster_84_27:0.01209768218127655)Node8:0,cluster_98_71:0)Node7:0,cluster_123_60:0.007136461431548981)Node6:0,cluster_132_74:0)Node5:0.002294948063916513,cluster_165_118:0.002621072496558439)Node4:0,cluster_172_27:0.01136212566426293)Node3:0,cluster_208_39:0.004695022792810981)Node2:0,cluster_261_27:0.02661729844630538)Node1:0,cluster_285_29:0.009579972793957493,cluster_720_44:0.009595030697601195)", 
   "S": "(((((((((((((((((((((((((cluster_0_1338:0,cluster_2_27:0)Node24:0.002348448745602184,cluster_3_60:0.002351447031284841)Node23:0,cluster_4_55:0)Node22:0,cluster_15_480:0.002353925859738469)Node21:0.002315978143847524,cluster_16_397:0)Node20:0,cluster_17_333:0)Node19:0,cluster_24_36:0.002369157386699212)Node18:0,cluster_25_538:0)Node17:0.004708365369140909,cluster_26_975:0)Node16:0,(cluster_30_471:0.004738299295351914,cluster_33_31:0.002434471989131856)Node35:0)Node15:0,cluster_34_354:0)Node14:0,cluster_39_33:0.006496220325017212)Node13:0,cluster_49_49:0.002390607361505438)Node12:0,(cluster_54_28:0,cluster_55_59:0.01472958629188548)Node41:0)Node11:0,cluster_57_52:0.001529068131708617)Node10:0.002348195236689899,cluster_83_52:0.002359325448603236)Node9:0,cluster_84_27:0.01195272428708508)Node8:0,cluster_98_71:0)Node7:0,cluster_123_60:0)Node6:0.002864796567620189,cluster_132_74:0.002421622232438473)Node5:0,cluster_165_118:0)Node4:0,cluster_172_27:0.005713314777807986)Node3:0,cluster_208_39:0)Node2:0,cluster_261_27:0.01189117912356721)Node1:0,cluster_285_29:0.005031990285440086,cluster_720_44:0)"
  }, 
  "omega": 0.5552524354700588
 }, 
 "120-330": {
  "BranchLength": {
   "NS": 0.00587745992797332, 
   "S": 0.002290357576700504
  }, 
  "Diversity": {
   "NS": 0.01704372523349758, 
   "S": 0.0009586764133182131
  }, 
  "Tree": {
   "Combined": "((((((((((((((((((((cluster_0_4313:0,cluster_2_144:0.004812080157591585)Node19:0,cluster_3_467:0.00485081502987343)Node18:0,cluster_5_71:0.009357389067963082)Node17:0.004806532818140682,cluster_6_109:0.01955804206717942)Node16:0,(cluster_7_114:0,cluster_10_2339:0.009649110854205023)Node25:0)Node15:0,cluster_16_200:0.01456290634649671)Node14:0,cluster_18_92:0.00480356313218668)Node13:0,cluster_19_37:0.01386160631727569)Node12:0.009650781849333023,(cluster_20_121:0.004812668509049867,cluster_22_41:0.05966850022179931)Node31:0)Node11:0,cluster_26_230:0.009798012878026778)Node10:0,cluster_27_50:0.05474652363739951)Node9:0,cluster_30_38:0.004599809338037364)Node8:0.004807490138814975,cluster_35_93:0)Node7:0.009684852029949266,cluster_44_39:0.004690050526719158)Node6:0,cluster_52_616:0.004853918537569446)Node5:0,cluster_66_34:0.004885615411954321)Node4:0,cluster_68_43:0.0703906156450264)Node3:0,cluster_69_41:0.004534803141580708)Node2:0.002635992044825987,cluster_101_36:0.01482222276060569)Node1:0.002150971510788348,cluster_171_220:0.01455691373792969,cluster_219_124:0)", 
   "NS": "((((((((((((((((((((cluster_0_4313:0,cluster_2_144:0.004812080157591585)Node19:0,cluster_3_467:0.00485081502987343)Node18:0,cluster_5_71:0.004813492759396343)Node17:0.004806532818140682,cluster_6_109:0.01955804206717942)Node16:0,(cluster_7_114:0,cluster_10_2339:0.009649110854205023)Node25:0)Node15:0,cluster_16_200:0.01398765049328533)Node14:0,cluster_18_92:0.00480356313218668)Node13:0,cluster_19_37:0.004810148182866818)Node12:0.009650781849333023,(cluster_20_121:0.004812668509049867,cluster_22_41:0.03495859024149042)Node31:0)Node11:0,cluster_26_230:0.009798012878026778)Node10:0,cluster_27_50:0.03494091291152489)Node9:0,cluster_30_38:0)Node8:0.004807490138814975,cluster_35_93:0)Node7:0.009684852029949266,cluster_44_39:0)Node6:0,cluster_52_616:0.004853918537569446)Node5:0,cluster_66_34:0.004885615411954321)Node4:0,cluster_68_43:0.04025386662643296)Node3:0,cluster_69_41:0)Node2:0.002635992044825987,cluster_101_36:0.01440367483638412)Node1:0.002150971510788348,cluster_171_220:0.01455691373792969,cluster_219_124:0)", 
   "S": "((((((((((((((((((((cluster_0_4313:0,cluster_2_144:0)Node19:0,cluster_3_467:0)Node18:0,cluster_5_71:0.004543896308566739)Node17:0,cluster_6_109:0)Node16:0,(cluster_7_114:0,cluster_10_2339:0)Node25:0)Node15:0,cluster_16_200:0.0005752558532113764)Node14:0,cluster_18_92:0)Node13:0,cluster_19_37:0.009051458134408876)Node12:0,(cluster_20_121:0,cluster_22_41:0.02470990998030888)Node31:0)Node11:0,cluster_26_230:0)Node10:0,cluster_27_50:0.0198056107258746)Node9:0,cluster_30_38:0.004599809338037364)Node8:0,cluster_35_93:0)Node7:0,cluster_44_39:0.004690050526719158)Node6:0,cluster_52_616:0)Node5:0,cluster_66_34:0)Node4:0,cluster_68_43:0.03013674901859344)Node3:0,cluster_69_41:0.004534803141580708)Node2:0,cluster_101_36:0.0004185479242215749)Node1:0,cluster_171_220:0,cluster_219_124:0)"
  }, 
  "omega": 0.6858196816622246
 }, 
 "150-360": {
  "BranchLength": {
   "NS": 0.008516945118317994, 
   "S": 0.002372628202666473
  }, 
  "Diversity": {
   "NS": 0.01441694766213638, 
   "S": 0.0008992444057166994
  },