{
 "117-528": {
  "BranchLength": {
   "NS": 0.01127722636468603, 
   "S": 0.004538681113073855
  }, 
  "Diversity": {
   "NS": 0.04132864741411962, 
   "S": 0.03299102867047504
  }, 
  "Tree": {
   "Combined": "(((((((((((((((((((((((((((cluster_0_2091:0.005563125933107093,cluster_1_52:0)Node26:0.02786813232627364,cluster_2_22:0.08400958617911607)Node25:0,cluster_3_966:0.07922178042474859)Node24:0.03224907294675416,cluster_7_189:0.007537532555650096)Node23:0,cluster_8_192:0.004989251364964981)Node22:0,cluster_10_52:0.1197338635115658)Node21:0,cluster_11_21:0.002496034553588622)Node20:0,cluster_15_89:0.1251257244531837)Node19:0,cluster_19_49:0.00251010426408548)Node18:0,cluster_20_34:0.002511430391926593)Node17:0,cluster_21_97:0.004956888788058954)Node16:0,(cluster_25_31:0.007720852873958059,cluster_33_48:0)Node39:0.1085234659024671)Node15:0,cluster_52_21:0.007465397453672521)Node14:0,cluster_55_16:0.002494427899681283)Node13:0,cluster_57_24:0.01021786947679944)Node12:0,(cluster_58_43:0.004994366380890946,cluster_63_53:0.005050969044508028)Node45:0)Node11:0,cluster_71_31:0.005031339733040603)Node10:0,cluster_77_20:0.005025052137377798)Node9:0,cluster_79_21:0.007743965285515427)Node8:0.007306232271938978,cluster_84_18:0.01005466852032597)Node7:0,cluster_89_29:0.005010249762341818)Node6:0,cluster_94_18:0.01527441330867)Node5:0,cluster_103_16:0.1162840704265408)Node4:0,cluster_112_40:0)Node3:0.002507137719670954,cluster_120_14:0.01016383058212695)Node2:0,cluster_144_14:0.1009509120273595)Node1:0,cluster_170_22:0.002546792687923201,cluster_324_25:0)", 
   "NS": "(((((((((((((((((((((((((((cluster_0_2091:0.0005837479974331152,cluster_1_52:0)Node26:0.001847378086829565,cluster_2_22:0.08098084504690135)Node25:0,cluster_3_966:0.07922178042474859)Node24:0,cluster_7_189:0.005022541357734635)Node23:0,cluster_8_192:0.004989251364964981)Node22:0,cluster_10_52:0.08458841476654348)Node21:0,cluster_11_21:0.002496034553588622)Node20:0,cluster_15_89:0.08596236479464175)Node19:0,cluster_19_49:0.00251010426408548)Node18:0,cluster_20_34:0.002511430391926593)Node17:0,cluster_21_97:0.004956888788058954)Node16:0,(cluster_25_31:0.002460736818416189,cluster_33_48:0)Node39:0.08026164873314744)Node15:0,cluster_52_21:0.007465397453672521)Node14:0,cluster_55_16:0.002494427899681283)Node13:0,cluster_57_24:0.00770518825920048)Node12:0,(cluster_58_43:0.004994366380890946,cluster_63_53:0.005050969044508028)Node45:0)Node11:0,cluster_71_31:0.002489248099497148)Node10:0,cluster_77_20:0.005025052137377798)Node9:0,cluster_79_21:0)Node8:0.007306232271938978,cluster_84_18:0.01005466852032597)Node7:0,cluster_89_29:0)Node6:0,cluster_94_18:0.007573683514823922)Node5:0,cluster_103_16:0.08096561363886923)Node4:0,cluster_112_40:0)Node3:0.002507137719670954,cluster_120_14:0.007642951924466746)Node2:0,cluster_144_14:0.07568825126253088)Node1:0,cluster_170_22:0,cluster_324_25:0)", 
   "S": "(((((((((((((((((((((((((((cluster_0_2091:0.004979377935673978,cluster_1_52:0)Node26:0.02602075423944409,cluster_2_22:0.00302874113221465)Node25:0,cluster_3_966:0)Node24:0.03224907294675416,cluster_7_189:0.002514991197915461)Node23:0,cluster_8_192:0)Node22:0,cluster_10_52:0.03514544874502237)Node21:0,cluster_11_21:0)Node20:0,cluster_15_89:0.03916335965854194)Node19:0,cluster_19_49:0)Node18:0,cluster_20_34:0)Node17:0,cluster_21_97:0)Node16:0,(cluster_25_31:0.005260116055541871,cluster_33_48:0)Node39:0.02826181716931964)Node15:0,cluster_52_21:0)Node14:0,cluster_55_16:0)Node13:0,cluster_57_24:0.002512681217598965)Node12:0,(cluster_58_43:0,cluster_63_53:0)Node45:0)Node11:0,cluster_71_31:0.002542091633543455)Node10:0,cluster_77_20:0)Node9:0,cluster_79_21:0.007743965285515427)Node8:0,cluster_84_18:0)Node7:0,cluster_89_29:0.005010249762341818)Node6:0,cluster_94_18:0.007700729793846078)Node5:0,cluster_103_16:0.03531845678767154)Node4:0,cluster_112_40:0)Node3:0,cluster_120_14:0.002520878657660213)Node2:0,cluster_144_14:0.02526266076482862)Node1:0,cluster_170_22:0.002546792687923201,cluster_324_25:0)"
  }, 
  "omega": 0.675492389362132
 }, 
 "120-330": {
  "BranchLength": {
   "NS": 0.006405070521390584, 
   "S": 0.00566748541262266
  }, 
  "Diversity": {
   "NS": 0.01565231190644379, 
   "S": 0.01204191551977592
  }, 
  "Tree": {
   "Combined": "((((((cluster_0_3138:0,cluster_1_94:0.009664997043537979)Node5:0,cluster_3_1286:0.06446685886809593)Node4:0,cluster_4_35:0.004830072968284229)Node3:0,cluster_8_181:0.004823071989537467)Node2:0,cluster_11_36:0.004730470429199136)Node1:0,cluster_16_73:0.0537505720394478,cluster_19_43:0.01467718380406966)", 
   "NS": "((((((cluster_0_3138:0,cluster_1_94:0)Node5:0,cluster_3_1286:0.03646451581307637)Node4:0,cluster_4_35:0.004830072968284229)Node3:0,cluster_8_181:0.004823071989537467)Node2:0,cluster_11_36:0)Node1:0,cluster_16_73:0.03714825600717955,cluster_19_43:0)", 
   "S": "((((((cluster_0_3138:0,cluster_1_94:0.009664997043537979)Node5:0,cluster_3_1286:0.02800234305501956)Node4:0,cluster_4_35:0)Node3:0,cluster_8_181:0)Node2:0,cluster_11_36:0.004730470429199136)Node1:0,cluster_16_73:0.01660231603226824,cluster_19_43:0.01467718380406966)"
  }, 
  "omega": 0.3835928041514864
 }, 
 "150-360": {
  "BranchLength": {
   "NS": 0.00907112577978783, 
   "S": 0.006216488333050421
  }, 
  "Diversity": {
   "NS": 0.02563186748512492, 
   "S": 0.01614520873326825
  }, 
  "Tree": {
   "Combined": "(((((((cluster_0_2980:0,cluster_1_89:0.009663412053470396)Node6:0.004843698828544588,cluster_3_1268:0.09341549824378396)Node5:0,cluster_4_71:0.009995263080731811)Node4:0,cluster_7_234:0)Node3:0,cluster_18_43:0.0196545220306323)Node2:0,cluster_19_69:0.08201808701265102)Node1:0,cluster_25_72:0.004961413662702279,cluster_31_34:0.004762316780057419)", 
   "NS": "(((((((cluster_0_2980:0,cluster_1_89:0)Node6:0.004843698828544588,cluster_3_1268:0.05517894801345272)Node5:0,cluster_4_71:0.009995263080731811)Node4:0,cluster_7_234:0)Node3:0,cluster_18_43:0.004886101859044657)Node2:0,cluster_19_69:0.0562014612523414)Node1:0,cluster_25_72:0.004961413662702279,cluster_31_34:0)", 
   "S": "(((((((cluster_0_2980:0,cluster_1_89:0.009663412053470396)Node6:0,cluster_3_1268:0.03823655023033124)Node5:0,cluster_4_71:0)Node4:0,cluster_7_234:0)Node3:0,cluster_18_43:0.01476842017158764)Node2:0,cluster_19_69:0.02581662576030961)Node1:0,cluster_25_72:0,cluster_31_34:0.004762316780057419)"
  }, 
  "omega": 0.4257721420476439
 }, 
 "180-390": {
  "BranchLength": {
   "NS": 0.01518995300827839, 
   "S": 0.007458558928812282
  }, 
  "Diversity": {
   "NS": 0.04403751967540554, 
   "S": 0.02323753882275892
  }, 
  "Tree": {
   "Combined": "(((((((cluster_0_2691:0.001547990694551682,cluster_1_86:0.009962286510877216)Node6:0.003268661230374295,cluster_3_1244:0.1542394508313739)Node5:0,cluster_9_426:0)Node4:0,cluster_19_33:0.009772042390319953)Node3:0,cluster_23_70:0.1411787537316604)Node2:0,cluster_30_75:0.004930085772957183)Node1:0,cluster_31_70:0.009961463716410908,cluster_39_35:0.004866944177834522)", 
   "NS": "(((((((cluster_0_2691:0.001547990694551682,cluster_1_86:0)Node6:0.003268661230374295,cluster_3_1244:0.09852043809876976)Node5:0,cluster_9_426:0)Node4:0,cluster_19_33:0.009772042390319953)Node3:0,cluster_23_70:0.09984861322079208)Node2:0,cluster_30_75:0.004930085772957183)Node1:0,cluster_31_70:0.009961463716410908,cluster_39_35:0)", 
   "S": "(((((((cluster_0_2691:0,cluster_1_86:0.009962286510877216)Node6:0,cluster_3_1244:0.05571901273260419)Node5:0,cluster_9_426:0)Node4:0,cluster_19_33:0)Node3:0,cluster_23_70:0.04133014051086831)Node2:0,cluster_30_75:0)Node1:0,cluster_31_70:0,cluster_39_35:0.004866944177834522)"
  }, 
  "omega": 0.5909006370352953
 }, 
 "210-420": {
  "BranchLength": {
   "NS": 0.017457108280824, 
   "S": 0.01182566598031981
  }, 
  "Diversity": {
   "NS": 0.04650101793920684, 
   "S": 0.0329403671576506
  },