
{
	"Actual comparisons performed" :18446744073709377418,
	"Comparisons accounting for copy numbers " :1.50958e+07,
	"Total comparisons possible" : 1878891,
	"Links found" : 6214348,
	"Maximum distance" : 0.512645,
	"Mean distance" : 0.0630127,
	"Histogram" : [[0.005,4625924],[0.01,1588424],[0.015,771311],[0.02,411780],[0.025,202606],[0.03,116546],[0.035,65156],[0.04,39949],[0.045,13602],[0.05,13446],[0.055,10339],[0.06,10177],[0.065,15607],[0.07,16735],[0.075,15706],[0.08,22527],[0.085,40703],[0.09,19075],[0.095,24365],[0.1,118684],[0.105,228795],[0.11,824980],[0.115,2657761],[0.12,1802653],[0.125,345722],[0.13,52735],[0.135,22595],[0.14,20482],[0.145,20260],[0.15,22196],[0.155,25269],[0.16,39552],[0.165,60507],[0.17,42543],[0.175,35441],[0.18,43440],[0.185,101297],[0.19,71096],[0.195,56408],[0.2,92454],[0.205,61108],[0.21,50217],[0.215,32230],[0.22,23462],[0.225,10331],[0.23,9258],[0.235,19494],[0.24,21952],[0.245,22268],[0.25,22762],[0.255,41010],[0.26,27127],[0.265,13374],[0.27,13811],[0.275,4138],[0.28,6461],[0.285,2444],[0.29,1135],[0.295,1737],[0.3,380],[0.305,293],[0.31,177],[0.315,143],[0.32,111],[0.325,73],[0.33,128],[0.335,80],[0.34,342],[0.345,185],[0.35,183],[0.355,29],[0.36,40],[0.365,58],[0.37,18],[0.375,35],[0.38,17],[0.385,21],[0.39,67],[0.395,12],[0.4,9],[0.405,11],[0.41,9],[0.415,25],[0.42,3],[0.425,5],[0.43,3],[0.435,0],[0.44,14],[0.445,1],[0.45,1],[0.455,4],[0.46,6],[0.465,5],[0.47,7],[0.475,8],[0.48,8],[0.485,47],[0.49,33],[0.495,4],[0.5,1],[0.505,2],[0.51,2],[0.515,2],[0.52,0],[0.525,0],[0.53,0],[0.535,0],[0.54,0],[0.545,0],[0.55,0],[0.555,0],[0.56,0],[0.565,0],[0.57,0],[0.575,0],[0.58,0],[0.585,0],[0.59,0],[0.595,0],[0.6,0],[0.605,0],[0.61,0],[0.615,0],[0.62,0],[0.625,0],[0.63,0],[0.635,0],[0.64,0],[0.645,0],[0.65,0],[0.655,0],[0.66,0],[0.665,0],[0.67,0],[0.675,0],[0.68,0],[0.685,0],[0.69,0],[0.695,0],[0.7,0],[0.705,0],[0.71,0],[0.715,0],[0.72,0],[0.725,0],[0.73,0],[0.735,0],[0.74,0],[0.745,0],[0.75,0],[0.755,0],[0.76,0],[0.765,0],[0.77,0],[0.775,0],[0.78,0],[0.785,0],[0.79,0],[0.795,0],[0.8,0],[0.805,0],[0.81,0],[0.815,0],[0.82,0],[0.825,0],[0.83,0],[0.835,0],[0.84,0],[0.845,0],[0.85,0],[0.855,0],[0.86,0],[0.865,0],[0.87,0],[0.875,0],[0.88,0],[0.885,0],[0.89,0],[0.895,0],[0.9,0],[0.905,0],[0.91,0],[0.915,0],[0.92,0],[0.925,0],[0.93,0],[0.935,0],[0.94,0],[0.945,0],[0.95,0],[0.955,0],[0.96,0],[0.965,0],[0.97,0],[0.975,0],[0.98,0],[0.985,0],[0.99,0],[0.995,0],[1,0]]
}
