{
 "117-528": {
  "BranchLength": {
   "NS": 0.008171406633030667, 
   "S": 0.004292419549044501
  }, 
  "Diversity": {
   "NS": 0.02671835213333649, 
   "S": 0.007857060995981
  }, 
  "Tree": {
   "Combined": "(((((((((((((((((((((((((((((((((((cluster_0_24:0.01522497756204382,cluster_1_24:0.002513639823008309)Node34:0,cluster_2_318:0.01014631167832993)Node33:0,cluster_3_1230:0)Node32:0,cluster_7_20:0.007592128808056771)Node31:0,cluster_9_37:0.002573744114906568)Node30:0,cluster_10_52:0.002820086559379293)Node29:0,cluster_15_22:0.02323062868143851)Node28:0,cluster_18_27:0.007553918693502483)Node27:0.01691632753879611,cluster_19_76:0)Node26:0,cluster_20_12:0.005035463496334455)Node25:0.002621248774191701,cluster_23_46:0.07066453563226995)Node24:0,cluster_24_72:0.01018625018037262)Node23:0.01320495364450054,cluster_28_25:0.1019885059677073)Node22:0,cluster_29_15:0.002536780053528512)Node21:0,cluster_31_33:0.01279762631446051)Node20:0,cluster_36_156:0.002508615328371479)Node19:0,cluster_43_154:0.007612531534471383)Node18:0,cluster_45_15:0.005146010683020064)Node17:0.001465965724245495,cluster_51_16:0.01033365689776088)Node16:0.003338074292264644,(cluster_57_17:0,cluster_61_51:0.07297541573463337)Node55:0.002469360960225613)Node15:0,cluster_68_15:0.08215691540480979)Node14:0,cluster_76_32:0.01270375809744404)Node13:0,cluster_84_85:0.01556678322575361)Node12:0,(cluster_102_17:0.0361781288382088,cluster_105_12:0)Node61:0.002753261847580052)Node11:0,cluster_114_12:0.01269469837862147)Node10:0,cluster_130_20:0.01011305360105023)Node9:0,cluster_183_17:0.08612073474016946)Node8:0,cluster_233_14:0.08518024848027374)Node7:0,cluster_246_14:0.01302981344416788)Node6:0,cluster_257_13:0.02583938345086159)Node5:0,cluster_265_18:0.01276709947374219)Node4:0,cluster_317_13:0.002508766378774862)Node3:0,cluster_333_13:0.005064728442878356)Node2:0,cluster_342_12:0.02599203316444668)Node1:0,cluster_370_15:0.08767816546844225,cluster_1212_42:0.004982632540592284)", 
   "NS": "(((((((((((((((((((((((((((((((((((cluster_0_24:0.01373534459065416,cluster_1_24:0.002513639823008309)Node34:0,cluster_2_318:0.007590000943353141)Node33:0,cluster_3_1230:0)Node32:0,cluster_7_20:0.006896466353153877)Node31:0,cluster_9_37:0)Node30:0,cluster_10_52:0.002820086559379293)Node29:0,cluster_15_22:0.01781869167628343)Node28:0,cluster_18_27:0.007553918693502483)Node27:0.01613789996254491,cluster_19_76:0)Node26:0,cluster_20_12:0.002506497388779803)Node25:0.002621248774191701,cluster_23_46:0.03960804571694092)Node24:0,cluster_24_72:0.007641716491409978)Node23:0.01105064392432372,cluster_28_25:0.06391644352458876)Node22:0,cluster_29_15:0)Node21:0,cluster_31_33:0.005471600325992525)Node20:0,cluster_36_156:0.002508615328371479)Node19:0,cluster_43_154:0.005055556735948766)Node18:0,cluster_45_15:0)Node17:0.001465965724245495,cluster_51_16:0.002767632392534835)Node16:0.003338074292264644,(cluster_57_17:0,cluster_61_51:0.04443449278617329)Node55:0.002469360960225613)Node15:0,cluster_68_15:0.05461062386139068)Node14:0,cluster_76_32:0.01026585250345636)Node13:0,cluster_84_85:0.005403876719727237)Node12:0,(cluster_102_17:0.02159897524034803,cluster_105_12:0)Node61:0.002753261847580052)Node11:0,cluster_114_12:0.01017330201902978)Node10:0,cluster_130_20:0.01011305360105023)Node9:0,cluster_183_17:0.04867249249218731)Node8:0,cluster_233_14:0.05435136770913859)Node7:0,cluster_246_14:0.002706594981169813)Node6:0,cluster_257_13:0.02070494050672799)Node5:0,cluster_265_18:0.01021052903224551)Node4:0,cluster_317_13:0.002508766378774862)Node3:0,cluster_333_13:0.002515191886083251)Node2:0,cluster_342_12:0.02079404524889505)Node1:0,cluster_370_15:0.06056804794103175,cluster_1212_42:0.004982632540592284)", 
   "S": "(((((((((((((((((((((((((((((((((((cluster_0_24:0.001489632971389656,cluster_1_24:0)Node34:0,cluster_2_318:0.002556310734976791)Node33:0,cluster_3_1230:0)Node32:0,cluster_7_20:0.0006956624549028951)Node31:0,cluster_9_37:0.002573744114906568)Node30:0,cluster_10_52:0)Node29:0,cluster_15_22:0.005411937005155069)Node28:0,cluster_18_27:0)Node27:0.0007784275762512054,cluster_19_76:0)Node26:0,cluster_20_12:0.002528966107554652)Node25:0,cluster_23_46:0.03105648991532904)Node24:0,cluster_24_72:0.002544533688962637)Node23:0.002154309720176829,cluster_28_25:0.03807206244311852)Node22:0,cluster_29_15:0.002536780053528512)Node21:0,cluster_31_33:0.007326025988467984)Node20:0,cluster_36_156:0)Node19:0,cluster_43_154:0.002556974798522617)Node18:0,cluster_45_15:0.005146010683020064)Node17:0,cluster_51_16:0.007566024505226049)Node16:0,(cluster_57_17:0,cluster_61_51:0.02854092294846005)Node55:0)Node15:0,cluster_68_15:0.02754629154341909)Node14:0,cluster_76_32:0.002437905593987685)Node13:0,cluster_84_85:0.01016290650602637)Node12:0,(cluster_102_17:0.01457915359786077,cluster_105_12:0)Node61:0)Node11:0,cluster_114_12:0.00252139635959169)Node10:0,cluster_130_20:0)Node9:0,cluster_183_17:0.03744824224798212)Node8:0,cluster_233_14:0.03082888077113513)Node7:0,cluster_246_14:0.01032321846299807)Node6:0,cluster_257_13:0.005134442944133591)Node5:0,cluster_265_18:0.002556570441496691)Node4:0,cluster_317_13:0)Node3:0,cluster_333_13:0.002549536556795106)Node2:0,cluster_342_12:0.005197987915551626)Node1:0,cluster_370_15:0.02711011752741051,cluster_1212_42:0)"
  }, 
  "omega": 0.5102949112635123
 }, 
 "120-330": {
  "BranchLength": {
   "NS": 0.008772382145635636, 
   "S": 0.005496357623577367
  }, 
  "Diversity": {
   "NS": 0.01461538089026525, 
   "S": 0.009681737961341261
  }, 
  "Tree": {
   "Combined": "((((((((((cluster_0_3005:0.004820243817604945,cluster_3_76:0.01474711399040957)Node9:0,cluster_4_47:0.06540101185515959)Node8:0,cluster_5_33:0.01511383489198248)Node7:0,cluster_7_78:0.004590687389807258)Node6:0,cluster_8_139:0.004976129508184084)Node5:0.05807874385369228,cluster_10_37:0.01156665461970385)Node4:0.01260602398357354,cluster_13_136:0)Node3:0.004691847078012386,cluster_14_80:0.01427054703381873)Node2:0,cluster_15_41:0.009542746738114441)Node1:0.05313479272060035,cluster_24_77:0.02098599959061064,cluster_25_50:0.005117158082199006)", 
   "NS": "((((((((((cluster_0_3005:0.004820243817604945,cluster_3_76:0.01474711399040957)Node9:0,cluster_4_47:0.04052121853259257)Node8:0,cluster_5_33:0.01462522934112589)Node7:0,cluster_7_78:0)Node6:0,cluster_8_139:0.004976129508184084)Node5:0.03018413193016656,cluster_10_37:0)Node4:0.009748863742089589,cluster_13_136:0)Node3:0,cluster_14_80:0.009720841075116006)Node2:0,cluster_15_41:0.004850131495874961)Node1:0.02832681131040032,cluster_24_77:0.01658215223258485,cluster_25_50:0.005117158082199006)", 
   "S": "((((((((((cluster_0_3005:0,cluster_3_76:0)Node9:0,cluster_4_47:0.02487979332256699)Node8:0,cluster_5_33:0.0004886055508565823)Node7:0,cluster_7_78:0.004590687389807258)Node6:0,cluster_8_139:0)Node5:0.02789461192352569,cluster_10_37:0.01156665461970385)Node4:0.002857160241483958,cluster_13_136:0)Node3:0.004691847078012386,cluster_14_80:0.004549705958702716)Node2:0,cluster_15_41:0.00469261524223948)Node1:0.02480798141020001,cluster_24_77:0.004403847358025795,cluster_25_50:0)"
  }, 
  "omega": 0.4224587203742781
 }, 
 "150-360": {
  "BranchLength": {
   "NS": 0.01204286954551653, 
   "S": 0.006946105089518611
  }, 
  "Diversity": {
   "NS": 0.02229517792588091, 
   "S": 0.01022379662153781
  }, 
  "Tree": {
   "Combined": "((((((((((cluster_0_2884:0.001212951968829203,cluster_2_46:0.08377395041778851)Node9:0,cluster_5_78:0.004866410556199519)Node8:0,cluster_6_36:0.005037101881611055)Node7:0.04627311966731504,cluster_8_36:0.03814471826454532)Node6:0.004997926369841625,cluster_10_54:0.03179900065043702)Node5:0.03144263894264852,cluster_11_128:0.004974683179181278)Node4:0,cluster_12_79:0.01491986772607597)Node3:0.004977769499381541,cluster_13_41:0.004957581927196983)Node2:0.08503123975542383,cluster_20_52:0.005418483742761611)Node1:0,cluster_23_50:0.004678474400681769,cluster_24_48:0.02626254838581919)",