{
 "150-360": {
  "BranchLength": {
   "NS": 0, 
   "S": 0.005392965020169158
  }, 
  "Diversity": {
   "NS": 0, 
   "S": 0
  }, 
  "Tree": {
   "Combined": "(cluster_5_98:0.005392965020169158)", 
   "NS": "(cluster_5_98:0)", 
   "S": "(cluster_5_98:0.005392965020169158)"
  }, 
  "omega": 0
 }, 
 "159-552": {
  "BranchLength": {
   "NS": 0.0002830445098408095, 
   "S": 0.001232385681585301
  }, 
  "Diversity": {
   "NS": 0.00027498072311677, 
   "S": 0.003127259009285154
  }, 
  "Tree": {
   "Combined": "(((((((((((((cluster_0_3789:0,cluster_1_63:0.002779023645191103)Node12:0,cluster_2_14:0.0056318428006501)Node11:0.002754431109042048,cluster_3_91:0.002545906698376651)Node10:0,cluster_4_488:0)Node9:0.002753897946234735,cluster_5_120:0.005540832884179638)Node8:0,cluster_6_90:0.002753755608678593)Node7:0,cluster_7_24:0.002783021301943454)Node6:0,cluster_9_81:0.002551832008433984)Node5:0,cluster_12_135:0.005303865413552482)Node4:0,cluster_13_78:0)Node3:0,cluster_15_513:0.002759367580469001)Node2:0,cluster_18_26:0)Node1:0,cluster_21_38:0.002758838171753192,cluster_23_28:0)", 
   "NS": "(((((((((((((cluster_0_3789:0,cluster_1_63:0)Node12:0,cluster_2_14:0)Node11:0,cluster_3_91:0.002545906698376651)Node10:0,cluster_4_488:0)Node9:0,cluster_5_120:0)Node8:0,cluster_6_90:0)Node7:0,cluster_7_24:0)Node6:0,cluster_9_81:0.002551832008433984)Node5:0,cluster_12_135:0.002544463058891222)Node4:0,cluster_13_78:0)Node3:0,cluster_15_513:0)Node2:0,cluster_18_26:0)Node1:0,cluster_21_38:0,cluster_23_28:0)", 
   "S": "(((((((((((((cluster_0_3789:0,cluster_1_63:0.002779023645191103)Node12:0,cluster_2_14:0.0056318428006501)Node11:0.002754431109042048,cluster_3_91:0)Node10:0,cluster_4_488:0)Node9:0.002753897946234735,cluster_5_120:0.005540832884179638)Node8:0,cluster_6_90:0.002753755608678593)Node7:0,cluster_7_24:0.002783021301943454)Node6:0,cluster_9_81:0)Node5:0,cluster_12_135:0.002759402354661262)Node4:0,cluster_13_78:0)Node3:0,cluster_15_513:0.002759367580469001)Node2:0,cluster_18_26:0)Node1:0,cluster_21_38:0.002758838171753192,cluster_23_28:0)"
  }, 
  "omega": 0.09226111194683227
 }, 
 "180-390": {
  "BranchLength": {
   "NS": 0.0005134984882017089, 
   "S": 0.002105309849950037
  }, 
  "Diversity": {
   "NS": 0.0001701832216048075, 
   "S": 0.005213273200708933
  }, 
  "Tree": {
   "Combined": "(((((((((cluster_0_3697:0,cluster_1_179:0)Node8:0,cluster_2_37:0.005127487139344103)Node7:0.005037679813195718,cluster_4_618:0.00486078644395582)Node6:0,cluster_5_40:0.00488108995394859)Node5:0,cluster_8_50:0.004887628652032703)Node4:0.005038712150372062,cluster_10_60:0.005001421294137935)Node3:0,cluster_11_44:0.004868842623799766)Node2:0,cluster_12_162:0)Node1:0,cluster_14_354:0.00503767936926352,cluster_20_102:0.005016030984832965)", 
   "NS": "(((((((((cluster_0_3697:0,cluster_1_179:0)Node8:0,cluster_2_37:0)Node7:0,cluster_4_618:0)Node6:0,cluster_5_40:0)Node5:0,cluster_8_50:0.004887628652032703)Node4:0,cluster_10_60:0)Node3:0,cluster_11_44:0.004868842623799766)Node2:0,cluster_12_162:0)Node1:0,cluster_14_354:0,cluster_20_102:0)", 
   "S": "(((((((((cluster_0_3697:0,cluster_1_179:0)Node8:0,cluster_2_37:0.005127487139344103)Node7:0.005037679813195718,cluster_4_618:0.00486078644395582)Node6:0,cluster_5_40:0.00488108995394859)Node5:0,cluster_8_50:0)Node4:0.005038712150372062,cluster_10_60:0.005001421294137935)Node3:0,cluster_11_44:0)Node2:0,cluster_12_162:0)Node1:0,cluster_14_354:0.00503767936926352,cluster_20_102:0.005016030984832965)"
  }, 
  "omega": 0.08822400164558444
 }, 
 "210-420": {
  "BranchLength": {
   "NS": 0, 
   "S": 0.002330566855979912
  }, 
  "Diversity": {
   "NS": 0, 
   "S": 0.002238922491627714
  }, 
  "Tree": {
   "Combined": "((((cluster_0_3982:0,cluster_1_66:0.005274834728478734)Node3:0,cluster_3_413:0.005186132434762565)Node2:0,cluster_4_101:0.00523797526408297)Node1:0,cluster_8_205:0,cluster_10_719:0.005276159276494945)", 
   "NS": "((((cluster_0_3982:0,cluster_1_66:0)Node3:0,cluster_3_413:0)Node2:0,cluster_4_101:0)Node1:0,cluster_8_205:0,cluster_10_719:0)", 
   "S": "((((cluster_0_3982:0,cluster_1_66:0.005274834728478734)Node3:0,cluster_3_413:0.005186132434762565)Node2:0,cluster_4_101:0.00523797526408297)Node1:0,cluster_8_205:0,cluster_10_719:0.005276159276494945)"
  }, 
  "omega": 0
 }, 
 "240-450": {
  "BranchLength": {
   "NS": 0, 
   "S": 0.002247864924676375
  }, 
  "Diversity": {
   "NS": 0, 
   "S": 0.002694764384192484
  }, 
  "Tree": {
   "Combined": "((((cluster_0_3620:0,cluster_1_66:0.005073378394405259)Node3:0,cluster_3_851:0.005014566172401135)Node2:0,cluster_4_104:0.005057866698178252)Node1:0,cluster_8_195:0,cluster_10_659:0.005084973057102726)", 
   "NS": "((((cluster_0_3620:0,cluster_1_66:0)Node3:0,cluster_3_851:0)Node2:0,cluster_4_104:0)Node1:0,cluster_8_195:0,cluster_10_659:0)", 
   "S": "((((cluster_0_3620:0,cluster_1_66:0.005073378394405259)Node3:0,cluster_3_851:0.005014566172401135)Node2:0,cluster_4_104:0.005057866698178252)Node1:0,cluster_8_195:0,cluster_10_659:0.005084973057102726)"
  }, 
  "omega": 0
 }, 
 "270-480": {
  "BranchLength": {
   "NS": 0, 
   "S": 0.00237152256066196
  }, 
  "Diversity": {
   "NS": 0, 
   "S": 0.002621188780710014
  }, 
  "Tree": {
   "Combined": "((((cluster_0_3775:0,cluster_1_66:0.005348276055131257)Node3:0,cluster_3_577:0.005286424548256574)Node2:0,cluster_4_102:0.005344976623344956)Node1:0,cluster_8_198:0,cluster_10_780:0.005364025819224849)", 
   "NS": "((((cluster_0_3775:0,cluster_1_66:0)Node3:0,cluster_3_577:0)Node2:0,cluster_4_102:0)Node1:0,cluster_8_198:0,cluster_10_780:0)", 
   "S": "((((cluster_0_3775:0,cluster_1_66:0.005348276055131257)Node3:0,cluster_3_577:0.005286424548256574)Node2:0,cluster_4_102:0.005344976623344956)Node1:0,cluster_8_198:0,cluster_10_780:0.005364025819224849)"
  }, 
  "omega": 0
 }, 
 "300-510": {
  "BranchLength": {
   "NS": 0, 
   "S": 0.003257802673216089
  }, 
  "Diversity": {
   "NS": 0, 
   "S": 0.001426966598358681
  }, 
  "Tree": {
   "Combined": "(cluster_0_4586:0,cluster_1_68:0.004910546717946556,cluster_4_887:0.004862861301701713)", 
   "NS": "(cluster_0_4586:0,cluster_1_68:0,cluster_4_887:0)", 
   "S": "(cluster_0_4586:0,cluster_1_68:0.004910546717946556,cluster_4_887:0.004862861301701713)"
  }, 
  "omega": 0
 }, 
 "330-540": {
  "BranchLength": {
   "NS": 0, 
   "S": 0.005189004737666742
  }, 
  "Diversity": {
   "NS": 0, 
   "S": 0
  }, 
  "Tree": {
   "Combined": "(cluster_1_68:0.005189004737666742)", 
   "NS": "(cluster_1_68:0)", 
   "S": "(cluster_1_68:0.005189004737666742)"
  }, 
  "omega": 0
 }
}